This is pdfTeX, Version 3.141592653-2.6-1.40.27 (MiKTeX 25.4) (preloaded format=pdflatex 2025.11.16)  25 MAR 2026 09:30
entering extended mode
 restricted \write18 enabled.
 %&-line parsing enabled.
**./‰∫§Â∫ï‰π¶_pandoc.tex
(‰∫§Â∫ï‰π¶_pandoc.tex
LaTeX2e <2025-11-01>
L3 programming layer <2025-10-24>
(C:\Users\Lenovo\AppData\Local\Programs\MiKTeX\tex/latex/base\article.cls
Document Class: article 2025/01/22 v1.4n Standard LaTeX document class
(C:\Users\Lenovo\AppData\Local\Programs\MiKTeX\tex/latex/base\size12.clo
File: size12.clo 2025/01/22 v1.4n Standard LaTeX file (size option)
)
\c@part=\count275
\c@section=\count276
\c@subsection=\count277
\c@subsubsection=\count278
\c@paragraph=\count279
\c@subparagraph=\count280
\c@figure=\count281
\c@table=\count282
\abovecaptionskip=\skip49
\belowcaptionskip=\skip50
\bibindent=\dimen148
)
(C:\Users\Lenovo\AppData\Local\Programs\MiKTeX\tex/latex/ctex\ctex.sty
(C:\Users\Lenovo\AppData\Local\Programs\MiKTeX\tex/latex/l3kernel\expl3.sty
Package: expl3 2025-10-24 L3 programming layer (loader) 

(C:\Users\Lenovo\AppData\Local\Programs\MiKTeX\tex/latex/l3backend\l3backend-pd
ftex.def
File: l3backend-pdftex.def 2025-10-09 L3 backend support: PDF output (pdfTeX)
\l__color_backend_stack_int=\count283
))
Package: ctex 2022/07/14 v2.5.10 Chinese adapter in LaTeX (CTEX)

(C:\Users\Lenovo\AppData\Local\Programs\MiKTeX\tex/latex/ctex\ctexhook.sty
Package: ctexhook 2022/07/14 v2.5.10 Document and package hooks (CTEX)
)
(C:\Users\Lenovo\AppData\Local\Programs\MiKTeX\tex/latex/ctex\ctexpatch.sty
Package: ctexpatch 2022/07/14 v2.5.10 Patching commands (CTEX)
)
(C:\Users\Lenovo\AppData\Local\Programs\MiKTeX\tex/latex/base\fix-cm.sty
Package: fix-cm 2020/11/24 v1.1t fixes to LaTeX

(C:\Users\Lenovo\AppData\Local\Programs\MiKTeX\tex/latex/base\ts1enc.def
File: ts1enc.def 2001/06/05 v3.0e (jk/car/fm) Standard LaTeX file
LaTeX Font Info:    Redeclaring font encoding TS1 on input line 47.
LaTeX Encoding Info:    Redeclaring text command \capitalcedilla (encoding TS1)
 on input line 49.
LaTeX Encoding Info:    Redeclaring text command \capitalogonek (encoding TS1) 
on input line 52.
LaTeX Encoding Info:    Redeclaring text command \capitalgrave (encoding TS1) o
n input line 55.
LaTeX Encoding Info:    Redeclaring text command \capitalacute (encoding TS1) o
n input line 56.
LaTeX Encoding Info:    Redeclaring text command \capitalcircumflex (encoding T
S1) on input line 57.
LaTeX Encoding Info:    Redeclaring text command \capitaltilde (encoding TS1) o
n input line 58.
LaTeX Encoding Info:    Redeclaring text command \capitaldieresis (encoding TS1
) on input line 59.
LaTeX Encoding Info:    Redeclaring text command \capitalhungarumlaut (encoding
 TS1) on input line 60.
LaTeX Encoding Info:    Redeclaring text command \capitalring (encoding TS1) on
 input line 61.
LaTeX Encoding Info:    Redeclaring text command \capitalcaron (encoding TS1) o
n input line 62.
LaTeX Encoding Info:    Redeclaring text command \capitalbreve (encoding TS1) o
n input line 63.
LaTeX Encoding Info:    Redeclaring text command \capitalmacron (encoding TS1) 
on input line 64.
LaTeX Encoding Info:    Redeclaring text command \capitaldotaccent (encoding TS
1) on input line 65.
LaTeX Encoding Info:    Redeclaring text command \t (encoding TS1) on input lin
e 66.
LaTeX Encoding Info:    Redeclaring text command \capitaltie (encoding TS1) on 
input line 67.
LaTeX Encoding Info:    Redeclaring text command \newtie (encoding TS1) on inpu
t line 68.
LaTeX Encoding Info:    Redeclaring text command \capitalnewtie (encoding TS1) 
on input line 69.
LaTeX Encoding Info:    Redeclaring text symbol \textcapitalcompwordmark (encod
ing TS1) on input line 70.
LaTeX Encoding Info:    Redeclaring text symbol \textascendercompwordmark (enco
ding TS1) on input line 71.
LaTeX Encoding Info:    Redeclaring text symbol \textquotestraightbase (encodin
g TS1) on input line 72.
LaTeX Encoding Info:    Redeclaring text symbol \textquotestraightdblbase (enco
ding TS1) on input line 73.
LaTeX Encoding Info:    Redeclaring text symbol \texttwelveudash (encoding TS1)
 on input line 74.
LaTeX Encoding Info:    Redeclaring text symbol \textthreequartersemdash (encod
ing TS1) on input line 75.
LaTeX Encoding Info:    Redeclaring text symbol \textleftarrow (encoding TS1) o
n input line 76.
LaTeX Encoding Info:    Redeclaring text symbol \textrightarrow (encoding TS1) 
on input line 77.
LaTeX Encoding Info:    Redeclaring text symbol \textblank (encoding TS1) on in
put line 78.
LaTeX Encoding Info:    Redeclaring text symbol \textdollar (encoding TS1) on i
nput line 79.
LaTeX Encoding Info:    Redeclaring text symbol \textquotesingle (encoding TS1)
 on input line 80.
LaTeX Encoding Info:    Redeclaring text command \textasteriskcentered (encodin
g TS1) on input line 81.
LaTeX Encoding Info:    Redeclaring text symbol \textdblhyphen (encoding TS1) o
n input line 92.
LaTeX Encoding Info:    Redeclaring text symbol \textfractionsolidus (encoding 
TS1) on input line 93.
LaTeX Encoding Info:    Redeclaring text symbol \textzerooldstyle (encoding TS1
) on input line 94.
LaTeX Encoding Info:    Redeclaring text symbol \textoneoldstyle (encoding TS1)
 on input line 95.
LaTeX Encoding Info:    Redeclaring text symbol \texttwooldstyle (encoding TS1)
 on input line 96.
LaTeX Encoding Info:    Redeclaring text symbol \textthreeoldstyle (encoding TS
1) on input line 97.
LaTeX Encoding Info:    Redeclaring text symbol \textfouroldstyle (encoding TS1
) on input line 98.
LaTeX Encoding Info:    Redeclaring text symbol \textfiveoldstyle (encoding TS1
) on input line 99.
LaTeX Encoding Info:    Redeclaring text symbol \textsixoldstyle (encoding TS1)
 on input line 100.
LaTeX Encoding Info:    Redeclaring text symbol \textsevenoldstyle (encoding TS
1) on input line 101.
LaTeX Encoding Info:    Redeclaring text symbol \texteightoldstyle (encoding TS
1) on input line 102.
LaTeX Encoding Info:    Redeclaring text symbol \textnineoldstyle (encoding TS1
) on input line 103.
LaTeX Encoding Info:    Redeclaring text symbol \textlangle (encoding TS1) on i
nput line 104.
LaTeX Encoding Info:    Redeclaring text symbol \textminus (encoding TS1) on in
put line 105.
LaTeX Encoding Info:    Redeclaring text symbol \textrangle (encoding TS1) on i
nput line 106.
LaTeX Encoding Info:    Redeclaring text symbol \textmho (encoding TS1) on inpu
t line 107.
LaTeX Encoding Info:    Redeclaring text symbol \textbigcircle (encoding TS1) o
n input line 108.
LaTeX Encoding Info:    Redeclaring text command \textcircled (encoding TS1) on
 input line 109.
LaTeX Encoding Info:    Redeclaring text symbol \textohm (encoding TS1) on inpu
t line 115.
LaTeX Encoding Info:    Redeclaring text symbol \textlbrackdbl (encoding TS1) o
n input line 116.
LaTeX Encoding Info:    Redeclaring text symbol \textrbrackdbl (encoding TS1) o
n input line 117.
LaTeX Encoding Info:    Redeclaring text symbol \textuparrow (encoding TS1) on 
input line 118.
LaTeX Encoding Info:    Redeclaring text symbol \textdownarrow (encoding TS1) o
n input line 119.
LaTeX Encoding Info:    Redeclaring text symbol \textasciigrave (encoding TS1) 
on input line 120.
LaTeX Encoding Info:    Redeclaring text symbol \textborn (encoding TS1) on inp
ut line 121.
LaTeX Encoding Info:    Redeclaring text symbol \textdivorced (encoding TS1) on
 input line 122.
LaTeX Encoding Info:    Redeclaring text symbol \textdied (encoding TS1) on inp
ut line 123.
LaTeX Encoding Info:    Redeclaring text symbol \textleaf (encoding TS1) on inp
ut line 124.
LaTeX Encoding Info:    Redeclaring text symbol \textmarried (encoding TS1) on 
input line 125.
LaTeX Encoding Info:    Redeclaring text symbol \textmusicalnote (encoding TS1)
 on input line 126.
LaTeX Encoding Info:    Redeclaring text symbol \texttildelow (encoding TS1) on
 input line 127.
LaTeX Encoding Info:    Redeclaring text symbol \textdblhyphenchar (encoding TS
1) on input line 128.
LaTeX Encoding Info:    Redeclaring text symbol \textasciibreve (encoding TS1) 
on input line 129.
LaTeX Encoding Info:    Redeclaring text symbol \textasciicaron (encoding TS1) 
on input line 130.
LaTeX Encoding Info:    Redeclaring text symbol \textacutedbl (encoding TS1) on
 input line 131.
LaTeX Encoding Info:    Redeclaring text symbol \textgravedbl (encoding TS1) on
 input line 132.
LaTeX Encoding Info:    Redeclaring text symbol \textdagger (encoding TS1) on i
nput line 133.
LaTeX Encoding Info:    Redeclaring text symbol \textdaggerdbl (encoding TS1) o
n input line 134.
LaTeX Encoding Info:    Redeclaring text symbol \textbardbl (encoding TS1) on i
nput line 135.
LaTeX Encoding Info:    Redeclaring text symbol \textperthousand (encoding TS1)
 on input line 136.
LaTeX Encoding Info:    Redeclaring text symbol \textbullet (encoding TS1) on i
nput line 137.
LaTeX Encoding Info:    Redeclaring text symbol \textcelsius (encoding TS1) on 
input line 138.
LaTeX Encoding Info:    Redeclaring text symbol \textdollaroldstyle (encoding T
S1) on input line 139.
LaTeX Encoding Info:    Redeclaring text symbol \textcentoldstyle (encoding TS1
) on input line 140.
LaTeX Encoding Info:    Redeclaring text symbol \textflorin (encoding TS1) on i
nput line 141.
LaTeX Encoding Info:    Redeclaring text symbol \textcolonmonetary (encoding TS
1) on input line 142.
LaTeX Encoding Info:    Redeclaring text symbol \textwon (encoding TS1) on inpu
t line 143.
LaTeX Encoding Info:    Redeclaring text symbol \textnaira (encoding TS1) on in
put line 144.
LaTeX Encoding Info:    Redeclaring text symbol \textguarani (encoding TS1) on 
input line 145.
LaTeX Encoding Info:    Redeclaring text symbol \textpeso (encoding TS1) on inp
ut line 146.
LaTeX Encoding Info:    Redeclaring text symbol \textlira (encoding TS1) on inp
ut line 147.
LaTeX Encoding Info:    Redeclaring text symbol \textrecipe (encoding TS1) on i
nput line 148.
LaTeX Encoding Info:    Redeclaring text symbol \textinterrobang (encoding TS1)
 on input line 149.
LaTeX Encoding Info:    Redeclaring text symbol \textinterrobangdown (encoding 
TS1) on input line 150.
LaTeX Encoding Info:    Redeclaring text symbol \textdong (encoding TS1) on inp
ut line 151.
LaTeX Encoding Info:    Redeclaring text symbol \texttrademark (encoding TS1) o
n input line 152.
LaTeX Encoding Info:    Redeclaring text symbol \textpertenthousand (encoding T
S1) on input line 153.
LaTeX Encoding Info:    Redeclaring text symbol \textpilcrow (encoding TS1) on 
input line 154.
LaTeX Encoding Info:    Redeclaring text symbol \textbaht (encoding TS1) on inp
ut line 155.
LaTeX Encoding Info:    Redeclaring text symbol \textnumero (encoding TS1) on i
nput line 156.
LaTeX Encoding Info:    Redeclaring text symbol \textdiscount (encoding TS1) on
 input line 157.
LaTeX Encoding Info:    Redeclaring text symbol \textestimated (encoding TS1) o
n input line 158.
LaTeX Encoding Info:    Redeclaring text symbol \textopenbullet (encoding TS1) 
on input line 159.
LaTeX Encoding Info:    Redeclaring text symbol \textservicemark (encoding TS1)
 on input line 160.
LaTeX Encoding Info:    Redeclaring text symbol \textlquill (encoding TS1) on i
nput line 161.
LaTeX Encoding Info:    Redeclaring text symbol \textrquill (encoding TS1) on i
nput line 162.
LaTeX Encoding Info:    Redeclaring text symbol \textcent (encoding TS1) on inp
ut line 163.
LaTeX Encoding Info:    Redeclaring text symbol \textsterling (encoding TS1) on
 input line 164.
LaTeX Encoding Info:    Redeclaring text symbol \textcurrency (encoding TS1) on
 input line 165.
LaTeX Encoding Info:    Redeclaring text symbol \textyen (encoding TS1) on inpu
t line 166.
LaTeX Encoding Info:    Redeclaring text symbol \textbrokenbar (encoding TS1) o
n input line 167.
LaTeX Encoding Info:    Redeclaring text symbol \textsection (encoding TS1) on 
input line 168.
LaTeX Encoding Info:    Redeclaring text symbol \textasciidieresis (encoding TS
1) on input line 169.
LaTeX Encoding Info:    Redeclaring text symbol \textcopyright (encoding TS1) o
n input line 170.
LaTeX Encoding Info:    Redeclaring text symbol \textordfeminine (encoding TS1)
 on input line 171.
LaTeX Encoding Info:    Redeclaring text symbol \textcopyleft (encoding TS1) on
 input line 172.
LaTeX Encoding Info:    Redeclaring text symbol \textlnot (encoding TS1) on inp
ut line 173.
LaTeX Encoding Info:    Redeclaring text symbol \textcircledP (encoding TS1) on
 input line 174.
LaTeX Encoding Info:    Redeclaring text symbol \textregistered (encoding TS1) 
on input line 175.
LaTeX Encoding Info:    Redeclaring text symbol \textasciimacron (encoding TS1)
 on input line 176.
LaTeX Encoding Info:    Redeclaring text symbol \textdegree (encoding TS1) on i
nput line 177.
LaTeX Encoding Info:    Redeclaring text symbol \textpm (encoding TS1) on input
 line 178.
LaTeX Encoding Info:    Redeclaring text symbol \texttwosuperior (encoding TS1)
 on input line 179.
LaTeX Encoding Info:    Redeclaring text symbol \textthreesuperior (encoding TS
1) on input line 180.
LaTeX Encoding Info:    Redeclaring text symbol \textasciiacute (encoding TS1) 
on input line 181.
LaTeX Encoding Info:    Redeclaring text symbol \textmu (encoding TS1) on input
 line 182.
LaTeX Encoding Info:    Redeclaring text symbol \textparagraph (encoding TS1) o
n input line 183.
LaTeX Encoding Info:    Redeclaring text symbol \textperiodcentered (encoding T
S1) on input line 184.
LaTeX Encoding Info:    Redeclaring text symbol \textreferencemark (encoding TS
1) on input line 185.
LaTeX Encoding Info:    Redeclaring text symbol \textonesuperior (encoding TS1)
 on input line 186.
LaTeX Encoding Info:    Redeclaring text symbol \textordmasculine (encoding TS1
) on input line 187.
LaTeX Encoding Info:    Redeclaring text symbol \textsurd (encoding TS1) on inp
ut line 188.
LaTeX Encoding Info:    Redeclaring text symbol \textonequarter (encoding TS1) 
on input line 189.
LaTeX Encoding Info:    Redeclaring text symbol \textonehalf (encoding TS1) on 
input line 190.
LaTeX Encoding Info:    Redeclaring text symbol \textthreequarters (encoding TS
1) on input line 191.
LaTeX Encoding Info:    Redeclaring text symbol \texteuro (encoding TS1) on inp
ut line 192.
LaTeX Encoding Info:    Redeclaring text symbol \texttimes (encoding TS1) on in
put line 193.
LaTeX Encoding Info:    Redeclaring text symbol \textdiv (encoding TS1) on inpu
t line 194.
))
\l__ctex_tmp_int=\count284
\l__ctex_tmp_box=\box53
\l__ctex_tmp_dim=\dimen149
\g__ctex_section_depth_int=\count285
\g__ctex_font_size_int=\count286

(C:\Users\Lenovo\AppData\Local\Programs\MiKTeX\tex/latex/ctex/config\ctexopts.c
fg
File: ctexopts.cfg 2022/07/14 v2.5.10 Option configuration file (CTEX)
)
(C:\Users\Lenovo\AppData\Local\Programs\MiKTeX\tex/latex/ctex/engine\ctex-engin
e-pdftex.def
File: ctex-engine-pdftex.def 2022/07/14 v2.5.10 (pdf)LaTeX adapter (CTEX)

(C:\Users\Lenovo\AppData\Local\Programs\MiKTeX\tex/latex/cjk\CJKutf8.sty
Package: CJKutf8 2021/10/16 4.8.5

(C:\Users\Lenovo\AppData\Local\Programs\MiKTeX\tex/generic/iftex\ifpdf.sty
Package: ifpdf 2019/10/25 v3.4 ifpdf legacy package. Use iftex instead.

(C:\Users\Lenovo\AppData\Local\Programs\MiKTeX\tex/generic/iftex\iftex.sty
Package: iftex 2024/12/12 v1.0g TeX engine tests
))
(C:\Users\Lenovo\AppData\Local\Programs\MiKTeX\tex/latex/base\inputenc.sty
Package: inputenc 2024/02/08 v1.3d Input encoding file
\inpenc@prehook=\toks17
\inpenc@posthook=\toks18
)
(C:\Users\Lenovo\AppData\Local\Programs\MiKTeX\tex/latex/cjk\CJK.sty
Package: CJK 2021/10/16 4.8.5

(C:\Users\Lenovo\AppData\Local\Programs\MiKTeX\tex/latex/cjk/mule\MULEenc.sty
Package: MULEenc 2021/10/16 4.8.5
)
(C:\Users\Lenovo\AppData\Local\Programs\MiKTeX\tex/latex/cjk\CJK.enc
File: CJK.enc 2021/10/16 4.8.5
Now handling font encoding C00 ...
... no UTF-8 mapping file for font encoding C00
Now handling font encoding C05 ...
... no UTF-8 mapping file for font encoding C05
Now handling font encoding C09 ...
... no UTF-8 mapping file for font encoding C09
Now handling font encoding C10 ...
... no UTF-8 mapping file for font encoding C10
Now handling font encoding C20 ...
... no UTF-8 mapping file for font encoding C20
Now handling font encoding C19 ...
... no UTF-8 mapping file for font encoding C19
Now handling font encoding C40 ...
... no UTF-8 mapping file for font encoding C40
Now handling font encoding C42 ...
... no UTF-8 mapping file for font encoding C42
Now handling font encoding C43 ...
... no UTF-8 mapping file for font encoding C43
Now handling font encoding C50 ...
... no UTF-8 mapping file for font encoding C50
Now handling font encoding C52 ...
... no UTF-8 mapping file for font encoding C52
Now handling font encoding C49 ...
... no UTF-8 mapping file for font encoding C49
Now handling font encoding C60 ...
... no UTF-8 mapping file for font encoding C60
Now handling font encoding C61 ...
... no UTF-8 mapping file for font encoding C61
Now handling font encoding C63 ...
... no UTF-8 mapping file for font encoding C63
Now handling font encoding C64 ...
... no UTF-8 mapping file for font encoding C64
Now handling font encoding C65 ...
... no UTF-8 mapping file for font encoding C65
Now handling font encoding C70 ...
... no UTF-8 mapping file for font encoding C70
Now handling font encoding C31 ...
... no UTF-8 mapping file for font encoding C31
Now handling font encoding C32 ...
... no UTF-8 mapping file for font encoding C32
Now handling font encoding C33 ...
... no UTF-8 mapping file for font encoding C33
Now handling font encoding C34 ...
... no UTF-8 mapping file for font encoding C34
Now handling font encoding C35 ...
... no UTF-8 mapping file for font encoding C35
Now handling font encoding C36 ...
... no UTF-8 mapping file for font encoding C36
Now handling font encoding C37 ...
... no UTF-8 mapping file for font encoding C37
Now handling font encoding C80 ...
... no UTF-8 mapping file for font encoding C80
Now handling font encoding C81 ...
... no UTF-8 mapping file for font encoding C81
Now handling font encoding C01 ...
... no UTF-8 mapping file for font encoding C01
Now handling font encoding C11 ...
... no UTF-8 mapping file for font encoding C11
Now handling font encoding C21 ...
... no UTF-8 mapping file for font encoding C21
Now handling font encoding C41 ...
... no UTF-8 mapping file for font encoding C41
Now handling font encoding C62 ...
... no UTF-8 mapping file for font encoding C62
)
\CJK@indent=\box54
)
(C:\Users\Lenovo\AppData\Local\Programs\MiKTeX\tex/latex/base\fontenc.sty
Package: fontenc 2025/07/18 v2.1d Standard LaTeX package
))
(C:\Users\Lenovo\AppData\Local\Programs\MiKTeX\tex/latex/cjkpunct\CJKpunct.sty
Package: CJKpunct 2016/05/14 4.8.4
\CJKpunct@cnta=\count287
\CJKpunct@cntb=\count288
\CJKpunct@cntc=\count289
\CJKpunct@cntd=\count290
\CJKpunct@cnte=\count291
   defining Unicode char U+2018 (decimal 8216)
   defining Unicode char U+2019 (decimal 8217)
   defining Unicode char U+201C (decimal 8220)
   defining Unicode char U+201D (decimal 8221)
   defining Unicode char U+2014 (decimal 8212)
   defining Unicode char U+2026 (decimal 8230)

(C:\Users\Lenovo\AppData\Local\Programs\MiKTeX\tex/latex/cjkpunct\CJKpunct.spa)
) (C:\Users\Lenovo\AppData\Local\Programs\MiKTeX\tex/latex/cjk\CJKspace.sty
Package: CJKspace 2021/10/16 3.8.0
)
(C:\Users\Lenovo\AppData\Local\Programs\MiKTeX\tex/latex/cjk/UTF8\UTF8.bdg
File: UTF8.bdg 2021/10/16 4.8.5
)
(C:\Users\Lenovo\AppData\Local\Programs\MiKTeX\tex/latex/ctex\ctexspa.def
File: ctexspa.def 2022/07/14 v2.5.10 Space info for CJKpunct (CTEX)
)
\ccwd=\dimen150
\l__ctex_ccglue_skip=\skip51
)
\l__ctex_ziju_dim=\dimen151

(C:\Users\Lenovo\AppData\Local\Programs\MiKTeX\tex/latex/zhnumber\zhnumber.sty
Package: zhnumber 2022/07/14 v3.0 Typesetting numbers with Chinese glyphs
\l__zhnum_scale_int=\count292
\l__zhnum_tmp_int=\count293

(C:\Users\Lenovo\AppData\Local\Programs\MiKTeX\tex/latex/zhnumber\zhnumber-utf8
.cfg
File: zhnumber-utf8.cfg 2022/07/14 v3.0 Chinese numerals with UTF8 encoding
))
(C:\Users\Lenovo\AppData\Local\Programs\MiKTeX\tex/latex/ctex/heading\ctex-head
ing-article.def
File: ctex-article.def 2022/07/14 v2.5.10 Heading modification for article (CTE
X)
\l__ctex_heading_skip=\skip52

(C:\Users\Lenovo\AppData\Local\Programs\MiKTeX\tex/latex/ctex/scheme\ctex-schem
e-chinese-article.def
File: ctex-scheme-chinese-article.def 2022/07/14 v2.5.10 Chinese scheme for art
icle (CTEX)

(C:\Users\Lenovo\AppData\Local\Programs\MiKTeX\tex/latex/ctex/config\ctex-name-
utf8.cfg
File: ctex-name-utf8.cfg 2022/07/14 v2.5.10 Caption with encoding UTF-8 (CTEX)
)))
(C:\Users\Lenovo\AppData\Local\Programs\MiKTeX\tex/latex/ctex/fontset\ctex-font
set-windows.def
File: ctex-fontset-windows.def 2022/07/14 v2.5.10 Windows fonts definition (CTE
X)
))
(C:\Users\Lenovo\AppData\Local\Programs\MiKTeX\tex/latex/ctex/config\ctex.cfg
File: ctex.cfg 2022/07/14 v2.5.10 Configuration file (CTEX)
)
(C:\Users\Lenovo\AppData\Local\Programs\MiKTeX\tex/latex/geometry\geometry.sty
Package: geometry 2020/01/02 v5.9 Page Geometry

(C:\Users\Lenovo\AppData\Local\Programs\MiKTeX\tex/latex/graphics\keyval.sty
Package: keyval 2022/05/29 v1.15 key=value parser (DPC)
\KV@toks@=\toks19
)
(C:\Users\Lenovo\AppData\Local\Programs\MiKTeX\tex/generic/iftex\ifvtex.sty
Package: ifvtex 2019/10/25 v1.7 ifvtex legacy package. Use iftex instead.
)
\Gm@cnth=\count294
\Gm@cntv=\count295
\c@Gm@tempcnt=\count296
\Gm@bindingoffset=\dimen152
\Gm@wd@mp=\dimen153
\Gm@odd@mp=\dimen154
\Gm@even@mp=\dimen155
\Gm@layoutwidth=\dimen156
\Gm@layoutheight=\dimen157
\Gm@layouthoffset=\dimen158
\Gm@layoutvoffset=\dimen159
\Gm@dimlist=\toks20

(C:\Users\Lenovo\AppData\Local\Programs\MiKTeX\tex/latex/geometry\geometry.cfg)
) (C:\Users\Lenovo\AppData\Local\Programs\MiKTeX\tex/latex/amsmath\amsmath.sty
Package: amsmath 2025/07/09 v2.17z AMS math features
\@mathmargin=\skip53

For additional information on amsmath, use the `?' option.
(C:\Users\Lenovo\AppData\Local\Programs\MiKTeX\tex/latex/amsmath\amstext.sty
Package: amstext 2024/11/17 v2.01 AMS text

(C:\Users\Lenovo\AppData\Local\Programs\MiKTeX\tex/latex/amsmath\amsgen.sty
File: amsgen.sty 1999/11/30 v2.0 generic functions
\@emptytoks=\toks21
\ex@=\dimen160
))
(C:\Users\Lenovo\AppData\Local\Programs\MiKTeX\tex/latex/amsmath\amsbsy.sty
Package: amsbsy 1999/11/29 v1.2d Bold Symbols
\pmbraise@=\dimen161
)
(C:\Users\Lenovo\AppData\Local\Programs\MiKTeX\tex/latex/amsmath\amsopn.sty
Package: amsopn 2022/04/08 v2.04 operator names
)
\inf@bad=\count297
LaTeX Info: Redefining \frac on input line 233.
\uproot@=\count298
\leftroot@=\count299
LaTeX Info: Redefining \overline on input line 398.
LaTeX Info: Redefining \colon on input line 409.
\classnum@=\count300
\DOTSCASE@=\count301
LaTeX Info: Redefining \ldots on input line 495.
LaTeX Info: Redefining \dots on input line 498.
LaTeX Info: Redefining \cdots on input line 619.
\Mathstrutbox@=\box55
\strutbox@=\box56
LaTeX Info: Redefining \big on input line 721.
LaTeX Info: Redefining \Big on input line 722.
LaTeX Info: Redefining \bigg on input line 723.
LaTeX Info: Redefining \Bigg on input line 724.
\big@size=\dimen162
LaTeX Font Info:    Redeclaring font encoding OML on input line 742.
LaTeX Font Info:    Redeclaring font encoding OMS on input line 743.
\macc@depth=\count302
LaTeX Info: Redefining \bmod on input line 904.
LaTeX Info: Redefining \pmod on input line 909.
LaTeX Info: Redefining \smash on input line 939.
LaTeX Info: Redefining \relbar on input line 969.
LaTeX Info: Redefining \Relbar on input line 970.
\c@MaxMatrixCols=\count303
\dotsspace@=\muskip17
\c@parentequation=\count304
\dspbrk@lvl=\count305
\tag@help=\toks22
\row@=\count306
\column@=\count307
\maxfields@=\count308
\andhelp@=\toks23
\eqnshift@=\dimen163
\alignsep@=\dimen164
\tagshift@=\dimen165
\tagwidth@=\dimen166
\totwidth@=\dimen167
\lineht@=\dimen168
\@envbody=\toks24
\multlinegap=\skip54
\multlinetaggap=\skip55
\mathdisplay@stack=\toks25
LaTeX Info: Redefining \[ on input line 2950.
LaTeX Info: Redefining \] on input line 2951.
)
(C:\Users\Lenovo\AppData\Local\Programs\MiKTeX\tex/latex/amsfonts\amssymb.sty
Package: amssymb 2013/01/14 v3.01 AMS font symbols

(C:\Users\Lenovo\AppData\Local\Programs\MiKTeX\tex/latex/amsfonts\amsfonts.sty
Package: amsfonts 2013/01/14 v3.01 Basic AMSFonts support
\symAMSa=\mathgroup4
\symAMSb=\mathgroup5
LaTeX Font Info:    Redeclaring math symbol \hbar on input line 98.
LaTeX Font Info:    Overwriting math alphabet `\mathfrak' in version `bold'
(Font)                  U/euf/m/n --> U/euf/b/n on input line 106.
)) (C:\Users\Lenovo\AppData\Local\Programs\MiKTeX\tex/latex/amscls\amsthm.sty
Package: amsthm 2020/05/29 v2.20.6
\thm@style=\toks26
\thm@bodyfont=\toks27
\thm@headfont=\toks28
\thm@notefont=\toks29
\thm@headpunct=\toks30
\thm@preskip=\skip56
\thm@postskip=\skip57
\thm@headsep=\skip58
\dth@everypar=\toks31
)
(C:\Users\Lenovo\AppData\Local\Programs\MiKTeX\tex/latex/graphics\graphicx.sty
Package: graphicx 2024/12/31 v1.2e Enhanced LaTeX Graphics (DPC,SPQR)

(C:\Users\Lenovo\AppData\Local\Programs\MiKTeX\tex/latex/graphics\graphics.sty
Package: graphics 2024/08/06 v1.4g Standard LaTeX Graphics (DPC,SPQR)

(C:\Users\Lenovo\AppData\Local\Programs\MiKTeX\tex/latex/graphics\trig.sty
Package: trig 2023/12/02 v1.11 sin cos tan (DPC)
)
(C:\Users\Lenovo\AppData\Local\Programs\MiKTeX\tex/latex/graphics-cfg\graphics.
cfg
File: graphics.cfg 2016/06/04 v1.11 sample graphics configuration
)
Package graphics Info: Driver file: pdftex.def on input line 106.

(C:\Users\Lenovo\AppData\Local\Programs\MiKTeX\tex/latex/graphics-def\pdftex.de
f
File: pdftex.def 2025/09/29 v1.2d Graphics/color driver for pdftex
))
\Gin@req@height=\dimen169
\Gin@req@width=\dimen170
)
(C:\Users\Lenovo\AppData\Local\Programs\MiKTeX\tex/latex/booktabs\booktabs.sty
Package: booktabs 2020/01/12 v1.61803398 Publication quality tables
\heavyrulewidth=\dimen171
\lightrulewidth=\dimen172
\cmidrulewidth=\dimen173
\belowrulesep=\dimen174
\belowbottomsep=\dimen175
\aboverulesep=\dimen176
\abovetopsep=\dimen177
\cmidrulesep=\dimen178
\cmidrulekern=\dimen179
\defaultaddspace=\dimen180
\@cmidla=\count309
\@cmidlb=\count310
\@aboverulesep=\dimen181
\@belowrulesep=\dimen182
\@thisruleclass=\count311
\@lastruleclass=\count312
\@thisrulewidth=\dimen183
) (C:\Users\Lenovo\AppData\Local\Programs\MiKTeX\tex/latex/tools\longtable.sty
Package: longtable 2025-10-13 v4.24 Multi-page Table package (DPC)
\LTleft=\skip59
\LTright=\skip60
\LTpre=\skip61
\LTpost=\skip62
\LTchunksize=\count313
\LTcapwidth=\dimen184
\LT@head=\box57
\LT@firsthead=\box58
\LT@foot=\box59
\LT@lastfoot=\box60
\LT@gbox=\box61
\LT@cols=\count314
\LT@rows=\count315
\c@LT@tables=\count316
\c@LT@chunks=\count317
\LT@p@ftn=\toks32
)
(C:\Users\Lenovo\AppData\Local\Programs\MiKTeX\tex/latex/tools\array.sty
Package: array 2025/09/25 v2.6n Tabular extension package (FMi)
\col@sep=\dimen185
\ar@mcellbox=\box62
\extrarowheight=\dimen186
\NC@list=\toks33
\extratabsurround=\skip63
\backup@length=\skip64
\ar@cellbox=\box63
)
(C:\Users\Lenovo\AppData\Local\Programs\MiKTeX\tex/latex/multirow\multirow.sty
Package: multirow 2024/11/12 v2.9 Span multiple rows of a table
\multirow@colwidth=\skip65
\multirow@cntb=\count318
\multirow@dima=\skip66
\bigstrutjot=\dimen187
) (C:\Users\Lenovo\AppData\Local\Programs\MiKTeX\tex/latex/enumitem\enumitem.st
y
Package: enumitem 2025/02/06 v3.11 Customized lists
\labelindent=\skip67
\enit@outerparindent=\dimen188
\enit@toks=\toks34
\enit@inbox=\box64
\enit@count@id=\count319
\enitdp@description=\count320
)
(C:\Users\Lenovo\AppData\Local\Programs\MiKTeX\tex/latex/hyperref\hyperref.sty
Package: hyperref 2025-07-12 v7.01o Hypertext links for LaTeX

(C:\Users\Lenovo\AppData\Local\Programs\MiKTeX\tex/latex/kvsetkeys\kvsetkeys.st
y
Package: kvsetkeys 2022-10-05 v1.19 Key value parser (HO)
)
(C:\Users\Lenovo\AppData\Local\Programs\MiKTeX\tex/generic/kvdefinekeys\kvdefin
ekeys.sty
Package: kvdefinekeys 2019-12-19 v1.6 Define keys (HO)
)
(C:\Users\Lenovo\AppData\Local\Programs\MiKTeX\tex/generic/pdfescape\pdfescape.
sty
Package: pdfescape 2019/12/09 v1.15 Implements pdfTeX's escape features (HO)

(C:\Users\Lenovo\AppData\Local\Programs\MiKTeX\tex/generic/ltxcmds\ltxcmds.sty
Package: ltxcmds 2023-12-04 v1.26 LaTeX kernel commands for general use (HO)
)
(C:\Users\Lenovo\AppData\Local\Programs\MiKTeX\tex/generic/pdftexcmds\pdftexcmd
s.sty
Package: pdftexcmds 2020-06-27 v0.33 Utility functions of pdfTeX for LuaTeX (HO
)

(C:\Users\Lenovo\AppData\Local\Programs\MiKTeX\tex/generic/infwarerr\infwarerr.
sty
Package: infwarerr 2019/12/03 v1.5 Providing info/warning/error messages (HO)
)
Package pdftexcmds Info: \pdf@primitive is available.
Package pdftexcmds Info: \pdf@ifprimitive is available.
Package pdftexcmds Info: \pdfdraftmode found.
))
(C:\Users\Lenovo\AppData\Local\Programs\MiKTeX\tex/latex/hycolor\hycolor.sty
Package: hycolor 2020-01-27 v1.10 Color options for hyperref/bookmark (HO)
)
(C:\Users\Lenovo\AppData\Local\Programs\MiKTeX\tex/latex/hyperref\nameref.sty
Package: nameref 2025-06-21 v2.57 Cross-referencing by name of section

(C:\Users\Lenovo\AppData\Local\Programs\MiKTeX\tex/latex/refcount\refcount.sty
Package: refcount 2019/12/15 v3.6 Data extraction from label references (HO)
)
(C:\Users\Lenovo\AppData\Local\Programs\MiKTeX\tex/generic/gettitlestring\getti
tlestring.sty
Package: gettitlestring 2019/12/15 v1.6 Cleanup title references (HO)

(C:\Users\Lenovo\AppData\Local\Programs\MiKTeX\tex/latex/kvoptions\kvoptions.st
y
Package: kvoptions 2022-06-15 v3.15 Key value format for package options (HO)
))
\c@section@level=\count321
)
(C:\Users\Lenovo\AppData\Local\Programs\MiKTeX\tex/latex/etoolbox\etoolbox.sty
Package: etoolbox 2025/10/02 v2.5m e-TeX tools for LaTeX (JAW)
\etb@tempcnta=\count322
)
(C:\Users\Lenovo\AppData\Local\Programs\MiKTeX\tex/generic/stringenc\stringenc.
sty
Package: stringenc 2019/11/29 v1.12 Convert strings between diff. encodings (HO
)
)
\@linkdim=\dimen189
\Hy@linkcounter=\count323
\Hy@pagecounter=\count324

(C:\Users\Lenovo\AppData\Local\Programs\MiKTeX\tex/latex/hyperref\pd1enc.def
File: pd1enc.def 2025-07-12 v7.01o Hyperref: PDFDocEncoding definition (HO)
Now handling font encoding PD1 ...
... no UTF-8 mapping file for font encoding PD1
)
(C:\Users\Lenovo\AppData\Local\Programs\MiKTeX\tex/generic/intcalc\intcalc.sty
Package: intcalc 2019/12/15 v1.3 Expandable calculations with integers (HO)
)
\Hy@SavedSpaceFactor=\count325
(C:\Users\Lenovo\AppData\Local\Programs\MiKTeX\tex/latex/hyperref\puenc.def
File: puenc.def 2025-07-12 v7.01o Hyperref: PDF Unicode definition (HO)
Now handling font encoding PU ...
... no UTF-8 mapping file for font encoding PU
)
Package hyperref Info: Option `unicode' set `true' on input line 4066.
Package hyperref Info: Hyper figures OFF on input line 4195.
Package hyperref Info: Link nesting OFF on input line 4200.
Package hyperref Info: Hyper index ON on input line 4203.
Package hyperref Info: Plain pages OFF on input line 4210.
Package hyperref Info: Backreferencing OFF on input line 4215.
Package hyperref Info: Implicit mode ON; LaTeX internals redefined.
Package hyperref Info: Bookmarks ON on input line 4462.
\c@Hy@tempcnt=\count326

(C:\Users\Lenovo\AppData\Local\Programs\MiKTeX\tex/latex/url\url.sty
\Urlmuskip=\muskip18
Package: url 2013/09/16  ver 3.4  Verb mode for urls, etc.
)
LaTeX Info: Redefining \url on input line 4801.
\XeTeXLinkMargin=\dimen190

(C:\Users\Lenovo\AppData\Local\Programs\MiKTeX\tex/generic/bitset\bitset.sty
Package: bitset 2019/12/09 v1.3 Handle bit-vector datatype (HO)

(C:\Users\Lenovo\AppData\Local\Programs\MiKTeX\tex/generic/bigintcalc\bigintcal
c.sty
Package: bigintcalc 2019/12/15 v1.5 Expandable calculations on big integers (HO
)
))
\Fld@menulength=\count327
\Field@Width=\dimen191
\Fld@charsize=\dimen192
Package hyperref Info: Hyper figures OFF on input line 6078.
Package hyperref Info: Link nesting OFF on input line 6083.
Package hyperref Info: Hyper index ON on input line 6086.
Package hyperref Info: backreferencing OFF on input line 6093.
Package hyperref Info: Link coloring OFF on input line 6098.
Package hyperref Info: Link coloring with OCG OFF on input line 6103.
Package hyperref Info: PDF/A mode OFF on input line 6108.
\Hy@abspage=\count328
\c@Item=\count329
\c@Hfootnote=\count330
)
Package hyperref Info: Driver (autodetected): hpdftex.

(C:\Users\Lenovo\AppData\Local\Programs\MiKTeX\tex/latex/hyperref\hpdftex.def
File: hpdftex.def 2025-07-12 v7.01o Hyperref driver for pdfTeX
\Fld@listcount=\count331
\c@bookmark@seq@number=\count332

(C:\Users\Lenovo\AppData\Local\Programs\MiKTeX\tex/latex/rerunfilecheck\rerunfi
lecheck.sty
Package: rerunfilecheck 2025-06-21 v1.11 Rerun checks for auxiliary files (HO)

(C:\Users\Lenovo\AppData\Local\Programs\MiKTeX\tex/generic/uniquecounter\unique
counter.sty
Package: uniquecounter 2019/12/15 v1.4 Provide unlimited unique counter (HO)
)
Package uniquecounter Info: New unique counter `rerunfilecheck' on input line 2
84.
)
\Hy@SectionHShift=\skip68
)
(C:\Users\Lenovo\AppData\Local\Programs\MiKTeX\tex/latex/fancyhdr\fancyhdr.sty
Package: fancyhdr 2025/02/07 v5.2 Extensive control of page headers and footers

\f@nch@headwidth=\skip69
\f@nch@offset@elh=\skip70
\f@nch@offset@erh=\skip71
\f@nch@offset@olh=\skip72
\f@nch@offset@orh=\skip73
\f@nch@offset@elf=\skip74
\f@nch@offset@erf=\skip75
\f@nch@offset@olf=\skip76
\f@nch@offset@orf=\skip77
\f@nch@height=\skip78
\f@nch@footalignment=\skip79
\f@nch@widthL=\skip80
\f@nch@widthC=\skip81
\f@nch@widthR=\skip82
\@temptokenb=\toks35
) (C:\Users\Lenovo\AppData\Local\Programs\MiKTeX\tex/latex/xcolor\xcolor.sty
Package: xcolor 2024/09/29 v3.02 LaTeX color extensions (UK)

(C:\Users\Lenovo\AppData\Local\Programs\MiKTeX\tex/latex/graphics-cfg\color.cfg
File: color.cfg 2016/01/02 v1.6 sample color configuration
)
Package xcolor Info: Driver file: pdftex.def on input line 274.

(C:\Users\Lenovo\AppData\Local\Programs\MiKTeX\tex/latex/graphics\mathcolor.ltx
)
Package xcolor Info: Model `cmy' substituted by `cmy0' on input line 1349.
Package xcolor Info: Model `hsb' substituted by `rgb' on input line 1353.
Package xcolor Info: Model `RGB' extended on input line 1365.
Package xcolor Info: Model `HTML' substituted by `rgb' on input line 1367.
Package xcolor Info: Model `Hsb' substituted by `hsb' on input line 1368.
Package xcolor Info: Model `tHsb' substituted by `hsb' on input line 1369.
Package xcolor Info: Model `HSB' substituted by `hsb' on input line 1370.
Package xcolor Info: Model `Gray' substituted by `gray' on input line 1371.
Package xcolor Info: Model `wave' substituted by `hsb' on input line 1372.
)
(C:\Users\Lenovo\AppData\Local\Programs\MiKTeX\tex/latex/listings\listings.sty
\lstset,
\lst@mode=\count333
 
new hook `InitVars',

new hook `EndGroup',

new hook `ExitVars',

new hook `ModeTrue',

new hook `EOL',
\lst@gtempboxa=\box65
\lst@token=\toks36
\lst@length=\count334

new hook `InitVarsBOL',
\lst@currlwidth=\dimen193
\lst@column=\count335
\lst@pos=\count336
\lst@lostspace=\dimen194
\lst@width=\dimen195
basewidth, 
new hook `FontAdjust',
fontadjust, 
new hook `PostOutput',

new hook `OutputBox',

new hook `InitBOL',
columns, flexiblecolumns,
\lst@newlines=\count337
 
new hook `OnNewLine',
emptylines, 
new hook `OnEmptyLine',
identifierstyle, 
new hook `EmptyStyle',

new hook `OutputOther',

new hook `Output',
tabsize, showtabs, tab, showspaces, keepspaces, 
new hook `Init',
formfeed, upquote, SelectCharTable, MoreSelectCharTable,

new hook `SetLanguage',
extendedchars, useoutput, rescanchars, alsoletter, alsodigit, alsoother,

new hook `SelectCharTable',
excludedelims, delim, moredelim, deletedelim, literate, basicstyle,
inputencoding, multicols, 
new hook `EveryLine',
\lst@lineno=\count338
print, firstline, lastline, 
new hook `PreSet',
nolol, linerange, consecutivenumbers, rangeprefix, rangesuffix,
rangebeginprefix, rangebeginsuffix, rangeendprefix, rangeendsuffix,
includerangemarker, 
new hook `DeInit',
captionpos, abovecaptionskip, belowcaptionskip, label, title, caption,

new hook `TextStyle',
\lstlistingname, \lstlistingnamestyle, numberbychapter, boxpos, float,
floatplacement, aboveskip, belowskip, everydisplay, 
new hook `DisplayStyle',

new hook `PreInit',

new hook `EveryPar',
showlines,
\lst@maxwidth=\dimen196
 
new hook `InitVarsEOL',
gobble, name, \lstlistlistingname, \lstlistoflistings, inputpath,
\lstnewenvironment, fancyvrb,
(C:\Users\Lenovo\AppData\Local\Programs\MiKTeX\tex/latex/listings\lstpatch.sty
File: lstpatch.sty 2025/10/06 1.11 (Carsten Heinz)
) (C:\Users\Lenovo\AppData\Local\Programs\MiKTeX\tex/latex/listings\lstmisc.sty
File: lstmisc.sty 2025/10/06 1.11 (Carsten Heinz)


Define lst-aspect `strings': string, morestring, deletestring, stringstyle,
showstringspaces, 
new hook `ExcludeDelims',

Allocs: none

Define lst-aspect `comments': comment, morecomment, deletecomment,
commentstyle, 
new hook `AfterBeginComment',

Allocs: none

Define lst-aspect `escape': texcl, escapebegin, escapeend, escapechar,
escapeinside, mathescape, 
Allocs: none

Define lst-aspect `keywords': sensitive, 
new hook `TrackKeywords',

new hook `PostTrackKeywords',

new hook `DetectKeywords',
classoffset, keywords, morekeywords, deletekeywords, keywordstyle,
keywordstyle, ndkeywords, morendkeywords, deletendkeywords, ndkeywordstyle,
keywordsprefix, otherkeywords, 
Allocs: none

Define lst-aspect `emph': emph, moreemph, deleteemph, emphstyle, 
Allocs: none

Define lst-aspect `index': index, moreindex, deleteindex, indexstyle,
\lstindexmacro, 
Allocs: none

Define lst-aspect `style': \lststylefiles, \lstdefinestyle, \lst@definestyle,
style, 
new hook `SetStyle',

Allocs: none

Define lst-aspect `language': \lstlanguagefiles, \lstdefinelanguage,
\lst@definelanguage, language, alsolanguage, \lstalias, defaultdialect,

Allocs: none

Define lst-aspect `labels': numbers, stepnumber, numberfirstline, numberstyle,
numbersep, numberblanklines, firstnumber,
\c@lstnumber=\count339
\lst@skipnumbers=\count340
 
Allocs: 2\count, 

Define lst-aspect `lineshape': xleftmargin, xrightmargin, resetmargins,

new hook `BoxUnsafe',
linewidth, lineskip, breaklines, breakindent, breakautoindent,
breakatwhitespace, prebreak, postbreak, 
Allocs: none

Define lst-aspect `frames': framexleftmargin, framexrightmargin,
framextopmargin, framexbottommargin, backgroundcolor, fillcolor, rulecolor,
rulesepcolor, rulesep, framerule, framesep, frameshape, frameround, frame,
\lst@framebox=\box66


Allocs: 1\box, 
) 
Allocs: 8\count, 4\dimen, 2\box, 1\toks, 
(C:\Users\Lenovo\AppData\Local\Programs\MiKTeX\tex/latex/listings\listings.cfg
File: listings.cfg 2025/10/06 1.11 listings configuration
))
Package: listings 2025/10/06 1.11 (Carsten Heinz)

==> First Aid for listings.sty no longer applied!
    Expected:
        2024/09/23 1.10c (Carsten Heinz)
    but found:
        2025/10/06 1.11 (Carsten Heinz)
    so I'm assuming it got fixed.
(C:\Users\Lenovo\AppData\Local\Programs\MiKTeX\tex/latex/setspace\setspace.sty
Package: setspace 2022/12/04 v6.7b set line spacing
) (C:\Users\Lenovo\AppData\Local\Programs\MiKTeX\tex/latex/caption\caption.sty
Package: caption 2023/08/05 v3.6o Customizing captions (AR)

(C:\Users\Lenovo\AppData\Local\Programs\MiKTeX\tex/latex/caption\caption3.sty
Package: caption3 2023/07/31 v2.4d caption3 kernel (AR)
\caption@tempdima=\dimen197
\captionmargin=\dimen198
\caption@leftmargin=\dimen199
\caption@rightmargin=\dimen256
\caption@width=\dimen257
\caption@indent=\dimen258
\caption@parindent=\dimen259
\caption@hangindent=\dimen260
Package caption Info: Standard document class detected.
)
\c@caption@flags=\count341
\c@continuedfloat=\count342
Package caption Info: hyperref package is loaded.
Package caption Info: listings package is loaded.
Package caption Info: longtable package is loaded.

(C:\Users\Lenovo\AppData\Local\Programs\MiKTeX\tex/latex/caption\ltcaption.sty
Package: ltcaption 2021/01/08 v1.4c longtable captions (AR)
)) (C:\Users\Lenovo\AppData\Local\Programs\MiKTeX\tex/latex/float\float.sty
Package: float 2001/11/08 v1.3d Float enhancements (AL)
\c@float@type=\count343
\float@exts=\toks37
\float@box=\box67
\@float@everytoks=\toks38
\@floatcapt=\box68
)
(C:\Users\Lenovo\AppData\Local\Programs\MiKTeX\tex/latex/algorithms\algorithm.s
ty
Package: algorithm 2009/08/24 v0.1 Document Style `algorithm' - floating enviro
nment
 (C:\Users\Lenovo\AppData\Local\Programs\MiKTeX\tex/latex/base\ifthen.sty
Package: ifthen 2024/03/16 v1.1e Standard LaTeX ifthen package (DPC)
)
\@float@every@algorithm=\toks39
\c@algorithm=\count344
)
(C:\Users\Lenovo\AppData\Local\Programs\MiKTeX\tex/latex/algorithmicx\algpseudo
code.sty
Package: algpseudocode 

(C:\Users\Lenovo\AppData\Local\Programs\MiKTeX\tex/latex/algorithmicx\algorithm
icx.sty
Package: algorithmicx 2005/04/27 v1.2 Algorithmicx

Document Style algorithmicx 1.2 - a greatly improved `algorithmic' style
\c@ALG@line=\count345
\c@ALG@rem=\count346
\c@ALG@nested=\count347
\ALG@tlm=\skip83
\ALG@thistlm=\skip84
\c@ALG@Lnr=\count348
\c@ALG@blocknr=\count349
\c@ALG@storecount=\count350
\c@ALG@tmpcounter=\count351
\ALG@tmplength=\skip85
)
Document Style - pseudocode environments for use with the `algorithmicx' style
)
(C:\Users\Lenovo\AppData\Local\Programs\MiKTeX\tex/latex/pgf/frontendlayer\tikz
.sty
(C:\Users\Lenovo\AppData\Local\Programs\MiKTeX\tex/latex/pgf/basiclayer\pgf.sty

(C:\Users\Lenovo\AppData\Local\Programs\MiKTeX\tex/latex/pgf/utilities\pgfrcs.s
ty
(C:\Users\Lenovo\AppData\Local\Programs\MiKTeX\tex/generic/pgf/utilities\pgfuti
l-common.tex
\pgfutil@everybye=\toks40
\pgfutil@tempdima=\dimen261
\pgfutil@tempdimb=\dimen262
)
(C:\Users\Lenovo\AppData\Local\Programs\MiKTeX\tex/generic/pgf/utilities\pgfuti
l-latex.def
\pgfutil@abb=\box69
)
(C:\Users\Lenovo\AppData\Local\Programs\MiKTeX\tex/generic/pgf/utilities\pgfrcs
.code.tex
(C:\Users\Lenovo\AppData\Local\Programs\MiKTeX\tex/generic/pgf\pgf.revision.tex
)
Package: pgfrcs 2025-08-29 v3.1.11a (3.1.11a)
))
Package: pgf 2025-08-29 v3.1.11a (3.1.11a)

(C:\Users\Lenovo\AppData\Local\Programs\MiKTeX\tex/latex/pgf/basiclayer\pgfcore
.sty
(C:\Users\Lenovo\AppData\Local\Programs\MiKTeX\tex/latex/pgf/systemlayer\pgfsys
.sty
(C:\Users\Lenovo\AppData\Local\Programs\MiKTeX\tex/generic/pgf/systemlayer\pgfs
ys.code.tex
Package: pgfsys 2025-08-29 v3.1.11a (3.1.11a)

(C:\Users\Lenovo\AppData\Local\Programs\MiKTeX\tex/generic/pgf/utilities\pgfkey
s.code.tex
\pgfkeys@pathtoks=\toks41
\pgfkeys@temptoks=\toks42

(C:\Users\Lenovo\AppData\Local\Programs\MiKTeX\tex/generic/pgf/utilities\pgfkey
slibraryfiltered.code.tex
\pgfkeys@tmptoks=\toks43
))
\pgf@x=\dimen263
\pgf@y=\dimen264
\pgf@xa=\dimen265
\pgf@ya=\dimen266
\pgf@xb=\dimen267
\pgf@yb=\dimen268
\pgf@xc=\dimen269
\pgf@yc=\dimen270
\pgf@xd=\dimen271
\pgf@yd=\dimen272
\w@pgf@writea=\write3
\r@pgf@reada=\read2
\c@pgf@counta=\count352
\c@pgf@countb=\count353
\c@pgf@countc=\count354
\c@pgf@countd=\count355
\t@pgf@toka=\toks44
\t@pgf@tokb=\toks45
\t@pgf@tokc=\toks46
\pgf@sys@id@count=\count356

(C:\Users\Lenovo\AppData\Local\Programs\MiKTeX\tex/generic/pgf/systemlayer\pgf.
cfg
File: pgf.cfg 2025-08-29 v3.1.11a (3.1.11a)
)
Driver file for pgf: pgfsys-pdftex.def

(C:\Users\Lenovo\AppData\Local\Programs\MiKTeX\tex/generic/pgf/systemlayer\pgfs
ys-pdftex.def
File: pgfsys-pdftex.def 2025-08-29 v3.1.11a (3.1.11a)

(C:\Users\Lenovo\AppData\Local\Programs\MiKTeX\tex/generic/pgf/systemlayer\pgfs
ys-common-pdf.def
File: pgfsys-common-pdf.def 2025-08-29 v3.1.11a (3.1.11a)
)))
(C:\Users\Lenovo\AppData\Local\Programs\MiKTeX\tex/generic/pgf/systemlayer\pgfs
yssoftpath.code.tex
File: pgfsyssoftpath.code.tex 2025-08-29 v3.1.11a (3.1.11a)
\pgfsyssoftpath@smallbuffer@items=\count357
\pgfsyssoftpath@bigbuffer@items=\count358
)
(C:\Users\Lenovo\AppData\Local\Programs\MiKTeX\tex/generic/pgf/systemlayer\pgfs
ysprotocol.code.tex
File: pgfsysprotocol.code.tex 2025-08-29 v3.1.11a (3.1.11a)
))
(C:\Users\Lenovo\AppData\Local\Programs\MiKTeX\tex/generic/pgf/basiclayer\pgfco
re.code.tex
Package: pgfcore 2025-08-29 v3.1.11a (3.1.11a)

(C:\Users\Lenovo\AppData\Local\Programs\MiKTeX\tex/generic/pgf/math\pgfmath.cod
e.tex
(C:\Users\Lenovo\AppData\Local\Programs\MiKTeX\tex/generic/pgf/math\pgfmathutil
.code.tex)
(C:\Users\Lenovo\AppData\Local\Programs\MiKTeX\tex/generic/pgf/math\pgfmathpars
er.code.tex
\pgfmath@dimen=\dimen273
\pgfmath@count=\count359
\pgfmath@box=\box70
\pgfmath@toks=\toks47
\pgfmath@stack@operand=\toks48
\pgfmath@stack@operation=\toks49
)
(C:\Users\Lenovo\AppData\Local\Programs\MiKTeX\tex/generic/pgf/math\pgfmathfunc
tions.code.tex)
(C:\Users\Lenovo\AppData\Local\Programs\MiKTeX\tex/generic/pgf/math\pgfmathfunc
tions.basic.code.tex)
(C:\Users\Lenovo\AppData\Local\Programs\MiKTeX\tex/generic/pgf/math\pgfmathfunc
tions.trigonometric.code.tex)
(C:\Users\Lenovo\AppData\Local\Programs\MiKTeX\tex/generic/pgf/math\pgfmathfunc
tions.random.code.tex)
(C:\Users\Lenovo\AppData\Local\Programs\MiKTeX\tex/generic/pgf/math\pgfmathfunc
tions.comparison.code.tex)
(C:\Users\Lenovo\AppData\Local\Programs\MiKTeX\tex/generic/pgf/math\pgfmathfunc
tions.base.code.tex)
(C:\Users\Lenovo\AppData\Local\Programs\MiKTeX\tex/generic/pgf/math\pgfmathfunc
tions.round.code.tex)
(C:\Users\Lenovo\AppData\Local\Programs\MiKTeX\tex/generic/pgf/math\pgfmathfunc
tions.misc.code.tex)
(C:\Users\Lenovo\AppData\Local\Programs\MiKTeX\tex/generic/pgf/math\pgfmathfunc
tions.integerarithmetics.code.tex)
(C:\Users\Lenovo\AppData\Local\Programs\MiKTeX\tex/generic/pgf/math\pgfmathcalc
.code.tex)
(C:\Users\Lenovo\AppData\Local\Programs\MiKTeX\tex/generic/pgf/math\pgfmathfloa
t.code.tex
\c@pgfmathroundto@lastzeros=\count360
))
(C:\Users\Lenovo\AppData\Local\Programs\MiKTeX\tex/generic/pgf/math\pgfint.code
.tex)
(C:\Users\Lenovo\AppData\Local\Programs\MiKTeX\tex/generic/pgf/basiclayer\pgfco
repoints.code.tex
File: pgfcorepoints.code.tex 2025-08-29 v3.1.11a (3.1.11a)
\pgf@picminx=\dimen274
\pgf@picmaxx=\dimen275
\pgf@picminy=\dimen276
\pgf@picmaxy=\dimen277
\pgf@pathminx=\dimen278
\pgf@pathmaxx=\dimen279
\pgf@pathminy=\dimen280
\pgf@pathmaxy=\dimen281
\pgf@xx=\dimen282
\pgf@xy=\dimen283
\pgf@yx=\dimen284
\pgf@yy=\dimen285
\pgf@zx=\dimen286
\pgf@zy=\dimen287
)
(C:\Users\Lenovo\AppData\Local\Programs\MiKTeX\tex/generic/pgf/basiclayer\pgfco
repathconstruct.code.tex
File: pgfcorepathconstruct.code.tex 2025-08-29 v3.1.11a (3.1.11a)
\pgf@path@lastx=\dimen288
\pgf@path@lasty=\dimen289
)
(C:\Users\Lenovo\AppData\Local\Programs\MiKTeX\tex/generic/pgf/basiclayer\pgfco
repathusage.code.tex
File: pgfcorepathusage.code.tex 2025-08-29 v3.1.11a (3.1.11a)
\pgf@shorten@end@additional=\dimen290
\pgf@shorten@start@additional=\dimen291
)
(C:\Users\Lenovo\AppData\Local\Programs\MiKTeX\tex/generic/pgf/basiclayer\pgfco
rescopes.code.tex
File: pgfcorescopes.code.tex 2025-08-29 v3.1.11a (3.1.11a)
\pgfpic=\box71
\pgf@hbox=\box72
\pgf@layerbox@main=\box73
\pgf@picture@serial@count=\count361
)
(C:\Users\Lenovo\AppData\Local\Programs\MiKTeX\tex/generic/pgf/basiclayer\pgfco
regraphicstate.code.tex
File: pgfcoregraphicstate.code.tex 2025-08-29 v3.1.11a (3.1.11a)
\pgflinewidth=\dimen292
)
(C:\Users\Lenovo\AppData\Local\Programs\MiKTeX\tex/generic/pgf/basiclayer\pgfco
retransformations.code.tex
File: pgfcoretransformations.code.tex 2025-08-29 v3.1.11a (3.1.11a)
\pgf@pt@x=\dimen293
\pgf@pt@y=\dimen294
\pgf@pt@temp=\dimen295
)
(C:\Users\Lenovo\AppData\Local\Programs\MiKTeX\tex/generic/pgf/basiclayer\pgfco
requick.code.tex
File: pgfcorequick.code.tex 2025-08-29 v3.1.11a (3.1.11a)
)
(C:\Users\Lenovo\AppData\Local\Programs\MiKTeX\tex/generic/pgf/basiclayer\pgfco
reobjects.code.tex
File: pgfcoreobjects.code.tex 2025-08-29 v3.1.11a (3.1.11a)
)
(C:\Users\Lenovo\AppData\Local\Programs\MiKTeX\tex/generic/pgf/basiclayer\pgfco
repathprocessing.code.tex
File: pgfcorepathprocessing.code.tex 2025-08-29 v3.1.11a (3.1.11a)
)
(C:\Users\Lenovo\AppData\Local\Programs\MiKTeX\tex/generic/pgf/basiclayer\pgfco
rearrows.code.tex
File: pgfcorearrows.code.tex 2025-08-29 v3.1.11a (3.1.11a)
\pgfarrowsep=\dimen296
)
(C:\Users\Lenovo\AppData\Local\Programs\MiKTeX\tex/generic/pgf/basiclayer\pgfco
reshade.code.tex
File: pgfcoreshade.code.tex 2025-08-29 v3.1.11a (3.1.11a)
\pgf@max=\dimen297
\pgf@sys@shading@range@num=\count362
\pgf@shadingcount=\count363
)
(C:\Users\Lenovo\AppData\Local\Programs\MiKTeX\tex/generic/pgf/basiclayer\pgfco
reimage.code.tex
File: pgfcoreimage.code.tex 2025-08-29 v3.1.11a (3.1.11a)
)
(C:\Users\Lenovo\AppData\Local\Programs\MiKTeX\tex/generic/pgf/basiclayer\pgfco
reexternal.code.tex
File: pgfcoreexternal.code.tex 2025-08-29 v3.1.11a (3.1.11a)
\pgfexternal@startupbox=\box74
)
(C:\Users\Lenovo\AppData\Local\Programs\MiKTeX\tex/generic/pgf/basiclayer\pgfco
relayers.code.tex
File: pgfcorelayers.code.tex 2025-08-29 v3.1.11a (3.1.11a)
)
(C:\Users\Lenovo\AppData\Local\Programs\MiKTeX\tex/generic/pgf/basiclayer\pgfco
retransparency.code.tex
File: pgfcoretransparency.code.tex 2025-08-29 v3.1.11a (3.1.11a)
)
(C:\Users\Lenovo\AppData\Local\Programs\MiKTeX\tex/generic/pgf/basiclayer\pgfco
repatterns.code.tex
File: pgfcorepatterns.code.tex 2025-08-29 v3.1.11a (3.1.11a)
)
(C:\Users\Lenovo\AppData\Local\Programs\MiKTeX\tex/generic/pgf/basiclayer\pgfco
rerdf.code.tex
File: pgfcorerdf.code.tex 2025-08-29 v3.1.11a (3.1.11a)
)))
(C:\Users\Lenovo\AppData\Local\Programs\MiKTeX\tex/generic/pgf/modules\pgfmodul
eshapes.code.tex
File: pgfmoduleshapes.code.tex 2025-08-29 v3.1.11a (3.1.11a)
\pgfnodeparttextbox=\box75
)
(C:\Users\Lenovo\AppData\Local\Programs\MiKTeX\tex/generic/pgf/modules\pgfmodul
eplot.code.tex
File: pgfmoduleplot.code.tex 2025-08-29 v3.1.11a (3.1.11a)
)
(C:\Users\Lenovo\AppData\Local\Programs\MiKTeX\tex/latex/pgf/compatibility\pgfc
omp-version-0-65.sty
Package: pgfcomp-version-0-65 2025-08-29 v3.1.11a (3.1.11a)
\pgf@nodesepstart=\dimen298
\pgf@nodesepend=\dimen299
)
(C:\Users\Lenovo\AppData\Local\Programs\MiKTeX\tex/latex/pgf/compatibility\pgfc
omp-version-1-18.sty
Package: pgfcomp-version-1-18 2025-08-29 v3.1.11a (3.1.11a)
))
(C:\Users\Lenovo\AppData\Local\Programs\MiKTeX\tex/latex/pgf/utilities\pgffor.s
ty
(C:\Users\Lenovo\AppData\Local\Programs\MiKTeX\tex/latex/pgf/utilities\pgfkeys.
sty
(C:\Users\Lenovo\AppData\Local\Programs\MiKTeX\tex/generic/pgf/utilities\pgfkey
s.code.tex))
(C:\Users\Lenovo\AppData\Local\Programs\MiKTeX\tex/latex/pgf/math\pgfmath.sty
(C:\Users\Lenovo\AppData\Local\Programs\MiKTeX\tex/generic/pgf/math\pgfmath.cod
e.tex))
(C:\Users\Lenovo\AppData\Local\Programs\MiKTeX\tex/generic/pgf/utilities\pgffor
.code.tex
Package: pgffor 2025-08-29 v3.1.11a (3.1.11a)
\pgffor@iter=\dimen300
\pgffor@skip=\dimen301
\pgffor@stack=\toks50
\pgffor@toks=\toks51
))
(C:\Users\Lenovo\AppData\Local\Programs\MiKTeX\tex/generic/pgf/frontendlayer/ti
kz\tikz.code.tex
Package: tikz 2025-08-29 v3.1.11a (3.1.11a)

(C:\Users\Lenovo\AppData\Local\Programs\MiKTeX\tex/generic/pgf/libraries\pgflib
raryplothandlers.code.tex
File: pgflibraryplothandlers.code.tex 2025-08-29 v3.1.11a (3.1.11a)
\pgf@plot@mark@count=\count364
\pgfplotmarksize=\dimen302
)
\tikz@lastx=\dimen303
\tikz@lasty=\dimen304
\tikz@lastxsaved=\dimen305
\tikz@lastysaved=\dimen306
\tikz@lastmovetox=\dimen307
\tikz@lastmovetoy=\dimen308
\tikzleveldistance=\dimen309
\tikzsiblingdistance=\dimen310
\tikz@figbox=\box76
\tikz@figbox@bg=\box77
\tikz@tempbox=\box78
\tikz@tempbox@bg=\box79
\tikztreelevel=\count365
\tikznumberofchildren=\count366
\tikznumberofcurrentchild=\count367
\tikz@fig@count=\count368

(C:\Users\Lenovo\AppData\Local\Programs\MiKTeX\tex/generic/pgf/modules\pgfmodul
ematrix.code.tex
File: pgfmodulematrix.code.tex 2025-08-29 v3.1.11a (3.1.11a)
\pgfmatrixcurrentrow=\count369
\pgfmatrixcurrentcolumn=\count370
\pgf@matrix@numberofcolumns=\count371
)
\tikz@expandcount=\count372

(C:\Users\Lenovo\AppData\Local\Programs\MiKTeX\tex/generic/pgf/frontendlayer/ti
kz/libraries\tikzlibrarytopaths.code.tex
File: tikzlibrarytopaths.code.tex 2025-08-29 v3.1.11a (3.1.11a)
)))
(C:\Users\Lenovo\AppData\Local\Programs\MiKTeX\tex/generic/pgf/libraries\pgflib
raryarrows.meta.code.tex
File: pgflibraryarrows.meta.code.tex 2025-08-29 v3.1.11a (3.1.11a)
\pgfarrowinset=\dimen311
\pgfarrowlength=\dimen312
\pgfarrowwidth=\dimen313
\pgfarrowlinewidth=\dimen314
)
(C:\Users\Lenovo\AppData\Local\Programs\MiKTeX\tex/generic/pgf/frontendlayer/ti
kz/libraries\tikzlibrarypositioning.code.tex
File: tikzlibrarypositioning.code.tex 2025-08-29 v3.1.11a (3.1.11a)
)
(C:\Users\Lenovo\AppData\Local\Programs\MiKTeX\tex/generic/pgf/frontendlayer/ti
kz/libraries\tikzlibraryshapes.geometric.code.tex
File: tikzlibraryshapes.geometric.code.tex 2025-08-29 v3.1.11a (3.1.11a)

(C:\Users\Lenovo\AppData\Local\Programs\MiKTeX\tex/generic/pgf/libraries/shapes
\pgflibraryshapes.geometric.code.tex
File: pgflibraryshapes.geometric.code.tex 2025-08-29 v3.1.11a (3.1.11a)
))
\c@theorem=\count373
\c@lemma=\count374
\c@definition=\count375
\c@corollary=\count376
\c@proposition=\count377

(C:\Users\Lenovo\AppData\Local\Programs\MiKTeX\tex/latex/cjk/UTF8\UTF8.enc
File: UTF8.enc 2021/10/16 4.8.5
)
(C:\Users\Lenovo\AppData\Local\Programs\MiKTeX\tex/latex/cjk/UTF8\UTF8.chr
File: UTF8.chr 2021/10/16 4.8.5
)
No file ‰∫§Â∫ï‰π¶_pandoc.aux.
\openout1 = `‰∫§Â∫ï‰π¶_pandoc.aux'.

LaTeX Font Info:    Checking defaults for OML/cmm/m/it on input line 54.
LaTeX Font Info:    ... okay on input line 54.
LaTeX Font Info:    Checking defaults for OMS/cmsy/m/n on input line 54.
LaTeX Font Info:    ... okay on input line 54.
LaTeX Font Info:    Checking defaults for OT1/cmr/m/n on input line 54.
LaTeX Font Info:    ... okay on input line 54.
LaTeX Font Info:    Checking defaults for T1/cmr/m/n on input line 54.
LaTeX Font Info:    ... okay on input line 54.
LaTeX Font Info:    Checking defaults for TS1/cmr/m/n on input line 54.
LaTeX Font Info:    ... okay on input line 54.
LaTeX Font Info:    Checking defaults for OMX/cmex/m/n on input line 54.
LaTeX Font Info:    ... okay on input line 54.
LaTeX Font Info:    Checking defaults for U/cmr/m/n on input line 54.
LaTeX Font Info:    ... okay on input line 54.
LaTeX Font Info:    Checking defaults for C00/song/m/n on input line 54.
LaTeX Font Info:    ... okay on input line 54.
LaTeX Font Info:    Checking defaults for C05/song/m/n on input line 54.
LaTeX Font Info:    ... okay on input line 54.
LaTeX Font Info:    Checking defaults for C09/song/m/n on input line 54.
LaTeX Font Info:    ... okay on input line 54.
LaTeX Font Info:    Checking defaults for C10/song/m/n on input line 54.
LaTeX Font Info:    ... okay on input line 54.
LaTeX Font Info:    Checking defaults for C20/song/m/n on input line 54.
LaTeX Font Info:    ... okay on input line 54.
LaTeX Font Info:    Checking defaults for C19/song/m/n on input line 54.
LaTeX Font Info:    ... okay on input line 54.
LaTeX Font Info:    Checking defaults for C40/song/m/n on input line 54.
LaTeX Font Info:    ... okay on input line 54.
LaTeX Font Info:    Checking defaults for C42/song/m/n on input line 54.
LaTeX Font Info:    ... okay on input line 54.
LaTeX Font Info:    Checking defaults for C43/song/m/n on input line 54.
LaTeX Font Info:    ... okay on input line 54.
LaTeX Font Info:    Checking defaults for C50/song/m/n on input line 54.
LaTeX Font Info:    ... okay on input line 54.
LaTeX Font Info:    Checking defaults for C52/song/m/n on input line 54.
LaTeX Font Info:    ... okay on input line 54.
LaTeX Font Info:    Checking defaults for C49/song/m/n on input line 54.
LaTeX Font Info:    ... okay on input line 54.
LaTeX Font Info:    Checking defaults for C60/mj/m/n on input line 54.
LaTeX Font Info:    ... okay on input line 54.
LaTeX Font Info:    Checking defaults for C61/mj/m/n on input line 54.
LaTeX Font Info:    ... okay on input line 54.
LaTeX Font Info:    Checking defaults for C63/mj/m/n on input line 54.
LaTeX Font Info:    ... okay on input line 54.
LaTeX Font Info:    Checking defaults for C64/mj/m/n on input line 54.
LaTeX Font Info:    ... okay on input line 54.
LaTeX Font Info:    Checking defaults for C65/mj/m/n on input line 54.
LaTeX Font Info:    ... okay on input line 54.
LaTeX Font Info:    Checking defaults for C70/song/m/n on input line 54.
LaTeX Font Info:    ... okay on input line 54.
LaTeX Font Info:    Checking defaults for C31/song/m/n on input line 54.
LaTeX Font Info:    ... okay on input line 54.
LaTeX Font Info:    Checking defaults for C32/song/m/n on input line 54.
LaTeX Font Info:    ... okay on input line 54.
LaTeX Font Info:    Checking defaults for C33/song/m/n on input line 54.
LaTeX Font Info:    ... okay on input line 54.
LaTeX Font Info:    Checking defaults for C34/song/m/n on input line 54.
LaTeX Font Info:    ... okay on input line 54.
LaTeX Font Info:    Checking defaults for C35/song/m/n on input line 54.
LaTeX Font Info:    ... okay on input line 54.
LaTeX Font Info:    Checking defaults for C36/song/m/n on input line 54.
LaTeX Font Info:    ... okay on input line 54.
LaTeX Font Info:    Checking defaults for C37/song/m/n on input line 54.
LaTeX Font Info:    ... okay on input line 54.
LaTeX Font Info:    Checking defaults for C80/song/m/n on input line 54.
LaTeX Font Info:    ... okay on input line 54.
LaTeX Font Info:    Checking defaults for C81/song/m/n on input line 54.
LaTeX Font Info:    ... okay on input line 54.
LaTeX Font Info:    Checking defaults for C01/song/m/n on input line 54.
LaTeX Font Info:    ... okay on input line 54.
LaTeX Font Info:    Checking defaults for C11/song/m/n on input line 54.
LaTeX Font Info:    ... okay on input line 54.
LaTeX Font Info:    Checking defaults for C21/song/m/n on input line 54.
LaTeX Font Info:    ... okay on input line 54.
LaTeX Font Info:    Checking defaults for C41/song/m/n on input line 54.
LaTeX Font Info:    ... okay on input line 54.
LaTeX Font Info:    Checking defaults for C62/song/m/n on input line 54.
LaTeX Font Info:    ... okay on input line 54.
LaTeX Font Info:    Checking defaults for PD1/pdf/m/n on input line 54.
LaTeX Font Info:    ... okay on input line 54.
LaTeX Font Info:    Checking defaults for PU/pdf/m/n on input line 54.
LaTeX Font Info:    ... okay on input line 54.
*geometry* driver: auto-detecting
*geometry* detected driver: pdftex
*geometry* verbose mode - [ preamble ] result:
* driver: pdftex
* paper: a4paper
* layout: <same size as paper>
* layoutoffset:(h,v)=(0.0pt,0.0pt)
* modes: 
* h-part:(L,W,R)=(71.13188pt, 455.24411pt, 71.13188pt)
* v-part:(T,H,B)=(71.13188pt, 702.78308pt, 71.13188pt)
* \paperwidth=597.50787pt
* \paperheight=845.04684pt
* \textwidth=455.24411pt
* \textheight=702.78308pt
* \oddsidemargin=-1.1381pt
* \evensidemargin=-1.1381pt
* \topmargin=-38.1381pt
* \headheight=15.0pt
* \headsep=25.0pt
* \topskip=12.0pt
* \footskip=30.0pt
* \marginparwidth=35.0pt
* \marginparsep=10.0pt
* \columnsep=10.0pt
* \skip\footins=10.8pt plus 4.0pt minus 2.0pt
* \hoffset=0.0pt
* \voffset=0.0pt
* \mag=1000
* \@twocolumnfalse
* \@twosidefalse
* \@mparswitchfalse
* \@reversemarginfalse
* (1in=72.27pt=25.4mm, 1cm=28.453pt)


(C:\Users\Lenovo\AppData\Local\Programs\MiKTeX\tex/context/base/mkii\supp-pdf.m
kii
[Loading MPS to PDF converter (version 2006.09.02).]
\scratchcounter=\count378
\scratchdimen=\dimen315
\scratchbox=\box80
\nofMPsegments=\count379
\nofMParguments=\count380
\everyMPshowfont=\toks52
\MPscratchCnt=\count381
\MPscratchDim=\dimen316
\MPnumerator=\count382
\makeMPintoPDFobject=\count383
\everyMPtoPDFconversion=\toks53
)
(C:\Users\Lenovo\AppData\Local\Programs\MiKTeX\tex/latex/epstopdf-pkg\epstopdf-
base.sty
Package: epstopdf-base 2020-01-24 v2.11 Base part for package epstopdf
Package epstopdf-base Info: Redefining graphics rule for `.eps' on input line 4
85.

(C:\Users\Lenovo\AppData\Local\Programs\MiKTeX\tex/latex/00miktex\epstopdf-sys.
cfg
File: epstopdf-sys.cfg 2021/03/18 v2.0 Configuration of epstopdf for MiKTeX
))
Package hyperref Info: Link coloring OFF on input line 54.
\@outlinefile=\write4
\openout4 = `‰∫§Â∫ï‰π¶_pandoc.out'.

\c@lstlisting=\count384
Package caption Info: Begin \AtBeginDocument code.
Package caption Info: float package is loaded.
Package caption Info: End \AtBeginDocument code.
LaTeX Font Info:    Trying to load font information for C70+rm on input line 57
.
 (C:\Users\Lenovo\AppData\Local\Programs\MiKTeX\tex/latex/ctex/fd\c70rm.fd
File: c70rm.fd 2022/07/14 v2.5.10 Chinese font definition (CTEX)
)
Package CJKpunct Info: use punctuation spaces for family 'rm' with punctstyle (
quanjiao) on input line 57.
LaTeX Font Info:    Trying to load font information for U+msa on input line 57.

 (C:\Users\Lenovo\AppData\Local\Programs\MiKTeX\tex/latex/amsfonts\umsa.fd
File: umsa.fd 2013/01/14 v3.01 AMS symbols A
)
LaTeX Font Info:    Trying to load font information for U+msb on input line 57.


(C:\Users\Lenovo\AppData\Local\Programs\MiKTeX\tex/latex/amsfonts\umsb.fd
File: umsb.fd 2013/01/14 v3.01 AMS symbols B
)
LaTeX Font Info:    Trying to load font information for C70+zhhei on input line
 59.

(C:\Users\Lenovo\AppData\Local\Programs\MiKTeX\tex/latex/zhmetrics\c70zhhei.fd
File: c70zhhei.fd 2009/09/23 4.8.2
)
Underfull \hbox (badness 10000) in paragraph at lines 290--290
[]|\C70/rm/m/n/12/8d Ô \C70/rm/m/n/12/5f Ñ\OT1/cmr/m/n/12 1|\C70/rm/m/n/12/ff ^
^Z| \C70/rm/m/n/12/94 ˛ \C70/rm/m/n/12/5f ^^O
 []


Underfull \hbox (badness 10000) in paragraph at lines 290--290
[]|\C70/rm/m/n/12/8d Ô \C70/rm/m/n/12/5f Ñ\OT1/cmr/m/n/12 2|\C70/rm/m/n/12/ff ^
^Z| \C70/rm/m/n/12/96 è \C70/rm/m/n/12/67 :
 []


Underfull \hbox (badness 2150) in paragraph at lines 290--290
[]|\C70/rm/m/n/12/66 ^^N \C70/rm/m/n/12/65 á\OT1/cmr/m/n/12 algorithm[]id\C70/r
m/m/n/12/66 ¥ \C70/rm/m/n/12/97 2 \C70/rm/m/n/12/7b ó \C70/rm/m/n/12/6c ’ \C70/
rm/m/n/12/90 	 \C70/rm/m/n/12/62 È
 []


Underfull \hbox (badness 10000) in paragraph at lines 290--290
[]|\C70/rm/m/n/12/8d Ô \C70/rm/m/n/12/5f Ñ\OT1/cmr/m/n/12 3|\C70/rm/m/n/12/ff ^
^Z| \C70/rm/m/n/12/4e ^^M \C70/rm/m/n/12/4f ^^?
 []


Underfull \hbox (badness 1205) in paragraph at lines 290--290
\C70/rm/m/n/12/4e ^^@\OT1/cmr/m/n/12 HPC\C70/rm/m/n/12/7c { \C70/rm/m/n/12/52 +
 \C70/rm/m/n/12/76 Ñ \C70/rm/m/n/12/7b ó \C70/rm/m/n/12/6c ’ |\C70/rm/m/n/12/ff
 ^^H|\C70/rm/m/n/12/59 Ç \C70/rm/m/n/12/8f ﬁ \C70/rm/m/n/12/7e Ì \C70/rm/m/n/12
/90 	
 []


Underfull \hbox (badness 10000) in paragraph at lines 290--290
\C70/rm/m/n/12/4e -\OT1/cmr/m/n/12 Lattice-S\C70/rm/m/n/12/54 å\OT1/cmr/m/n/12 
Lattice-U|\C70/rm/m/n/12/ff 	||^^L| \C70/rm/m/n/12/5b ¸ \C70/rm/m/n/12/81 Ù
 []


Underfull \hbox (badness 1286) in paragraph at lines 290--290
[]|\C70/rm/m/n/12/8d Ô \C70/rm/m/n/12/5f Ñ\OT1/cmr/m/n/12 4|\C70/rm/m/n/12/ff ^
^Z| \C70/rm/m/n/12/4f ^^Z \C70/rm/m/n/12/8b › \C70/rm/m/n/12/7e ß
 []


Underfull \hbox (badness 1038) in paragraph at lines 290--290
[]|\C70/rm/m/n/12/6b œ \C70/rm/m/n/12/96 î$\OML/cmm/m/it/12 N$\C70/rm/m/n/12/52
 ^^F \C70/rm/m/n/12/94 ü \C70/rm/m/n/12/91 Õ \C70/rm/m/n/12/53 O \C70/rm/m/n/12
/55 F \C70/rm/m/n/12/66 Ù \C70/rm/m/n/12/63 b \C70/rm/m/n/12/7b ó
 []


Underfull \hbox (badness 10000) in paragraph at lines 290--290
[]|\C70/rm/m/n/12/91 Õ \C70/rm/m/n/12/53 O \C70/rm/m/n/12/55 F \C70/rm/m/n/12/5
f ^^U \C70/rm/m/n/12/51 e \C70/rm/m/n/12/98 ù \C70/rm/m/n/12/59 ^^V\OT1/cmr/m/n
/12 RTT\C70/rm/m/n/12/5e ˆ \C70/rm/m/n/12/8f ﬂ
 []


Underfull \hbox (badness 10000) in paragraph at lines 290--290
|\C70/rm/m/n/12/ff ^^H|\OT1/cmr/m/n/12 100ms--600ms\C70/rm/m/n/12/7e ß \C70/rm/
m/n/12/52 +|\C70/rm/m/n/12/ff 	||^^L| \C70/rm/m/n/12/57 (\OT1/cmr/m/n/12 5G\C70
/rm/m/n/12/68 8
 []


Underfull \hbox (badness 10000) in paragraph at lines 290--290
[]|\C70/rm/m/n/12/62 i \C70/rm/m/n/12/5c U|\C70/rm/m/n/12/ff ^^Z| \C70/rm/m/n/1
2/4e Œ \C70/rm/m/n/12/54 ^^L \C70/rm/m/n/12/59 W \C70/rm/m/n/12/4e ˆ
 []


Underfull \hbox (badness 10000) in paragraph at lines 290--290
\C70/rm/m/n/12/51 Ö\OT1/cmr/m/n/12 rekey\C70/rm/m/n/12/52 0 \C70/rm/m/n/12/8d Ë
 \C70/rm/m/n/12/7b ó \C70/rm/m/n/12/6c ’ \C70/rm/m/n/12/65 œ
 []


Underfull \hbox (badness 10000) in paragraph at lines 290--290
[]|\C70/rm/m/n/12/65 ∞ \C70/rm/m/n/12/58 û\OT1/cmr/m/n/12 TLS Ex-ten-
 []


Underfull \hbox (badness 6658) in paragraph at lines 290--290
[]|\OT1/cmr/m/n/12 QUIC \TS1/cmr/m/n/12 ß\OT1/cmr/m/n/12 5 Packet
 []


Underfull \hbox (badness 2799) in paragraph at lines 290--290
[]|\C70/rm/m/n/12/65 ∞ \C70/rm/m/n/12/58 û\OT1/cmr/m/n/12 QUIC Trans-
 []


Underfull \hbox (badness 10000) in paragraph at lines 290--290
[]|\OT1/cmr/m/n/12 Internet-Draft\C70/rm/m/n/12/5b ö
 []


Underfull \hbox (badness 10000) in paragraph at lines 290--290
[]|\OT1/cmr/m/n/12 TLS 1.3 \TS1/cmr/m/n/12 ß\OT1/cmr/m/n/12 5.1
 []


Underfull \hbox (badness 1552) in paragraph at lines 290--290
[]|\C70/rm/m/n/12/65 ∞ \C70/rm/m/n/12/58 û|\C70/rm/m/n/12/ff ^^Z| \C70/rm/m/n/1
2/57 (\OT1/cmr/m/n/12 Record\C70/rm/m/n/12/5c B \C70/rm/m/n/12/5f ^^U \C70/rm/m
/n/12/51 e
 []


Underfull \hbox (badness 10000) in paragraph at lines 290--290
[]|\C70/rm/m/n/12/65 ∞ \C70/rm/m/n/12/58 û\OT1/cmr/m/n/12 TLS Ex-ten-
 []


Underfull \hbox (badness 2150) in paragraph at lines 290--290
[]|\OT1/cmr/m/n/12 F6 MPTD\C70/rm/m/n/12/52 ^^F
 []


Underfull \hbox (badness 6125) in paragraph at lines 290--290
[]|\OT1/cmr/m/n/12 MPTCP\C70/rm/m/n/12/5b â \C70/rm/m/n/12/51 h \C70/rm/m/n/12/
62 i \C70/rm/m/n/12/5c U
 []


Underfull \hbox (badness 1668) in paragraph at lines 290--290
[] |\C70/rm/m/n/12/ff ^^H|\C70/rm/m/n/12/4e ^^@|\C70/rm/m/n/12/ff 	| \C70/rm/bx
/n/12/73 ∞ \C70/rm/bx/n/12/7f Q \C70/rm/bx/n/12/68 8 \C70/rm/bx/n/12/5f √ \C70/
rm/bx/n/12/52 ü \C70/rm/bx/n/12/80 ˝ \C70/rm/bx/n/12/58 û \C70/rm/bx/n/12/5f :|
\C70/rm/m/n/12/ff ^^Z| \C70/rm/m/n/12/67 , \C70/rm/m/n/12/65 π \C70/rm/m/n/12/6
8 H \C70/rm/m/n/12/53 Ô \C70/rm/m/n/12/76 Ù \C70/rm/m/n/12/63 • \C70/rm/m/n/12/
5d L \C70/rm/m/n/12/51 e \C70/rm/m/n/12/4e - \C70/rm/m/n/12/56 ˝ \C70/rm/m/n/12
/79 ˚ \C70/rm/m/n/12/52 ® \C70/rm/m/n/12/73 ∞ \C70/rm/m/n/12/7f Q\OT1/cmr/m/n/1
2 5G\C70/rm/m/n/12/68 8 \C70/rm/m/n/12/5f √ \C70/rm/m/n/12/7f Q |\C70/rm/m/n/12
/ff ^^H|\OT1/cmr/m/n/12 5GC|\C70/rm/m/n/12/ff 	|
 []


Underfull \hbox (badness 4001) in paragraph at lines 290--290
[]|\OT1/cmr/bx/n/12 DMHP |\C70/rm/bx/n/12/ff ^^H|\C70/rm/bx/n/12/5e è \C70/rm/b
x/n/12/52 ^^W \C70/rm/bx/n/12/53 ^^V
 []

Package CJKpunct Info: use punctuation spaces for family 'zhkai' with punctstyl
e (quanjiao) on input line 290.

Underfull \hbox (badness 10000) in paragraph at lines 290--290
[]|\C70/rm/m/n/12/65 ‡\OT1/cmr/m/n/12 DMHP |\C70/rm/m/n/12/ff ^^H|\C70/rm/m/n/1
2/57 ˙
 []


Underfull \hbox (badness 10000) in paragraph at lines 290--290
[]|\OT1/cmr/bx/n/12 CPU\C70/rm/bx/n/12/53 ` \C70/rm/bx/n/12/75 (
 []


Underfull \hbox (badness 7344) in paragraph at lines 290--290
[]|\C70/rm/bx/n/12/79 ˚ \C70/rm/bx/n/12/52 ® \C70/rm/bx/n/12/7a Ô \C70/rm/bx/n/
12/52 ü \C70/rm/bx/n/12/80 ^^W
 []


Underfull \hbox (badness 7344) in paragraph at lines 290--290
[]|\C70/rm/bx/n/12/7b ó \C70/rm/bx/n/12/6c ’ \C70/rm/bx/n/12/5e ì \C70/rm/bx/n/
12/4e „ \C70/rm/bx/n/12/78 ^^A
 []


Underfull \hbox (badness 3930) in paragraph at lines 290--290
[]|\OT1/cmr/m/n/12 2.1 KB |\C70/rm/m/n/12/ff ^^H|\C70/rm/m/n/12/60 R
 []


Overfull \hbox (78.63828pt too wide) in paragraph at lines 290--290
[]|[]| 
 []


Underfull \hbox (badness 10000) in paragraph at lines 290--290
[]|\C70/rm/bx/n/12/53 N \C70/rm/bx/n/12/4e : \OT1/cmr/bx/n/12 Quan-
 []


Underfull \hbox (badness 10000) in paragraph at lines 290--290
\OT1/cmr/bx/n/12 tumShield
 []


Underfull \hbox (badness 10000) in paragraph at lines 290--290
[]|\C70/rm/bx/n/12/4e - \C70/rm/bx/n/12/51 t \OT1/cmr/bx/n/12 Se-
 []


Underfull \hbox (badness 10000) in paragraph at lines 290--290
\OT1/cmr/bx/n/12 cuPQC\C70/rm/bx/n/12/7f Q
 []


Underfull \hbox (badness 10000) in paragraph at lines 290--290
[]|\OT1/cmr/bx/n/12 Cisco PQ
 []


Underfull \hbox (badness 10000) in paragraph at lines 290--290
[]|\C70/rm/bx/n/12/67 , \C70/rm/bx/n/12/65 π \C70/rm/bx/n/12/68 H
 []


Overfull \hbox (5.54454pt too wide) in paragraph at lines 290--290
\OT1/cmr/bx/n/12 PQSG+DMHP| 
 []


Underfull \hbox (badness 1783) in paragraph at lines 290--290
[]|\C70/rm/bx/n/12/53 ^^E\OT1/cmr/bx/n/12 /\C70/rm/bx/n/12/8b ∞ \C70/rm/bx/n/12
/5f U \C70/rm/bx/n/12/7e ß |\C70/rm/bx/n/12/ff ^^H|\C70/rm/bx/n/12/4f ^^Z
 []


Underfull \hbox (badness 10000) in paragraph at lines 290--290
[]|\C70/rm/m/n/12/53 U \C70/rm/m/n/12/4e ^^@\OT1/cmr/m/n/12 PQC\C70/rm/m/n/12/6
6 ˇ \C70/rm/m/n/12/63 b
 []


Underfull \hbox (badness 10000) in paragraph at lines 290--290
[]|$\OMS/cmsy/m/n/12 ^^U$\OT1/cmr/bx/n/12 3\C70/rm/bx/n/12/7c {\OT1/cmr/bx/n/12
 HPC\C70/rm/bx/n/12/6b c \C70/rm/bx/n/12/4e §
 []


Underfull \hbox (badness 10000) in paragraph at lines 290--290
[]|\OT1/cmr/m/n/12 SNDL\C70/rm/m/n/12/96 2 \C70/rm/m/n/12/5f °
 []


Underfull \hbox (badness 1226) in paragraph at lines 290--290
[]|\C70/rm/m/n/12/53 U \C70/rm/m/n/12/7b ó \C70/rm/m/n/12/6c ’ \C70/rm/m/n/12/5
1 h \C70/rm/m/n/12/4f ^^Z \C70/rm/m/n/12/8b ›
 []


Underfull \hbox (badness 1226) in paragraph at lines 290--290
[]|\C70/rm/m/n/12/53 Ã \C70/rm/m/n/12/7b ó \C70/rm/m/n/12/6c ’ \C70/rm/m/n/12/9
0 Ë \C70/rm/m/n/12/52 ^^F \C70/rm/m/n/12/7f ^^S
 []


Underfull \hbox (badness 1226) in paragraph at lines 290--290
[]|\C70/rm/m/n/12/53 Ã \C70/rm/m/n/12/7b ó \C70/rm/m/n/12/6c ’ \C70/rm/m/n/12/9
0 Ë \C70/rm/m/n/12/52 ^^F \C70/rm/m/n/12/7f ^^S
 []


Underfull \hbox (badness 10000) in paragraph at lines 290--290
[]|$\OT1/cmr/m/n/12 1\OML/cmm/m/it/12 =N[]$\C70/rm/bx/n/12/78 é \C70/rm/bx/n/12
/72 G
 []


Underfull \hbox (badness 10000) in paragraph at lines 290--290
[]|\OT1/cmr/bx/n/12 AI\C70/rm/bx/n/12/9a q
 []


Overfull \hbox (23.76675pt too wide) in paragraph at lines 290--290
\C70/rm/bx/n/12/52 ®\OT1/cmr/bx/n/12 +PARANOID\C70/rm/bx/n/12/6a !
 []


Overfull \hbox (6.79999pt too wide) in paragraph at lines 88--291
[] 
 []


(C:\Users\Lenovo\AppData\Local\Programs\MiKTeX\tex/generic/ctex/zhmap\ctex-zhma
p-windows.tex
File: ctex-zhmap-windows.tex 2022/07/14 v2.5.10 Windows font map loader for pdf
TeX and DVIPDFMx (CTEX)
{C:/Users/Lenovo/AppData/Local/MiKTeX/fonts/map/pdftex/pdftex.map}{UGBK.sfd}{Un
icode.sfd}) [1

]
Overfull \vbox (3457.88455pt too high) has occurred while \output is active []


[2]
Overfull \hbox (21.09488pt too wide) in paragraph at lines 313--314
[]\C70/rm/bx/n/12/54 ^^N \C70/rm/bx/n/12/91 œ \C70/rm/bx/n/12/5b P ∆ \C70/rm/bx
/n/12/78 ^^A \C70/rm/bx/n/12/5b f |\C70/rm/bx/n/12/ff ^^H|\OT1/cmr/bx/n/12 Post
-Quantum Cryp-tog-ra-phy|\C70/rm/bx/n/12/ff 	||\C70/rm/m/n/12/ff ^^Z| \C70/rm/m
/n/12/57 ˙ \C70/rm/m/n/12/4e é \C70/rm/m/n/12/68 < |\C70/rm/m/n/12/ff ^^H|\OT1/
cmr/m/n/12 Lattice|\C70/rm/m/n/12/ff 	||\C70/rm/m/n/12/30 ^^A| \C70/rm/m/n/12/7
f ^^V \C70/rm/m/n/12/78 ^^A |\C70/rm/m/n/12/ff ^^H|\OT1/cmr/m/n/12 Code|\C70/rm
/m/n/12/ff 	||\C70/rm/m/n/12/30 ^^A|
 []

[3]
Overfull \hbox (2.43765pt too wide) in alignment at lines 343--347
 [] [] 
 []


Underfull \hbox (badness 10000) in paragraph at lines 350--350
[]|\OT1/cmr/m/n/12 Cryptographic
 []


Underfull \hbox (badness 10000) in paragraph at lines 352--352
[]|\C70/rm/m/n/12/53 ◊ \C70/rm/m/n/12/4f › \C70/rm/m/n/12/62 § \C70/rm/m/n/12/5
3 U \C70/rm/m/n/12/51 C
 []


Underfull \hbox (badness 2134) in paragraph at lines 354--355
\C70/rm/m/n/12/57 ($[]$\C70/rm/m/n/12/67 * \C70/rm/m/n/12/6c ƒ \C70/rm/m/n/12/9
7 2 \C70/rm/m/n/12/76 Ñ \C70/rm/m/n/12/52 M \C70/rm/m/n/12/63 – \C70/rm/m/n/12/
4e |\C70/rm/m/n/12/ff ^^L| \C70/rm/m/n/12/53 s \C70/rm/m/n/12/4f ^^? \C70/rm/m
/n/12/65 ; \C70/rm/m/n/12/51 ˚ \C70/rm/m/n/12/80 ^^E \C70/rm/m/n/12/7b · \C70/r
m/m/n/12/65 9\OT1/cmr/m/n/12 SeqID\C70/rm/m/n/12/80 ^^L \C70/rm/m/n/12/67 *
 []


Underfull \hbox (badness 10000) in paragraph at lines 358--359
[]|\C70/rm/m/n/12/5b ∆ \C70/rm/m/n/12/94 • \C70/rm/m/n/12/6d > \C70/rm/m/n/12/7
5 ^^_ \C70/rm/m/n/12/51 ˝ \C70/rm/m/n/12/65 p |\C70/rm/m/n/12/ff ^^H|\OT1/cmr/m
/n/12 Key Deriva-tion Func-tion|\C70/rm/m/n/12/ff 	||^^L| \C70/rm/m/n/12/75 ( \
C70/rm/m/n/12/4e é
 []


Underfull \hbox (badness 1817) in paragraph at lines 358--359
\C70/rm/m/n/12/4e Œ$[]$^^N$[]$ |\C70/rm/m/n/12/ff ^^H|\C70/rm/m/n/12/62 ^^V \C7
0/rm/m/n/12/65 ˆ \C70/rm/m/n/12/95 Ù \C70/rm/m/n/12/72 G|\C70/rm/m/n/12/ff 	| \
C70/rm/m/n/12/6d > \C70/rm/m/n/12/75 ^^_ \C70/rm/m/n/12/6b œ \C70/rm/m/n/12/53 
U \C70/rm/m/n/12/51 C \C70/rm/m/n/12/7b ó \C70/rm/m/n/12/6c ’ \C70/rm/m/n/12/7d
 " \C70/rm/m/n/12/5f ^^U \C70/rm/m/n/12/4e ^^N
 []


Overfull \hbox (2.43765pt too wide) in alignment at lines 347--386
 [] [] 
 []

ignored error: Infinite glue shrinkage found in box being split [4]
ignored error: Infinite glue shrinkage found in box being split [5] [6]
Overfull \hbox (7.3208pt too wide) in alignment at lines 418--422
 [] [] [] [] 
 []


Underfull \hbox (badness 2680) in paragraph at lines 423--424
[]|\C70/rm/m/n/12/4f ^^Z \C70/rm/m/n/12/8b › \C70/rm/m/n/12/51 Ö \C70/rm/m/n/12
/90 ^^P \C70/rm/m/n/12/53 ^^E\OT1/cmr/m/n/12 /\C70/rm/m/n/12/90 ^^P \C70/rm/m/n
/12/57 W \C70/rm/m/n/12/52 ®
 []


Underfull \hbox (badness 10000) in paragraph at lines 425--425
[]|\OT1/cmr/m/n/12 PQ Hy-brid
 []


Underfull \hbox (badness 1867) in paragraph at lines 425--425
[]|\C70/rm/m/n/12/7e œ \C70/rm/m/n/12/51 x\OT1/cmr/m/n/12 +PQC\C70/rm/m/n/12/7b
 ó \C70/rm/m/n/12/6c ’ \C70/rm/m/n/12/97 Y \C70/rm/m/n/12/60 ^^A
 []


Overfull \hbox (7.49937pt too wide) in paragraph at lines 429--429
[]|\OT1/cmr/m/n/12 IPsec/IKEv2\C70/rm/m/n/12/91 Õ
 []


Underfull \hbox (badness 10000) in paragraph at lines 431--431
[]|\OT1/cmr/m/n/12 KEM Com-
 []


Overfull \hbox (7.84508pt too wide) in paragraph at lines 433--433
[]|\OT1/cmr/m/n/12 CN113162767A| 
 []


Underfull \hbox (badness 10000) in paragraph at lines 433--434
[]|\C70/rm/m/n/12/6b c \C70/rm/m/n/12/4e § \C70/rm/m/n/12/7e ¶ \C70/rm/m/n/12/6
7 _\OT1/cmr/m/n/12 +\C70/rm/m/n/12/96 ^^H \C70/rm/m/n/12/50 < \C70/rm/m/n/12/52
 ^^F
 []


Overfull \hbox (29.38652pt too wide) in paragraph at lines 435--435
[]|\OT1/cmr/m/n/12 US2023/0291548A1| 
 []


Overfull \hbox (7.3208pt too wide) in alignment at lines 422--437
 [] [] [] [] 
 []

ignored error: Infinite glue shrinkage found in box being split [7]
Overfull \hbox (11.07483pt too wide) in paragraph at lines 441--442
[]\C70/rm/m/n/12/90 ^^Z \C70/rm/m/n/12/8f « \C70/rm/m/n/12/5b ˘ \C70/rm/m/n/12/
4e - \C70/rm/m/n/12/56 ˝ \C70/rm/m/n/12/77 Â \C70/rm/m/n/12/8b ∆ \C70/rm/m/n/12
/4e ß \C70/rm/m/n/12/67 C \C70/rm/m/n/12/5c @ |\C70/rm/m/n/12/ff ^^H|\OT1/cmr/m
/n/12 CNIPA|\C70/rm/m/n/12/ff 	||\C70/rm/m/n/12/30 ^^A| \C70/rm/m/n/12/7f é \C7
0/rm/m/n/12/56 ˝ \C70/rm/m/n/12/4e ^^S \C70/rm/m/n/12/52 ) \C70/rm/m/n/12/55 F 
\C70/rm/m/n/12/68 ^^G \C70/rm/m/n/12/5c @ |\C70/rm/m/n/12/ff ^^H|\OT1/cmr/m/n/1
2 USPTO|\C70/rm/m/n/12/ff 	||\C70/rm/m/n/12/30 ^^A| \C70/rm/m/n/12/6b ' \C70/rm
/m/n/12/6d 2 \C70/rm/m/n/12/4e ^^S \C70/rm/m/n/12/52 ) \C70/rm/m/n/12/5c @ |\C7
0/rm/m/n/12/ff ^^H|\OT1/cmr/m/n/12 EPO|\C70/rm/m/n/12/ff 	|
 []

[8] [9]
Overfull \hbox (15.09056pt too wide) in paragraph at lines 509--510
[] |\C70/rm/bx/n/12/ff ^^H|\OT1/cmr/bx/n/12 2|\C70/rm/bx/n/12/ff 	| \C70/rm/bx/
n/12/53 O \C70/rm/bx/n/12/8b Æ \C70/rm/bx/n/12/72 ∂ \C70/rm/bx/n/12/60 ^^A \C70
/rm/bx/n/12/67 :|\C70/rm/m/n/12/ff ^^Z| \C70/rm/m/n/12/53 ^^E \C70/rm/m/n/12/62
 Ï \OT1/cmr/m/n/12 INI-TIAL|\C70/rm/m/n/12/30 ^^A| \OT1/cmr/m/n/12 HANDSHAKING|
\C70/rm/m/n/12/30 ^^A| \OT1/cmr/m/n/12 ACTIVE|\C70/rm/m/n/12/30 ^^A| \OT1/cmr/m
/n/12 TRANSITIONING|\C70/rm/m/n/12/30 ^^A|
 []


Overfull \hbox (13.1009pt too wide) in paragraph at lines 517--531
 [][] 
 []

[10] [11]
Underfull \hbox (badness 10000) in paragraph at lines 563--564

 []


Overfull \hbox (102.9885pt too wide) in paragraph at lines 568--569
[]\C70/rm/m/n/12/4e Œ $[]$ \C70/rm/m/n/12/54 å $[]$ |\C70/rm/m/n/12/ff ^^H|\C70
/rm/m/n/12/62 ^^V \C70/rm/m/n/12/65 ˆ \C70/rm/m/n/12/95 Ù \C70/rm/m/n/12/62 3|\
C70/rm/m/n/12/ff 	| \C70/rm/m/n/12/6d > \C70/rm/m/n/12/75 ^^_ \C70/rm/m/n/12/6b
 œ \C70/rm/m/n/12/4e * \C70/rm/m/n/12/53 ◊ \C70/rm/m/n/12/4f › \C70/rm/m/n/12/6
2 § \C70/rm/m/n/12/53 U \C70/rm/m/n/12/51 C \C70/rm/m/n/12/76 Ñ $\OT1/cmr/m/n/1
2 ([]\OML/cmm/m/it/12 ; []\OT1/cmr/m/n/12 )$|\C70/rm/m/n/12/30 ^^B|
 []

[12] [13]
Overfull \hbox (30.68318pt too wide) in paragraph at lines 614--615
[]\C70/rm/bx/it/12/8b ¡[][] \C70/rm/bx/it/12/66 ^^N[][] \C70/rm/bx/it/12/69 Ç[]
[] \C70/rm/bx/it/12/89 Å[][]|\C70/rm/m/it/12/ff ^^Z| \C70/rm/m/it/12/75 1\OT1/c
mr/m/it/12 HMAC\C70/rm/m/it/12/76 Ñ\OT1/cmr/m/it/12 PRF\C70/rm/m/it/12/60 ' \C7
0/rm/m/it/12/8d (|\C70/rm/m/it/12/ff ^^L| \C70/rm/m/it/12/5b ˘ \C70/rm/m/it/12/
4e é \C70/rm/m/it/12/67 * \C70/rm/m/it/12/77 Â \C70/rm/m/it/12/5b ∆ \C70/rm/m/i
t/12/94 •$\OML/cmm/m/it/12 K[]$|\C70/rm/m/it/12/ff ^^L| $[]\OT1/cmr/m/n/12 (\OM
L/cmm/m/it/12 K[]; []\OMS/cmsy/m/n/12 k\OML/cmm/m/it/12 s\OMS/cmsy/m/n/12 k[]\O
T1/cmr/m/n/12 )$\C70/rm/m/it/12/76 Ñ
 []

[14]
Overfull \hbox (48.55327pt too wide) in paragraph at lines 640--642
\C70/rm/m/n/12/51 v \C70/rm/m/n/12/4e -\OT1/cmr/m/n/12 Lattice-S\C70/rm/m/n/12/
88 h \C70/rm/m/n/12/79 : \C70/rm/m/n/12/7e ” \C70/rm/m/n/12/67 Ñ \C70/rm/m/n/12
/53 ^^V \C70/rm/m/n/12/68 < |\C70/rm/m/n/12/ff ^^H|\C70/rm/m/n/12/59 Ç\OT1/cmr/
m/n/12 NTRU|\C70/rm/m/n/12/30 ^^A| \OT1/cmr/m/n/12 ML-KEM|\C70/rm/m/n/12/ff 	||
^^L| \OT1/cmr/m/n/12 Lattice-U\C70/rm/m/n/12/88 h \C70/rm/m/n/12/79 : \C70/rm/m
/n/12/97 ^ \C70/rm/m/n/12/7e ” \C70/rm/m/n/12/67 Ñ \C70/rm/m/n/12/53 ^^V \C70/r
m/m/n/12/68 < |\C70/rm/m/n/12/ff ^^H|\C70/rm/m/n/12/59 Ç\OT1/cmr/m/n/12 FrodoKE
M|\C70/rm/m/n/12/ff 	||^^L|
 []


Overfull \hbox (6.11565pt too wide) in paragraph at lines 640--642
\OT1/cmr/m/n/12 Code\C70/rm/m/n/12/88 h \C70/rm/m/n/12/79 : \C70/rm/m/n/12/7f ^
^V \C70/rm/m/n/12/78 ^^A \C70/rm/m/n/12/74 ^^F \C70/rm/m/n/12/8b ∫ |\C70/rm/m/n
/12/ff ^^H|\C70/rm/m/n/12/59 Ç\OT1/cmr/m/n/12 Classic McEliece|\C70/rm/m/n/12/f
f 	||^^L| \OT1/cmr/m/n/12 Hash\C70/rm/m/n/12/88 h \C70/rm/m/n/12/79 : \C70/rm/m
/n/12/54 » \C70/rm/m/n/12/5e ^^L \C70/rm/m/n/12/57 ˙ |\C70/rm/m/n/12/ff ^^H|\C7
0/rm/m/n/12/59 Ç\OT1/cmr/m/n/12 SPHINCS+/SLH-DSA|\C70/rm/m/n/12/ff 	||^^L|
 []


Overfull \hbox (11.13924pt too wide) in paragraph at lines 653--654
\C70/rm/bx/it/12/6c Ë[][]|\C70/rm/m/it/12/ff ^^Z| \C70/rm/m/it/12/67 , \C70/rm/
m/it/12/5b ö \C70/rm/bx/it/12/4e I : \C70/rm/m/it/12/5b â \C70/rm/m/it/12/51 h 
\C70/rm/m/it/12/7b V \C70/rm/m/it/12/75 e \C70/rm/m/it/12/5b ¸ \C70/rm/m/it/12/
54 ^^Q \C70/rm/m/it/12/76 Ñ ¯ \C70/rm/m/it/12/5f ^^B \C70/rm/m/it/12/5e ¶ \C70/
rm/m/it/12/91 œ|\C70/rm/m/it/12/ff ^^L| \C70/rm/m/it/12/52 ; \C70/rm/m/it/12/61
 ^^O \C70/rm/bx/it/12/4e ^^M[][] \C70/rm/bx/it/12/89 Å[][] \C70/rm/bx/it/12/6c 
B[][] \C70/rm/bx/it/12/4e 	 \C70/rm/bx/it/12/89 “ \C70/rm/bx/it/12/4e ^^M \C70/
rm/m/it/12/7b I \C70/rm/m/it/12/5f ^^O |\C70/rm/m/it/12/ff ^^H|\C70/rm/m/it/12/
53 s$\OML/cmm/m/it/12 d\OT1/cmr/m/n/12 (\OML/cmm/m/it/12 a; c\OT1/cmr/m/n/12 )$
\C70/rm/m/it/12/53 Ô \C70/rm/m/it/12/59 ' \C70/rm/bx/it/12/4e é$\OML/cmm/m/it/1
2 d\OT1/cmr/m/n/12 (\OML/cmm/m/it/12 a; b\OT1/cmr/m/n/12 ) +
 []


Overfull \hbox (5.41817pt too wide) in paragraph at lines 678--679
\C70/rm/m/n/12/67 , \C70/rm/m/n/12/75 3 \C70/rm/m/n/12/8b ˜ \C70/rm/m/n/12/65 Â
|\C70/rm/m/n/12/ff ^^L| \C70/rm/m/n/12/5c ^^Z \C70/rm/m/n/12/65 ‡ \C70/rm/m/n/1
2/51 l \C70/rm/m/n/12/8b § \C70/rm/m/n/12/5b â \C70/rm/m/n/12/51 h \C70/rm/m/n/
12/76 Ñ \C70/rm/m/n/12/54 ^^L \C70/rm/m/n/12/6e ê \C70/rm/m/n/12/5b ∆ \C70/rm/m
/n/12/78 ^^A \C70/rm/m/n/12/7b ó \C70/rm/m/n/12/6c ’ \C70/rm/m/n/12/53 Ô \C70/r
m/m/n/12/75 (|\C70/rm/m/n/12/30 ^^B| \C70/rm/m/n/12/56 ‡ \C70/rm/m/n/12/6b d|\C
70/rm/m/n/12/ff ^^L| \C70/rm/bx/n/12/5f S \C70/rm/bx/n/12/52 M \C70/rm/bx/n/12/
7b ó \C70/rm/bx/n/12/6c ’ \C70/rm/bx/n/12/5e ì \C70/rm/bx/n/12/5b û \C70/rm/bx/
n/12/4f ã \C70/rm/bx/n/12/4e ^^M \C70/rm/bx/n/12/53 ^^E \C70/rm/bx/n/12/54 +\OT
1/cmr/bx/n/12 Isogeny\C70/rm/bx/n/12/7c {
 []

[15] [16]
Overfull \hbox (18.01088pt too wide) in paragraph at lines 696--697
[]\C70/rm/bx/n/12/51 s \C70/rm/bx/n/12/95 . \C70/rm/bx/n/12/8b æ ° \C70/rm/bx/n
/12/51 ≥ \C70/rm/bx/n/12/7b V |\C70/rm/bx/n/12/20 ^^T||^^T| \C70/rm/bx/n/12/97 
^ \C70/rm/bx/n/12/90 ^^R \C70/rm/bx/n/12/5f R \C70/rm/bx/n/12/6b c \C70/rm/bx/n
/12/4e § \C70/rm/bx/n/12/68 ! \C70/rm/bx/n/12/6b c|\C70/rm/m/n/12/ff ^^Z| \C70/
rm/m/n/12/6b c \C70/rm/m/n/12/4e § \C70/rm/m/n/12/68 ! \C70/rm/m/n/12/6b c \C70
/rm/bx/n/12/4e ≈ \C70/rm/bx/n/12/4f \ \C70/rm/bx/n/12/75 ( \C70/rm/bx/n/12/4e é
 \C70/rm/bx/n/12/5f S \C70/rm/bx/n/12/52 M \C70/rm/bx/n/12/53 ◊ \C70/rm/bx/n/12
/4f › \C70/rm/bx/n/12/62 § \C70/rm/bx/n/12/53 U \C70/rm/bx/n/12/51 C$\OML/cmm/m
/it/12 s$|\C70/rm/m/n/12/ff ^^L| \C70/rm/m/n/12/80 ^^L$\OML/cmm/m/it/12 A[]\OT1
/cmr/m/n/12 (\OML/cmm/m/it/12 s\OT1/cmr/m/n/12 )$\C70/rm/m/n/12/59 À
 []


Overfull \hbox (14.94849pt too wide) in paragraph at lines 705--706
[][]\C70/rm/bx/n/12/54 } \C70/rm/bx/n/12/98 ò \OT1/cmr/bx/n/12 1 \OT1/cmr/m/n/1
2 (\C70/rm/m/n/12/97 ^ \C70/rm/m/n/12/90 ^^R \C70/rm/m/n/12/5f R \C70/rm/m/n/12
/6b c \C70/rm/m/n/12/4e § \C70/rm/m/n/12/68 ! \C70/rm/m/n/12/6b c \C70/rm/m/n/1
2/76 Ñ \C70/rm/m/n/12/8b ° \C70/rm/m/n/12/7b ó \C70/rm/m/n/12/59 ^^M \C70/rm/m/
n/12/67 B \C70/rm/m/n/12/5e ¶\OT1/cmr/m/n/12 )\OT1/cmr/bx/n/12 . []\C70/rm/m/it
/12/5b ˘ \C70/rm/bx/it/12/4e é \C70/rm/m/it/12/5e è \C70/rm/m/it/12/53 ˜ \C70/r
m/bx/it/12/4e :$\OML/cmm/m/it/12 s$\C70/rm/m/it/12/76 Ñ \C70/rm/m/it/12/53 ◊ \C
70/rm/m/it/12/4f › \C70/rm/m/it/12/62 § \C70/rm/m/it/12/53 U \C70/rm/m/it/12/51
 C|\C70/rm/m/it/12/ff ^^L| \C70/rm/m/it/12/51 v \C70/rm/m/it/12/67 ^^@ \C70/rm/
m/it/12/7e » \C70/rm/m/it/12/7b ó \C70/rm/bx/it/12/6c ’$\OML/cmm/m/it/12 A[]\OT
1/cmr/m/n/12 (\OML/cmm/m/it/12 s\OT1/cmr/m/n/12 )$\C70/rm/m/it/12/76 Ñ
 []

[17]
Overfull \hbox (17.9845pt too wide) in paragraph at lines 717--718
[][]\C70/rm/bx/n/12/5b ö \C70/rm/bx/n/12/74 ^^F \OT1/cmr/bx/n/12 2 \OT1/cmr/m/n
/12 (\C70/rm/m/n/12/6b c \C70/rm/m/n/12/4e § \C70/rm/m/n/12/7e ¶ \C70/rm/m/n/12
/67 _ \C70/rm/m/n/12/76 Ñ \C70/rm/m/n/12/5b â \C70/rm/m/n/12/51 h \C70/rm/m/n/1
2/58 û \C70/rm/m/n/12/76  \OT1/cmr/m/n/12 )\OT1/cmr/bx/n/12 . []\C70/rm/bx/it/1
2/8b æ \C70/rm/m/it/12/65 ; \C70/rm/m/it/12/51 ˚ \C70/rm/m/it/12/80 ^^E \C70/rm
/m/it/12/53 Ô \C70/rm/bx/it/12/4e Â \C70/rm/m/it/12/65 ; \C70/rm/m/it/12/78 4$\
OMS/cmsy/m/n/12 H$\C70/rm/bx/it/12/4e - \C70/rm/m/it/12/67 – \C70/rm/bx/it/12/4
e ^^@ \C70/rm/m/it/12/7c { \C70/rm/m/it/12/52 +$\OML/cmm/m/it/12 h[]$\C70/rm/m/
it/12/76 Ñ \C70/rm/m/it/12/62 @ \C70/rm/m/it/12/67 	 \C70/rm/m/it/12/7b ó \C70/
rm/bx/it/12/6c ’|\C70/rm/m/it/12/30 ^^B| \C70/rm/bx/it/12/4e ‰$\OMS/cmsy/m/n/12
 jH[]j$\C70/rm/bx/it/12/4e :
 []


Overfull \hbox (1.675pt too wide) in paragraph at lines 740--741
[]\C70/rm/bx/n/12/96 ˆ \C70/rm/bx/n/12/66 > \C70/rm/bx/n/12/5f ^^O \C70/rm/bx/n
/12/68 ^^G \C70/rm/bx/n/12/8b ∆ \C70/rm/bx/n/12/65 π \C70/rm/bx/n/12/5f ^^O|\C7
0/rm/m/n/12/ff ^^Z| \C70/rm/m/n/12/4e ^^M \C70/rm/m/n/12/66 > \C70/rm/m/n/12/5f
 ^^O \C70/rm/m/n/12/4f  \OT1/cmr/m/n/12 algorithm[]id|\C70/rm/m/n/12/ff ^^L| \C
70/rm/m/n/12/53 Ã \C70/rm/m/n/12/65 π \C70/rm/m/n/12/4e ≈ \C70/rm/m/n/12/4f ù \
C70/rm/m/n/12/8d V$[]\OT1/cmr/m/n/12 ([]\OML/cmm/m/it/12 ; []\OT1/cmr/m/n/12 )$
\C70/rm/m/n/12/5f ó
 []

[18] [19] [20]
Overfull \hbox (46.88226pt too wide) in paragraph at lines 804--805
[]\OT1/cmr/bx/n/12 PARANOID\C70/rm/bx/n/12/6a ! \C70/rm/bx/n/12/5f ^^O \C70/rm/
bx/n/12/89 Ê \C70/rm/bx/n/12/53 —|\C70/rm/m/n/12/ff ^^Z| \C70/rm/m/n/12/57 ( \C
70/rm/m/n/12/68 ¿ \C70/rm/m/n/12/6d K \C70/rm/m/n/12/52 0 \C70/rm/m/n/12/9a ÿ \
C70/rm/m/n/12/7e ß \C70/rm/m/n/12/63 ^^A \C70/rm/m/n/12/7e Ì \C70/rm/m/n/12/60 
' \C70/rm/m/n/12/5a ^^A \C70/rm/m/n/12/80 ¡ |\C70/rm/m/n/12/ff ^^H|\OT1/cmr/m/n
/12 APT|\C70/rm/m/n/12/ff 	| \C70/rm/m/n/12/63 ^^G \C70/rm/m/n/12/68 ^^G \C70/r
m/m/n/12/65 ˆ \C70/rm/m/n/12/81 Í \C70/rm/m/n/12/52 ® \C70/rm/m/n/12/8f € \C70/
rm/m/n/12/51 e\OT1/cmr/m/n/12 PARANOID\C70/rm/m/n/12/72 ∂
 []

[21] [22] [23]
Overfull \hbox (15.71742pt too wide) in paragraph at lines 906--907
[]\C70/rm/bx/n/12/53 O \C70/rm/bx/n/12/8b Æ \C70/rm/bx/n/12/62 • \C70/rm/bx/n/1
2/59 4 \C70/rm/bx/n/12/4e ^^N \C70/rm/bx/n/12/51 C \C70/rm/bx/n/12/65 p \C70/rm
/bx/n/12/63 n \C70/rm/bx/n/12/72 y \C70/rm/bx/n/12/5f Å|\C70/rm/m/n/12/ff ^^Z| 
\C70/rm/m/n/12/5b û \C70/rm/m/n/12/73 ∞ \C70/rm/m/n/12/90 ^^Z \C70/rm/m/n/12/5e
 8 \C70/rm/m/n/12/97 ^^@ \C70/rm/m/n/12/53 ^^E \C70/rm/m/n/12/54 + \C70/rm/m/n/
12/7b ó \C70/rm/m/n/12/6c ’ \C70/rm/m/n/12/68 ^^G \C70/rm/m/n/12/8b ∆\OT1/cmtt/
m/n/12 algorithm[]id|\C70/rm/m/n/12/30 ^^A| \C70/rm/m/n/12/6a ! \C70/rm/m/n/12/
5f ^^O \C70/rm/m/n/12/68 ^^G \C70/rm/m/n/12/8b ∆\OT1/cmtt/m/n/12 mode[]id|\C70/
rm/m/n/12/30 ^^A|
 []


Overfull \hbox (6.19037pt too wide) in paragraph at lines 908--909
[]\OT1/cmr/bx/n/12 KDF\C70/rm/bx/n/12/8c ^^C \C70/rm/bx/n/12/75 ( \C70/rm/bx/n/
12/6a ! \C70/rm/bx/n/12/5f ^^O|\C70/rm/m/n/12/ff ^^Z| \C70/rm/m/n/12/5b û \C70/
rm/m/n/12/73 ∞ \C70/rm/m/n/12/4e - \C70/rm/m/n/12/5f ≈ \C70/rm/m/n/12/71 6 \C70
/rm/m/n/12/5b X \C70/rm/m/n/12/57 ( ˙ \C70/rm/m/n/12/4e é\OT1/cmr/m/n/12 SeqID\
C70/rm/m/n/12/76 Ñ \C70/rm/m/n/12/78 n \C70/rm/m/n/12/5b ö \C70/rm/m/n/12/60 '\
OT1/cmr/m/n/12 KDF\C70/rm/m/n/12/8c ^^C \C70/rm/m/n/12/75 ( \C70/rm/m/n/12/94 ˛
 |\C70/rm/m/n/12/ff ^^H|\OT1/cmr/m/n/12 HMAC $\OMS/cmsy/m/n/12 !$ \OT1/cmr/m/n/
12 Trunc
 []


Overfull \hbox (21.9717pt too wide) in paragraph at lines 915--916
\C70/rm/bx/n/12/88 e \C70/rm/bx/n/12/51 E \C70/rm/bx/n/12/8b Ù \C70/rm/bx/n/12/
66 ^^N|\C70/rm/bx/n/12/ff ^^Z| \C70/rm/m/n/12/4e : \C70/rm/m/n/12/96 M \C70/rm/
m/n/12/4f N \C70/rm/m/n/12/88 ´ \C70/rm/m/n/12/52 ® \C70/rm/m/n/12/76 — \C70/rm
/m/n/12/54 , \C70/rm/m/n/12/80 ^^E \C70/rm/m/n/12/52 ) \C70/rm/m/n/12/75 ( \C70
/rm/m/n/12/66 ^^N \C70/rm/m/n/12/65 á \C70/rm/m/n/12/51 C \C70/rm/m/n/12/65 p \
C70/rm/m/n/12/63 n \C70/rm/m/n/12/8f € \C70/rm/m/n/12/88 L \C70/rm/m/n/12/6d A 
\C70/rm/m/n/12/91 œ \C70/rm/m/n/12/52 ^^F \C70/rm/m/n/12/7c { \C70/rm/m/n/12/76
 Ñ \C70/rm/m/n/12/80 ˝ \C70/rm/m/n/12/52 õ|\C70/rm/m/n/12/ff ^^L| \C70/rm/m/n/1
2/53 O \C70/rm/m/n/12/8b Æ \C70/rm/m/n/12/53 Ô \C70/rm/m/n/12/90 	 \C70/rm/m/n/
12/62 È \C70/rm/m/n/12/5c ^^F\OT1/cmtt/m/n/12 mode[]id|\C70/rm/m/n/12/30 ^^A|
 []

[24]
Overfull \hbox (58.45447pt too wide) in paragraph at lines 929--930
[]\C70/rm/bx/n/12/56 ˛ \OT1/cmr/bx/n/12 2|\C70/rm/m/n/12/ff ^^Z| \C70/rm/m/n/12
/53 O \C70/rm/m/n/12/8b Æ \C70/rm/m/n/12/72 ∂ \C70/rm/m/n/12/60 ^^A \C70/rm/m/n
/12/67 : \C70/rm/m/n/12/8f l \C70/rm/m/n/12/63 b \C70/rm/m/n/12/56 ˛|\C70/rm/m/
n/12/ff ^^L| \C70/rm/m/n/12/5c U \C70/rm/m/n/12/79 : \C70/rm/m/n/12/4e Œ\OT1/cm
r/m/n/12 INITIAL\C70/rm/m/n/12/52 0\OT1/cmr/m/n/12 ACTIVE\C70/rm/m/n/12/51 ç \C
70/rm/m/n/12/52 0\OT1/cmr/m/n/12 TRANSITIONING|\C70/rm/m/n/12/30 ^^A| \OT1/cmr/
m/n/12 PARANOID\C70/rm/m/n/12/7b I
 []


Overfull \hbox (106.57307pt too wide) in paragraph at lines 937--938
[]\C70/rm/bx/n/12/56 ˛ \OT1/cmr/bx/n/12 3|\C70/rm/m/n/12/ff ^^Z| \C70/rm/m/n/12
/65 ‡ \C70/rm/m/n/12/72 ∂ \C70/rm/m/n/12/60 ^^A \C70/rm/m/n/12/6d > \C70/rm/m/n
/12/75 ^^_ \C70/rm/m/n/12/6d A \C70/rm/m/n/12/7a  \C70/rm/m/n/12/79 : \C70/rm/
m/n/12/61 ^^O \C70/rm/m/n/12/56 ˛|\C70/rm/m/n/12/ff ^^L| \C70/rm/m/n/12/5c U \C
70/rm/m/n/12/79 : \C70/rm/m/n/12/59 Ç \C70/rm/m/n/12/4f U \C70/rm/m/n/12/4e Œ$\
OT1/cmr/m/n/12 ([]\OML/cmm/m/it/12 ; []\OT1/cmr/m/n/12 )$\C70/rm/m/n/12/6d > \C
70/rm/m/n/12/75 ^^_$\OT1/cmr/m/n/12 (\OML/cmm/m/it/12 algorithm[]index; per[]un
it[]key\OT1/cmr/m/n/12 )$\C70/rm/m/n/12/5e v
 []

[25]
Overfull \hbox (12.26277pt too wide) in paragraph at lines 1001--1002
[]\C70/rm/m/n/12/67 – \C70/rm/m/n/12/8f – \C70/rm/m/n/12/84 % \C70/rm/m/n/12/55
 F \C70/rm/m/n/12/97 ^^@ \C70/rm/m/n/12/57 (\OT1/cmr/m/n/12 5G\C70/rm/m/n/12/68
 8 \C70/rm/m/n/12/5f √ \C70/rm/m/n/12/7f Q\OT1/cmr/m/n/12 SEPP\C70/rm/m/n/12/63
 • \C70/rm/m/n/12/53 „ |\C70/rm/m/n/12/ff ^^H|\OT1/cmr/m/n/12 N32/N33|\C70/rm/m
/n/12/ff 	| \C70/rm/m/n/12/4e 
 \C70/rm/m/n/12/5b û \C70/rm/m/n/12/73 ∞ \C70/rm/m/n/12/54 ^^N \C70/rm/m/n/12/9
1 œ \C70/rm/m/n/12/5b P â \C70/rm/m/n/12/51 h \C70/rm/m/n/12/58 û \C70/rm/m/n/1
2/5f :|\C70/rm/m/n/12/30 ^^B| \C70/rm/m/n/12/53 Ã \C70/rm/m/n/12/65 π\OT1/cmr/m
/n/12 SEPP\C70/rm/m/n/12/82 Ç
 []


Overfull \hbox (36.66342pt too wide) in paragraph at lines 1006--1007
[]\C70/rm/m/n/12/5b ¢ \C70/rm/m/n/12/62 7 \C70/rm/m/n/12/7a Ô\OT1/cmr/m/n/12 SE
PP\C70/rm/m/n/12/4e ^^N \C70/rm/m/n/12/67 ^^M \C70/rm/m/n/12/52 ° \C70/rm/m/n/1
2/7a Ô\OT1/cmr/m/n/12 SEPP\C70/rm/m/n/12/90 ^^Z \C70/rm/m/n/12/8f « \C70/rm/m/n
/12/6d ˜ \C70/rm/m/n/12/54 ^^H\OT1/cmr/m/n/12 KEM |\C70/rm/m/n/12/ff ^^H|\OT1/c
mr/m/n/12 X25519 + ML-KEM-768|\C70/rm/m/n/12/ff 	| \C70/rm/m/n/12/53 O \C70/rm/
m/n/12/55 F$[]$|\C70/rm/m/n/12/ff ^^[|
 []


Underfull \hbox (badness 10000) in paragraph at lines 1006--1007

 []

[26]
Overfull \hbox (14.13022pt too wide) in paragraph at lines 1034--1035
\C70/rm/m/n/12/5e &$\OMS/cmsy/m/n/12 h[]\OML/cmm/m/it/12 ; []\OMS/cmsy/m/n/12 i
$\C70/rm/m/n/12/54 å \C70/rm/m/n/12/53 Ô \C70/rm/m/n/12/90 	 \C70/rm/m/n/12/76 
Ñ \C70/rm/m/n/12/53 ◊ \C70/rm/m/n/12/4f › \C70/rm/m/n/12/62 § \C70/rm/m/n/12/51
 C \C70/rm/m/n/12/65 p \C70/rm/m/n/12/63 n|\C70/rm/m/n/12/30 ^^B| \C70/rm/m/n/1
2/53 Ô \C70/rm/m/n/12/57 ( \C70/rm/m/n/12/94 ˛ \C70/rm/m/n/12/8d Ô \C70/rm/m/n/
12/52 ^^G \C70/rm/m/n/12/63 b \C70/rm/m/n/12/62 ^^V \C70/rm/m/n/12/7b V \C70/rm
/m/n/12/75 e \C70/rm/m/n/12/66 Ù \C70/rm/m/n/12/65 ∞ ˆ \C70/rm/m/n/12/63 ® \C70
/rm/m/n/12/8f €\OT1/cmr/m/n/12 Epoch|\C70/rm/m/n/12/ff ^^L|
 []

[27]
Overfull \hbox (22.66563pt too wide) in paragraph at lines 1044--1045
|\C70/rm/m/n/12/ff ^^H|\C70/rm/m/n/12/7e ” \C70/rm/m/n/12/67 Ñ \C70/rm/m/n/12/5
3 ^^V \C70/rm/m/n/12/68 < \C70/rm/m/n/12/57 ˙|\C70/rm/m/n/12/ff 	||\C70/rm/m/n/
12/30 ^^A| $\OML/cmm/m/it/12 S[]$\C70/rm/m/n/12/75 (\OT1/cmr/m/n/12 ChaCha20\C7
0/rm/m/n/12/52 † \C70/rm/m/n/12/5b ∆ \OT1/cmr/m/n/12 + Clas-sic McEliece\C70/rm
/m/n/12/5b ∆ \C70/rm/m/n/12/94 • \C70/rm/m/n/12/5c ^^A \C70/rm/m/n/12/88 ≈ |\C7
0/rm/m/n/12/ff ^^H|\C70/rm/m/n/12/7f ^^V \C70/rm/m/n/12/78 ^^A \C70/rm/m/n/12/5
7 ˙|\C70/rm/m/n/12/ff 	||\C70/rm/m/n/12/30 ^^A| $\OML/cmm/m/it/12 S[]$\C70/rm/m
/n/12/75 (\OT1/cmr/m/n/12 AES-
 []


Overfull \hbox (1.1126pt too wide) in paragraph at lines 1044--1045
\C70/rm/m/n/12/60 ' \C70/rm/m/n/12/4f › \C70/rm/m/n/12/62 §|\C70/rm/m/n/12/ff 	
||\C70/rm/m/n/12/30 ^^A| $\OML/cmm/m/it/12 S[]$\C70/rm/m/n/12/75 (\OT1/cmr/m/n/
12 ChaCha20\C70/rm/m/n/12/52 † \C70/rm/m/n/12/5b ∆ \OT1/cmr/m/n/12 + FrodoKEM\C
70/rm/m/n/12/5b ∆ \C70/rm/m/n/12/94 • \C70/rm/m/n/12/5c ^^A \C70/rm/m/n/12/88 ≈
 |\C70/rm/m/n/12/ff ^^H|\C70/rm/m/n/12/97 ^ \C70/rm/m/n/12/7e ” \C70/rm/m/n/12/
67 Ñ \C70/rm/m/n/12/53 ^^V \C70/rm/m/n/12/68 < \C70/rm/m/n/12/57 ˙|\C70/rm/m/n/
12/ff ^^L| \C70/rm/m/n/12/4e ^^N$\OML/cmm/m/it/12 S[]$\C70/rm/m/n/12/76 Ñ\OT1/c
mr/m/n/12 ML-
 []


Overfull \hbox (17.1945pt too wide) in paragraph at lines 1046--1047
\C70/rm/m/it/12/7b ó \C70/rm/bx/it/12/6c ’ \C70/rm/m/it/12/80 ^^L \C70/rm/m/it/
12/97 ^\OT1/cmr/m/it/12 KEM\C70/rm/m/it/12/65 π \C70/rm/m/it/12/68 H|\C70/rm/m/
it/12/ff ^^L| \C70/rm/m/it/12/56 ‡ \C70/rm/m/it/12/6b d$\OML/cmm/m/it/12 S[]$\C
70/rm/bx/it/12/4e ^^N$\OML/cmm/m/it/12 S[]$\C70/rm/m/it/12/76 Ñ \C70/rm/m/it/12
/5b ˘ \C70/rm/m/it/12/79  \C70/rm/m/it/12/52 † \C70/rm/m/it/12/5b ∆ ∆ \C70/rm/
m/it/12/94 • \C70/rm/m/it/12/90 ^^Z \C70/rm/m/it/12/8f « \C70/rm/m/it/12/4f ^^Z
 \C70/rm/bx/it/12/8b › \C70/rm/bx/it/12/4e ; \C70/rm/m/it/12/5b ∆ \C70/rm/m/it/
12/94 • \C70/rm/m/it/12/6d > \C70/rm/m/it/12/75 ^^_ \C70/rm/m/it/12/83 ∑ \C70/r
m/m/it/12/53 ÷ |\C70/rm/m/it/12/ff ^^H|\C70/rm/m/it/12/53 s$\OML/cmm/m/it/12 k[
] \OT1/cmr/m/n/12 =
 []

[28]
Overfull \hbox (17.42267pt too wide) in paragraph at lines 1091--1092
[]\C70/rm/bx/n/12/5b â \C70/rm/bx/n/12/51 h \C70/rm/bx/n/12/96 M \C70/rm/bx/n/1
2/7e ß \C70/rm/bx/n/12/4e ã ˆ \C70/rm/bx/n/12/8b ∞ \C70/rm/bx/n/12/5f U|\C70/rm
/m/n/12/ff ^^Z| \C70/rm/m/n/12/7c ˚ \C70/rm/m/n/12/7e ﬂ \C70/rm/m/n/12/75 ^^_ \
C70/rm/m/n/12/62 ^^P \C70/rm/m/n/12/5b â \C70/rm/m/n/12/51 h \C70/rm/m/n/12/96 
M \C70/rm/m/n/12/7e ß \C70/rm/m/n/12/4e ã ˆ \C70/rm/m/n/12/65 Â \C70/rm/m/n/12/
5f ◊|\C70/rm/m/n/12/ff ^^L| \C70/rm/m/n/12/8b ∞ \C70/rm/m/n/12/5f U \C70/rm/m/n
/12/96 M \C70/rm/m/n/12/7e ß \C70/rm/m/n/12/65 ˆ \C70/rm/m/n/12/95 Ù|\C70/rm/m/
n/12/30 ^^A| \C70/rm/m/n/12/96 M \C70/rm/m/n/12/7e ß \C70/rm/m/n/12/52 M \C70/r
m/m/n/12/54 ^^N \C70/rm/m/n/12/76 Ñ$\OML/cmm/m/it/12 d[]$\C70/rm/m/n/12/50 <|\C
70/rm/m/n/12/30 ^^A|
 []


Overfull \hbox (0.55952pt too wide) in paragraph at lines 1093--1094
[]\C70/rm/bx/n/12/68 ÿ \C70/rm/bx/n/12/8f n \C70/rm/bx/n/12/7a ó \C70/rm/bx/n/1
2/53 „ \C70/rm/bx/n/12/4e ^^M \C70/rm/bx/n/12/54 } \C70/rm/bx/n/12/4e - \C70/rm
/bx/n/12/59 ^^D \C70/rm/bx/n/12/74 ^^F|\C70/rm/m/n/12/ff ^^Z| \C70/rm/m/n/12/82
 Â \C70/rm/m/n/12/54 / \C70/rm/m/n/12/75 ( \C70/rm/m/n/12/4e Ü \C70/rm/m/n/12/6
8 ÿ \C70/rm/m/n/12/8f n \C70/rm/m/n/12/66 Ù \C70/rm/m/n/12/65 ∞ |\C70/rm/m/n/12
/ff ^^H|\C70/rm/m/n/12/62 Ä \C70/rm/m/n/12/67 / \C70/rm/m/n/12/6d A \C70/rm/m/n
/12/7a  \C70/rm/m/n/12/4e ^^C\OT1/cmr/m/n/12 a|\C70/rm/m/n/12/ff 	||^^L| \C70/
rm/m/n/12/63 • \C70/rm/m/n/12/65 6 \C70/rm/m/n/12/7a Ô \C70/rm/m/n/12/57 ( \C70
/rm/m/n/12/68 ÿ \C70/rm/m/n/12/8f n \C70/rm/m/n/12/7a ó \C70/rm/m/n/12/53 „$\OM
L/cmm/m/it/12 w \OT1/cmr/m/n/12 =
 []

[29] [30] (‰∫§Â∫ï‰π¶_pandoc.aux)
 ***********
LaTeX2e <2025-11-01>
L3 programming layer <2022/07/14>
 ***********


LaTeX Warning: Label(s) may have changed. Rerun to get cross-references right.


Package rerunfilecheck Warning: File `‰∫§Â∫ï‰π¶_pandoc.out' has changed.
(rerunfilecheck)                Rerun to get outlines right
(rerunfilecheck)                or use package `bookmark'.

Package rerunfilecheck Info: Checksums for `‰∫§Â∫ï‰π¶_pandoc.out':
(rerunfilecheck)             Before: <no file>
(rerunfilecheck)             After:  03E089F0715569046799FBEA62F927CB;5631.
 ) 
Here is how much of TeX's memory you used:
 33193 strings out of 467871
 627735 string characters out of 5417891
 1105183 words of memory out of 5000000
 60783 multiletter control sequences out of 15000+600000
 745046 words of font info for 470 fonts, out of 8000000 for 9000
 1141 hyphenation exceptions out of 8191
 88i,16n,94p,1370b,659s stack positions out of 10000i,1000n,20000p,200000b,200000s
<C:/WINDOWS/Fonts/simsun.ttc><C:/WINDOWS/Fonts/simsun.ttc><C:/WINDOWS/Fonts/s
imsun.ttc><C:/WINDOWS/Fonts/simsun.ttc><C:/WINDOWS/Fonts/simsun.ttc><C:/WINDOWS
/Fonts/simsun.ttc><C:/WINDOWS/Fonts/simsun.ttc><C:/WINDOWS/Fonts/simsun.ttc><C:
/WINDOWS/Fonts/simsun.ttc><C:/WINDOWS/Fonts/simsun.ttc><C:/WINDOWS/Fonts/simsun
.ttc><C:/WINDOWS/Fonts/simsun.ttc><C:/WINDOWS/Fonts/simsun.ttc><C:/WINDOWS/Font
s/simsun.ttc><C:/WINDOWS/Fonts/simsun.ttc><C:/WINDOWS/Fonts/simsun.ttc><C:/WIND
OWS/Fonts/simsun.ttc><C:/WINDOWS/Fonts/simsun.ttc><C:/WINDOWS/Fonts/simsun.ttc>
<C:/WINDOWS/Fonts/simsun.ttc><C:/WINDOWS/Fonts/simsun.ttc><C:/WINDOWS/Fonts/sim
hei.ttf><C:/WINDOWS/Fonts/simkai.ttf><C:/WINDOWS/Fonts/simkai.ttf><C:/WINDOWS/F
onts/simkai.ttf><C:/WINDOWS/Fonts/simkai.ttf><C:/WINDOWS/Fonts/simhei.ttf><C:/W
INDOWS/Fonts/simsun.ttc><C:/WINDOWS/Fonts/simhei.ttf><C:/WINDOWS/Fonts/simkai.t
tf><C:/WINDOWS/Fonts/simkai.ttf><C:/WINDOWS/Fonts/simkai.ttf><C:/WINDOWS/Fonts/
simkai.ttf><C:/WINDOWS/Fonts/simkai.ttf><C:/WINDOWS/Fonts/simkai.ttf><C:/WINDOW
S/Fonts/simkai.ttf><C:/WINDOWS/Fonts/simkai.ttf><C:/WINDOWS/Fonts/simhei.ttf><C
:/WINDOWS/Fonts/simhei.ttf><C:/WINDOWS/Fonts/simhei.ttf><C:/WINDOWS/Fonts/simsu
n.ttc><C:/WINDOWS/Fonts/simsun.ttc><C:/WINDOWS/Fonts/simsun.ttc><C:/WINDOWS/Fon
ts/simhei.ttf><C:/WINDOWS/Fonts/simsun.ttc><C:/WINDOWS/Fonts/simsun.ttc><C:/WIN
DOWS/Fonts/simsun.ttc><C:/WINDOWS/Fonts/simsun.ttc><C:/WINDOWS/Fonts/simhei.ttf
><C:/WINDOWS/Fonts/simhei.ttf><C:/WINDOWS/Fonts/simsun.ttc><C:/WINDOWS/Fonts/si
msun.ttc><C:/WINDOWS/Fonts/simsun.ttc><C:/WINDOWS/Fonts/simsun.ttc><C:/WINDOWS/
Fonts/simsun.ttc><C:/WINDOWS/Fonts/simsun.ttc><C:/WINDOWS/Fonts/simsun.ttc><C:/
WINDOWS/Fonts/simsun.ttc><C:/WINDOWS/Fonts/simsun.ttc><C:/WINDOWS/Fonts/simsun.
ttc><C:/WINDOWS/Fonts/simsun.ttc><C:/WINDOWS/Fonts/simsun.ttc><C:/WINDOWS/Fonts
/simsun.ttc><C:/WINDOWS/Fonts/simsun.ttc><C:/WINDOWS/Fonts/simsun.ttc><C:/WINDO
WS/Fonts/simsun.ttc><C:/WINDOWS/Fonts/simsun.ttc><C:/WINDOWS/Fonts/simsun.ttc><
C:/WINDOWS/Fonts/simsun.ttc><C:/WINDOWS/Fonts/simhei.ttf><C:/WINDOWS/Fonts/simh
ei.ttf><C:/WINDOWS/Fonts/simsun.ttc><C:/WINDOWS/Fonts/simsun.ttc><C:/WINDOWS/Fo
nts/simhei.ttf><C:/WINDOWS/Fonts/simkai.ttf><C:/WINDOWS/Fonts/simhei.ttf><C:/WI
NDOWS/Fonts/simkai.ttf><C:/WINDOWS/Fonts/simkai.ttf><C:/WINDOWS/Fonts/simkai.tt
f><C:/WINDOWS/Fonts/simkai.ttf><C:/WINDOWS/Fonts/simkai.ttf><C:/WINDOWS/Fonts/s
imhei.ttf><C:/WINDOWS/Fonts/simhei.ttf><C:/WINDOWS/Fonts/simhei.ttf><C:/WINDOWS
/Fonts/simhei.ttf><C:/WINDOWS/Fonts/simhei.ttf><C:/WINDOWS/Fonts/simhei.ttf><C:
/WINDOWS/Fonts/simsun.ttc><C:/WINDOWS/Fonts/simhei.ttf><C:/WINDOWS/Fonts/simsun
.ttc><C:/WINDOWS/Fonts/simhei.ttf><C:/WINDOWS/Fonts/simsun.ttc><C:/WINDOWS/Font
s/simkai.ttf><C:/WINDOWS/Fonts/simkai.ttf><C:/WINDOWS/Fonts/simkai.ttf><C:/WIND
OWS/Fonts/simkai.ttf><C:/WINDOWS/Fonts/simkai.ttf><C:/WINDOWS/Fonts/simkai.ttf>
<C:/WINDOWS/Fonts/simhei.ttf><C:/WINDOWS/Fonts/simkai.ttf><C:/WINDOWS/Fonts/sim
kai.ttf><C:/WINDOWS/Fonts/simkai.ttf><C:/WINDOWS/Fonts/simkai.ttf><C:/WINDOWS/F
onts/simkai.ttf><C:/WINDOWS/Fonts/simkai.ttf><C:/WINDOWS/Fonts/simkai.ttf><C:/W
INDOWS/Fonts/simkai.ttf><C:/WINDOWS/Fonts/simkai.ttf><C:/WINDOWS/Fonts/simkai.t
tf><C:/WINDOWS/Fonts/simkai.ttf><C:/WINDOWS/Fonts/simkai.ttf><C:/WINDOWS/Fonts/
simkai.ttf><C:/WINDOWS/Fonts/simkai.ttf><C:/WINDOWS/Fonts/simkai.ttf><C:/WINDOW
S/Fonts/simkai.ttf><C:/WINDOWS/Fonts/simkai.ttf><C:/WINDOWS/Fonts/simkai.ttf><C
:/WINDOWS/Fonts/simkai.ttf><C:/WINDOWS/Fonts/simkai.ttf><C:/WINDOWS/Fonts/simka
i.ttf><C:/WINDOWS/Fonts/simkai.ttf><C:/WINDOWS/Fonts/simkai.ttf><C:/WINDOWS/Fon
ts/simkai.ttf><C:/WINDOWS/Fonts/simkai.ttf><C:/WINDOWS/Fonts/simkai.ttf><C:/WIN
DOWS/Fonts/simkai.ttf><C:/WINDOWS/Fonts/simkai.ttf><C:/WINDOWS/Fonts/simkai.ttf
><C:/WINDOWS/Fonts/simkai.ttf><C:/WINDOWS/Fonts/simkai.ttf><C:/WINDOWS/Fonts/si
mkai.ttf><C:/WINDOWS/Fonts/simkai.ttf><C:/WINDOWS/Fonts/simkai.ttf><C:/WINDOWS/
Fonts/simkai.ttf><C:/WINDOWS/Fonts/simkai.ttf><C:/WINDOWS/Fonts/simkai.ttf><C:/
WINDOWS/Fonts/simkai.ttf><C:/WINDOWS/Fonts/simkai.ttf><C:/WINDOWS/Fonts/simkai.
ttf><C:/WINDOWS/Fonts/simhei.ttf><C:/WINDOWS/Fonts/simhei.ttf><C:/WINDOWS/Fonts
/simhei.ttf><C:/WINDOWS/Fonts/simhei.ttf><C:/WINDOWS/Fonts/simhei.ttf><C:/WINDO
WS/Fonts/simhei.ttf><C:/WINDOWS/Fonts/simhei.ttf><C:/WINDOWS/Fonts/simsun.ttc><
C:/WINDOWS/Fonts/simhei.ttf><C:/WINDOWS/Fonts/simhei.ttf><C:/WINDOWS/Fonts/simh
ei.ttf><C:/WINDOWS/Fonts/simhei.ttf><C:/WINDOWS/Fonts/simhei.ttf> <C:\Users\Len
ovo\AppData\Local\MiKTeX\fonts/pk/ljfour/jknappen/ec/dpi600\tcrm1200.pk><C:/WIN
DOWS/Fonts/simhei.ttf><C:/WINDOWS/Fonts/simhei.ttf><C:/WINDOWS/Fonts/simhei.ttf
><C:/WINDOWS/Fonts/simhei.ttf><C:/WINDOWS/Fonts/simhei.ttf><C:/WINDOWS/Fonts/si
mhei.ttf><C:/WINDOWS/Fonts/simhei.ttf><C:/WINDOWS/Fonts/simsun.ttc><C:/WINDOWS/
Fonts/simsun.ttc><C:/WINDOWS/Fonts/simsun.ttc><C:/WINDOWS/Fonts/simsun.ttc><C:/
WINDOWS/Fonts/simsun.ttc><C:/WINDOWS/Fonts/simsun.ttc><C:/WINDOWS/Fonts/simsun.
ttc><C:/WINDOWS/Fonts/simhei.ttf><C:/WINDOWS/Fonts/simhei.ttf><C:/WINDOWS/Fonts
/simhei.ttf><C:/WINDOWS/Fonts/simhei.ttf><C:/WINDOWS/Fonts/simsun.ttc><C:/WINDO
WS/Fonts/simsun.ttc><C:/WINDOWS/Fonts/simsun.ttc><C:/WINDOWS/Fonts/simsun.ttc><
C:/WINDOWS/Fonts/simsun.ttc><C:/WINDOWS/Fonts/simsun.ttc><C:/WINDOWS/Fonts/sims
un.ttc><C:/WINDOWS/Fonts/simsun.ttc><C:/WINDOWS/Fonts/simsun.ttc><C:/WINDOWS/Fo
nts/simsun.ttc><C:/WINDOWS/Fonts/simsun.ttc><C:/WINDOWS/Fonts/simsun.ttc><C:/WI
NDOWS/Fonts/simsun.ttc><C:/WINDOWS/Fonts/simsun.ttc><C:/WINDOWS/Fonts/simsun.tt
c><C:/WINDOWS/Fonts/simsun.ttc><C:/WINDOWS/Fonts/simsun.ttc><C:/WINDOWS/Fonts/s
imsun.ttc><C:/WINDOWS/Fonts/simhei.ttf><C:/WINDOWS/Fonts/simhei.ttf><C:/WINDOWS
/Fonts/simhei.ttf><C:/WINDOWS/Fonts/simhei.ttf><C:/WINDOWS/Fonts/simhei.ttf><C:
/WINDOWS/Fonts/simhei.ttf><C:/WINDOWS/Fonts/simhei.ttf><C:/WINDOWS/Fonts/simhei
.ttf><C:/WINDOWS/Fonts/simhei.ttf><C:/WINDOWS/Fonts/simhei.ttf><C:/WINDOWS/Font
s/simhei.ttf><C:/WINDOWS/Fonts/simhei.ttf><C:/WINDOWS/Fonts/simhei.ttf><C:/WIND
OWS/Fonts/simhei.ttf><C:/WINDOWS/Fonts/simhei.ttf><C:/WINDOWS/Fonts/simhei.ttf>
<C:/WINDOWS/Fonts/simsun.ttc><C:/WINDOWS/Fonts/simsun.ttc><C:/WINDOWS/Fonts/sim
sun.ttc><C:/WINDOWS/Fonts/simsun.ttc><C:/WINDOWS/Fonts/simsun.ttc><C:/WINDOWS/F
onts/simsun.ttc><C:/WINDOWS/Fonts/simsun.ttc><C:/WINDOWS/Fonts/simsun.ttc><C:/W
INDOWS/Fonts/simsun.ttc><C:/WINDOWS/Fonts/simsun.ttc><C:/WINDOWS/Fonts/simsun.t
tc><C:/WINDOWS/Fonts/simsun.ttc><C:/WINDOWS/Fonts/simsun.ttc><C:/WINDOWS/Fonts/
simsun.ttc><C:/WINDOWS/Fonts/simsun.ttc><C:/WINDOWS/Fonts/simsun.ttc><C:/WINDOW
S/Fonts/simsun.ttc><C:/WINDOWS/Fonts/simhei.ttf><C:/WINDOWS/Fonts/simhei.ttf><C
:/WINDOWS/Fonts/simhei.ttf><C:/WINDOWS/Fonts/simhei.ttf><C:/WINDOWS/Fonts/simsu
n.ttc><C:/WINDOWS/Fonts/simsun.ttc><C:/WINDOWS/Fonts/simsun.ttc><C:/WINDOWS/Fon
ts/simsun.ttc><C:/WINDOWS/Fonts/simsun.ttc><C:/WINDOWS/Fonts/simsun.ttc><C:/WIN
DOWS/Fonts/simsun.ttc><C:/WINDOWS/Fonts/simsun.ttc><C:/WINDOWS/Fonts/simsun.ttc
><C:/WINDOWS/Fonts/simsun.ttc><C:/WINDOWS/Fonts/simsun.ttc><C:/WINDOWS/Fonts/si
msun.ttc><C:/WINDOWS/Fonts/simsun.ttc><C:/WINDOWS/Fonts/simsun.ttc><C:/WINDOWS/
Fonts/simsun.ttc><C:/WINDOWS/Fonts/simsun.ttc><C:/WINDOWS/Fonts/simsun.ttc><C:/
WINDOWS/Fonts/simsun.ttc><C:/WINDOWS/Fonts/simsun.ttc><C:/WINDOWS/Fonts/simsun.
ttc><C:/WINDOWS/Fonts/simsun.ttc><C:/WINDOWS/Fonts/simsun.ttc><C:/WINDOWS/Fonts
/simsun.ttc><C:/WINDOWS/Fonts/simsun.ttc><C:/WINDOWS/Fonts/simsun.ttc><C:/WINDO
WS/Fonts/simhei.ttf><C:/WINDOWS/Fonts/simhei.ttf><C:/WINDOWS/Fonts/simhei.ttf><
C:/WINDOWS/Fonts/simhei.ttf><C:/WINDOWS/Fonts/simhei.ttf><C:/WINDOWS/Fonts/simh
ei.ttf><C:/WINDOWS/Fonts/simhei.ttf><C:/Users/Lenovo/AppData/Local/Programs/MiK
TeX/fonts/type1/public/amsfonts/cm/cmbx12.pfb><C:/Users/Lenovo/AppData/Local/Pr
ograms/MiKTeX/fonts/type1/public/amsfonts/cm/cmbx8.pfb><C:/Users/Lenovo/AppData
/Local/Programs/MiKTeX/fonts/type1/public/amsfonts/cm/cmex10.pfb><C:/Users/Leno
vo/AppData/Local/Programs/MiKTeX/fonts/type1/public/amsfonts/cm/cmmi12.pfb><C:/
Users/Lenovo/AppData/Local/Programs/MiKTeX/fonts/type1/public/amsfonts/cm/cmmi6
.pfb><C:/Users/Lenovo/AppData/Local/Programs/MiKTeX/fonts/type1/public/amsfonts
/cm/cmmi8.pfb><C:/Users/Lenovo/AppData/Local/Programs/MiKTeX/fonts/type1/public
/amsfonts/cm/cmr12.pfb><C:/Users/Lenovo/AppData/Local/Programs/MiKTeX/fonts/typ
e1/public/amsfonts/cm/cmr17.pfb><C:/Users/Lenovo/AppData/Local/Programs/MiKTeX/
fonts/type1/public/amsfonts/cm/cmr6.pfb><C:/Users/Lenovo/AppData/Local/Programs
/MiKTeX/fonts/type1/public/amsfonts/cm/cmr8.pfb><C:/Users/Lenovo/AppData/Local/
Programs/MiKTeX/fonts/type1/public/amsfonts/cm/cmsl12.pfb><C:/Users/Lenovo/AppD
ata/Local/Programs/MiKTeX/fonts/type1/public/amsfonts/cm/cmsy10.pfb><C:/Users/L
enovo/AppData/Local/Programs/MiKTeX/fonts/type1/public/amsfonts/cm/cmsy6.pfb><C
:/Users/Lenovo/AppData/Local/Programs/MiKTeX/fonts/type1/public/amsfonts/cm/cms
y8.pfb><C:/Users/Lenovo/AppData/Local/Programs/MiKTeX/fonts/type1/public/amsfon
ts/cm/cmti12.pfb><C:/Users/Lenovo/AppData/Local/Programs/MiKTeX/fonts/type1/pub
lic/amsfonts/cm/cmti8.pfb><C:/Users/Lenovo/AppData/Local/Programs/MiKTeX/fonts/
type1/public/amsfonts/cm/cmtt12.pfb><C:/Users/Lenovo/AppData/Local/Programs/MiK
TeX/fonts/type1/public/amsfonts/symbols/msam10.pfb>
Output written on ‰∫§Â∫ï‰π¶_pandoc.pdf (30 pages, 1735593 bytes).
PDF statistics:
 1464 PDF objects out of 1728 (max. 8388607)
 130 named destinations out of 1000 (max. 500000)
 329 words of extra memory for PDF output out of 10000 (max. 10000000)

