scenario,scenario_code,deployment_entry,mapped_scheme,record_type,iteration,tamper_field,tamper_name,payload_bytes,policy_accept,policy_reason,verify_success_baseline,verify_total_baseline,tampered_message_reject_baseline,tampered_signature_reject_baseline,sign_mean_ms,verify_mean_ms,verify_p95_ms,verify_throughput_sig_s,pk_bytes,sig_bytes
量子计算网络节点准入,quantum_network_node_admission,节点准入控制器,titan-n8-r16,valid,1,,,295,1,ok,50,50,50,50,16.534,1.808,2.674,553.097,512,3104
量子计算网络节点准入,quantum_network_node_admission,节点准入控制器,titan-n8-r16,tampered,1,scheduling_domain,调度域篡改,295,0,domain_mismatch,50,50,50,50,16.534,1.808,2.674,553.097,512,3104
量子计算网络节点准入,quantum_network_node_admission,节点准入控制器,titan-n8-r16,tampered,1,node_role,节点角色篡改,294,0,role_not_allowed,50,50,50,50,16.534,1.808,2.674,553.097,512,3104
量子计算网络节点准入,quantum_network_node_admission,节点准入控制器,titan-n8-r16,tampered,1,certificate_digest,证书摘要篡改,249,0,certificate_registry_mismatch,50,50,50,50,16.534,1.808,2.674,553.097,512,3104
量子计算网络节点准入,quantum_network_node_admission,节点准入控制器,titan-n8-r16,valid,2,,,292,1,ok,50,50,50,50,16.534,1.808,2.674,553.097,512,3104
量子计算网络节点准入,quantum_network_node_admission,节点准入控制器,titan-n8-r16,tampered,2,scheduling_domain,调度域篡改,292,0,domain_mismatch,50,50,50,50,16.534,1.808,2.674,553.097,512,3104
量子计算网络节点准入,quantum_network_node_admission,节点准入控制器,titan-n8-r16,tampered,2,node_role,节点角色篡改,294,0,role_not_allowed,50,50,50,50,16.534,1.808,2.674,553.097,512,3104
量子计算网络节点准入,quantum_network_node_admission,节点准入控制器,titan-n8-r16,tampered,2,certificate_digest,证书摘要篡改,246,0,certificate_registry_mismatch,50,50,50,50,16.534,1.808,2.674,553.097,512,3104
量子计算网络节点准入,quantum_network_node_admission,节点准入控制器,titan-n8-r16,valid,3,,,292,1,ok,50,50,50,50,16.534,1.808,2.674,553.097,512,3104
量子计算网络节点准入,quantum_network_node_admission,节点准入控制器,titan-n8-r16,tampered,3,scheduling_domain,调度域篡改,292,0,domain_mismatch,50,50,50,50,16.534,1.808,2.674,553.097,512,3104
量子计算网络节点准入,quantum_network_node_admission,节点准入控制器,titan-n8-r16,tampered,3,node_role,节点角色篡改,294,0,role_not_allowed,50,50,50,50,16.534,1.808,2.674,553.097,512,3104
量子计算网络节点准入,quantum_network_node_admission,节点准入控制器,titan-n8-r16,tampered,3,certificate_digest,证书摘要篡改,246,0,certificate_registry_mismatch,50,50,50,50,16.534,1.808,2.674,553.097,512,3104
量子计算网络节点准入,quantum_network_node_admission,节点准入控制器,titan-n8-r16,valid,4,,,295,1,ok,50,50,50,50,16.534,1.808,2.674,553.097,512,3104
量子计算网络节点准入,quantum_network_node_admission,节点准入控制器,titan-n8-r16,tampered,4,scheduling_domain,调度域篡改,295,0,domain_mismatch,50,50,50,50,16.534,1.808,2.674,553.097,512,3104
量子计算网络节点准入,quantum_network_node_admission,节点准入控制器,titan-n8-r16,tampered,4,node_role,节点角色篡改,294,0,role_not_allowed,50,50,50,50,16.534,1.808,2.674,553.097,512,3104
量子计算网络节点准入,quantum_network_node_admission,节点准入控制器,titan-n8-r16,tampered,4,certificate_digest,证书摘要篡改,249,0,certificate_registry_mismatch,50,50,50,50,16.534,1.808,2.674,553.097,512,3104
量子计算网络节点准入,quantum_network_node_admission,节点准入控制器,titan-n8-r16,valid,5,,,295,1,ok,50,50,50,50,16.534,1.808,2.674,553.097,512,3104
量子计算网络节点准入,quantum_network_node_admission,节点准入控制器,titan-n8-r16,tampered,5,scheduling_domain,调度域篡改,295,0,domain_mismatch,50,50,50,50,16.534,1.808,2.674,553.097,512,3104
量子计算网络节点准入,quantum_network_node_admission,节点准入控制器,titan-n8-r16,tampered,5,node_role,节点角色篡改,294,0,role_not_allowed,50,50,50,50,16.534,1.808,2.674,553.097,512,3104
量子计算网络节点准入,quantum_network_node_admission,节点准入控制器,titan-n8-r16,tampered,5,certificate_digest,证书摘要篡改,249,0,certificate_registry_mismatch,50,50,50,50,16.534,1.808,2.674,553.097,512,3104
量子计算网络节点准入,quantum_network_node_admission,节点准入控制器,titan-n8-r16,valid,6,,,292,1,ok,50,50,50,50,16.534,1.808,2.674,553.097,512,3104
量子计算网络节点准入,quantum_network_node_admission,节点准入控制器,titan-n8-r16,tampered,6,scheduling_domain,调度域篡改,292,0,domain_mismatch,50,50,50,50,16.534,1.808,2.674,553.097,512,3104
量子计算网络节点准入,quantum_network_node_admission,节点准入控制器,titan-n8-r16,tampered,6,node_role,节点角色篡改,294,0,role_not_allowed,50,50,50,50,16.534,1.808,2.674,553.097,512,3104
量子计算网络节点准入,quantum_network_node_admission,节点准入控制器,titan-n8-r16,tampered,6,certificate_digest,证书摘要篡改,246,0,certificate_registry_mismatch,50,50,50,50,16.534,1.808,2.674,553.097,512,3104
量子计算网络节点准入,quantum_network_node_admission,节点准入控制器,titan-n8-r16,valid,7,,,292,1,ok,50,50,50,50,16.534,1.808,2.674,553.097,512,3104
量子计算网络节点准入,quantum_network_node_admission,节点准入控制器,titan-n8-r16,tampered,7,scheduling_domain,调度域篡改,292,0,domain_mismatch,50,50,50,50,16.534,1.808,2.674,553.097,512,3104
量子计算网络节点准入,quantum_network_node_admission,节点准入控制器,titan-n8-r16,tampered,7,node_role,节点角色篡改,294,0,role_not_allowed,50,50,50,50,16.534,1.808,2.674,553.097,512,3104
量子计算网络节点准入,quantum_network_node_admission,节点准入控制器,titan-n8-r16,tampered,7,certificate_digest,证书摘要篡改,246,0,certificate_registry_mismatch,50,50,50,50,16.534,1.808,2.674,553.097,512,3104
量子计算网络节点准入,quantum_network_node_admission,节点准入控制器,titan-n8-r16,valid,8,,,295,1,ok,50,50,50,50,16.534,1.808,2.674,553.097,512,3104
量子计算网络节点准入,quantum_network_node_admission,节点准入控制器,titan-n8-r16,tampered,8,scheduling_domain,调度域篡改,295,0,domain_mismatch,50,50,50,50,16.534,1.808,2.674,553.097,512,3104
量子计算网络节点准入,quantum_network_node_admission,节点准入控制器,titan-n8-r16,tampered,8,node_role,节点角色篡改,294,0,role_not_allowed,50,50,50,50,16.534,1.808,2.674,553.097,512,3104
量子计算网络节点准入,quantum_network_node_admission,节点准入控制器,titan-n8-r16,tampered,8,certificate_digest,证书摘要篡改,249,0,certificate_registry_mismatch,50,50,50,50,16.534,1.808,2.674,553.097,512,3104
量子计算网络节点准入,quantum_network_node_admission,节点准入控制器,titan-n8-r16,valid,9,,,295,1,ok,50,50,50,50,16.534,1.808,2.674,553.097,512,3104
量子计算网络节点准入,quantum_network_node_admission,节点准入控制器,titan-n8-r16,tampered,9,scheduling_domain,调度域篡改,295,0,domain_mismatch,50,50,50,50,16.534,1.808,2.674,553.097,512,3104
量子计算网络节点准入,quantum_network_node_admission,节点准入控制器,titan-n8-r16,tampered,9,node_role,节点角色篡改,294,0,role_not_allowed,50,50,50,50,16.534,1.808,2.674,553.097,512,3104
量子计算网络节点准入,quantum_network_node_admission,节点准入控制器,titan-n8-r16,tampered,9,certificate_digest,证书摘要篡改,249,0,certificate_registry_mismatch,50,50,50,50,16.534,1.808,2.674,553.097,512,3104
量子计算网络节点准入,quantum_network_node_admission,节点准入控制器,titan-n8-r16,valid,10,,,292,1,ok,50,50,50,50,16.534,1.808,2.674,553.097,512,3104
量子计算网络节点准入,quantum_network_node_admission,节点准入控制器,titan-n8-r16,tampered,10,scheduling_domain,调度域篡改,292,0,domain_mismatch,50,50,50,50,16.534,1.808,2.674,553.097,512,3104
量子计算网络节点准入,quantum_network_node_admission,节点准入控制器,titan-n8-r16,tampered,10,node_role,节点角色篡改,294,0,role_not_allowed,50,50,50,50,16.534,1.808,2.674,553.097,512,3104
量子计算网络节点准入,quantum_network_node_admission,节点准入控制器,titan-n8-r16,tampered,10,certificate_digest,证书摘要篡改,246,0,certificate_registry_mismatch,50,50,50,50,16.534,1.808,2.674,553.097,512,3104
量子计算网络节点准入,quantum_network_node_admission,节点准入控制器,titan-n8-r16,valid,11,,,292,1,ok,50,50,50,50,16.534,1.808,2.674,553.097,512,3104
量子计算网络节点准入,quantum_network_node_admission,节点准入控制器,titan-n8-r16,tampered,11,scheduling_domain,调度域篡改,292,0,domain_mismatch,50,50,50,50,16.534,1.808,2.674,553.097,512,3104
量子计算网络节点准入,quantum_network_node_admission,节点准入控制器,titan-n8-r16,tampered,11,node_role,节点角色篡改,294,0,role_not_allowed,50,50,50,50,16.534,1.808,2.674,553.097,512,3104
量子计算网络节点准入,quantum_network_node_admission,节点准入控制器,titan-n8-r16,tampered,11,certificate_digest,证书摘要篡改,246,0,certificate_registry_mismatch,50,50,50,50,16.534,1.808,2.674,553.097,512,3104
量子计算网络节点准入,quantum_network_node_admission,节点准入控制器,titan-n8-r16,valid,12,,,295,1,ok,50,50,50,50,16.534,1.808,2.674,553.097,512,3104
量子计算网络节点准入,quantum_network_node_admission,节点准入控制器,titan-n8-r16,tampered,12,scheduling_domain,调度域篡改,295,0,domain_mismatch,50,50,50,50,16.534,1.808,2.674,553.097,512,3104
量子计算网络节点准入,quantum_network_node_admission,节点准入控制器,titan-n8-r16,tampered,12,node_role,节点角色篡改,294,0,role_not_allowed,50,50,50,50,16.534,1.808,2.674,553.097,512,3104
量子计算网络节点准入,quantum_network_node_admission,节点准入控制器,titan-n8-r16,tampered,12,certificate_digest,证书摘要篡改,249,0,certificate_registry_mismatch,50,50,50,50,16.534,1.808,2.674,553.097,512,3104
量子计算网络节点准入,quantum_network_node_admission,节点准入控制器,titan-n8-r16,valid,13,,,295,1,ok,50,50,50,50,16.534,1.808,2.674,553.097,512,3104
量子计算网络节点准入,quantum_network_node_admission,节点准入控制器,titan-n8-r16,tampered,13,scheduling_domain,调度域篡改,295,0,domain_mismatch,50,50,50,50,16.534,1.808,2.674,553.097,512,3104
量子计算网络节点准入,quantum_network_node_admission,节点准入控制器,titan-n8-r16,tampered,13,node_role,节点角色篡改,294,0,role_not_allowed,50,50,50,50,16.534,1.808,2.674,553.097,512,3104
量子计算网络节点准入,quantum_network_node_admission,节点准入控制器,titan-n8-r16,tampered,13,certificate_digest,证书摘要篡改,249,0,certificate_registry_mismatch,50,50,50,50,16.534,1.808,2.674,553.097,512,3104
量子计算网络节点准入,quantum_network_node_admission,节点准入控制器,titan-n8-r16,valid,14,,,292,1,ok,50,50,50,50,16.534,1.808,2.674,553.097,512,3104
量子计算网络节点准入,quantum_network_node_admission,节点准入控制器,titan-n8-r16,tampered,14,scheduling_domain,调度域篡改,292,0,domain_mismatch,50,50,50,50,16.534,1.808,2.674,553.097,512,3104
量子计算网络节点准入,quantum_network_node_admission,节点准入控制器,titan-n8-r16,tampered,14,node_role,节点角色篡改,294,0,role_not_allowed,50,50,50,50,16.534,1.808,2.674,553.097,512,3104
量子计算网络节点准入,quantum_network_node_admission,节点准入控制器,titan-n8-r16,tampered,14,certificate_digest,证书摘要篡改,246,0,certificate_registry_mismatch,50,50,50,50,16.534,1.808,2.674,553.097,512,3104
量子计算网络节点准入,quantum_network_node_admission,节点准入控制器,titan-n8-r16,valid,15,,,292,1,ok,50,50,50,50,16.534,1.808,2.674,553.097,512,3104
量子计算网络节点准入,quantum_network_node_admission,节点准入控制器,titan-n8-r16,tampered,15,scheduling_domain,调度域篡改,292,0,domain_mismatch,50,50,50,50,16.534,1.808,2.674,553.097,512,3104
量子计算网络节点准入,quantum_network_node_admission,节点准入控制器,titan-n8-r16,tampered,15,node_role,节点角色篡改,294,0,role_not_allowed,50,50,50,50,16.534,1.808,2.674,553.097,512,3104
量子计算网络节点准入,quantum_network_node_admission,节点准入控制器,titan-n8-r16,tampered,15,certificate_digest,证书摘要篡改,246,0,certificate_registry_mismatch,50,50,50,50,16.534,1.808,2.674,553.097,512,3104
量子计算网络节点准入,quantum_network_node_admission,节点准入控制器,titan-n8-r16,valid,16,,,295,1,ok,50,50,50,50,16.534,1.808,2.674,553.097,512,3104
量子计算网络节点准入,quantum_network_node_admission,节点准入控制器,titan-n8-r16,tampered,16,scheduling_domain,调度域篡改,295,0,domain_mismatch,50,50,50,50,16.534,1.808,2.674,553.097,512,3104
量子计算网络节点准入,quantum_network_node_admission,节点准入控制器,titan-n8-r16,tampered,16,node_role,节点角色篡改,294,0,role_not_allowed,50,50,50,50,16.534,1.808,2.674,553.097,512,3104
量子计算网络节点准入,quantum_network_node_admission,节点准入控制器,titan-n8-r16,tampered,16,certificate_digest,证书摘要篡改,249,0,certificate_registry_mismatch,50,50,50,50,16.534,1.808,2.674,553.097,512,3104
量子计算网络节点准入,quantum_network_node_admission,节点准入控制器,titan-n8-r16,valid,17,,,295,1,ok,50,50,50,50,16.534,1.808,2.674,553.097,512,3104
量子计算网络节点准入,quantum_network_node_admission,节点准入控制器,titan-n8-r16,tampered,17,scheduling_domain,调度域篡改,295,0,domain_mismatch,50,50,50,50,16.534,1.808,2.674,553.097,512,3104
量子计算网络节点准入,quantum_network_node_admission,节点准入控制器,titan-n8-r16,tampered,17,node_role,节点角色篡改,294,0,role_not_allowed,50,50,50,50,16.534,1.808,2.674,553.097,512,3104
量子计算网络节点准入,quantum_network_node_admission,节点准入控制器,titan-n8-r16,tampered,17,certificate_digest,证书摘要篡改,249,0,certificate_registry_mismatch,50,50,50,50,16.534,1.808,2.674,553.097,512,3104
量子计算网络节点准入,quantum_network_node_admission,节点准入控制器,titan-n8-r16,valid,18,,,292,1,ok,50,50,50,50,16.534,1.808,2.674,553.097,512,3104
量子计算网络节点准入,quantum_network_node_admission,节点准入控制器,titan-n8-r16,tampered,18,scheduling_domain,调度域篡改,292,0,domain_mismatch,50,50,50,50,16.534,1.808,2.674,553.097,512,3104
量子计算网络节点准入,quantum_network_node_admission,节点准入控制器,titan-n8-r16,tampered,18,node_role,节点角色篡改,294,0,role_not_allowed,50,50,50,50,16.534,1.808,2.674,553.097,512,3104
量子计算网络节点准入,quantum_network_node_admission,节点准入控制器,titan-n8-r16,tampered,18,certificate_digest,证书摘要篡改,246,0,certificate_registry_mismatch,50,50,50,50,16.534,1.808,2.674,553.097,512,3104
量子计算网络节点准入,quantum_network_node_admission,节点准入控制器,titan-n8-r16,valid,19,,,292,1,ok,50,50,50,50,16.534,1.808,2.674,553.097,512,3104
量子计算网络节点准入,quantum_network_node_admission,节点准入控制器,titan-n8-r16,tampered,19,scheduling_domain,调度域篡改,292,0,domain_mismatch,50,50,50,50,16.534,1.808,2.674,553.097,512,3104
量子计算网络节点准入,quantum_network_node_admission,节点准入控制器,titan-n8-r16,tampered,19,node_role,节点角色篡改,294,0,role_not_allowed,50,50,50,50,16.534,1.808,2.674,553.097,512,3104
量子计算网络节点准入,quantum_network_node_admission,节点准入控制器,titan-n8-r16,tampered,19,certificate_digest,证书摘要篡改,246,0,certificate_registry_mismatch,50,50,50,50,16.534,1.808,2.674,553.097,512,3104
量子计算网络节点准入,quantum_network_node_admission,节点准入控制器,titan-n8-r16,valid,20,,,295,1,ok,50,50,50,50,16.534,1.808,2.674,553.097,512,3104
量子计算网络节点准入,quantum_network_node_admission,节点准入控制器,titan-n8-r16,tampered,20,scheduling_domain,调度域篡改,295,0,domain_mismatch,50,50,50,50,16.534,1.808,2.674,553.097,512,3104
量子计算网络节点准入,quantum_network_node_admission,节点准入控制器,titan-n8-r16,tampered,20,node_role,节点角色篡改,294,0,role_not_allowed,50,50,50,50,16.534,1.808,2.674,553.097,512,3104
量子计算网络节点准入,quantum_network_node_admission,节点准入控制器,titan-n8-r16,tampered,20,certificate_digest,证书摘要篡改,249,0,certificate_registry_mismatch,50,50,50,50,16.534,1.808,2.674,553.097,512,3104
量子计算网络节点准入,quantum_network_node_admission,节点准入控制器,titan-n8-r16,valid,21,,,295,1,ok,50,50,50,50,16.534,1.808,2.674,553.097,512,3104
量子计算网络节点准入,quantum_network_node_admission,节点准入控制器,titan-n8-r16,tampered,21,scheduling_domain,调度域篡改,295,0,domain_mismatch,50,50,50,50,16.534,1.808,2.674,553.097,512,3104
量子计算网络节点准入,quantum_network_node_admission,节点准入控制器,titan-n8-r16,tampered,21,node_role,节点角色篡改,294,0,role_not_allowed,50,50,50,50,16.534,1.808,2.674,553.097,512,3104
量子计算网络节点准入,quantum_network_node_admission,节点准入控制器,titan-n8-r16,tampered,21,certificate_digest,证书摘要篡改,249,0,certificate_registry_mismatch,50,50,50,50,16.534,1.808,2.674,553.097,512,3104
量子计算网络节点准入,quantum_network_node_admission,节点准入控制器,titan-n8-r16,valid,22,,,292,1,ok,50,50,50,50,16.534,1.808,2.674,553.097,512,3104
量子计算网络节点准入,quantum_network_node_admission,节点准入控制器,titan-n8-r16,tampered,22,scheduling_domain,调度域篡改,292,0,domain_mismatch,50,50,50,50,16.534,1.808,2.674,553.097,512,3104
量子计算网络节点准入,quantum_network_node_admission,节点准入控制器,titan-n8-r16,tampered,22,node_role,节点角色篡改,294,0,role_not_allowed,50,50,50,50,16.534,1.808,2.674,553.097,512,3104
量子计算网络节点准入,quantum_network_node_admission,节点准入控制器,titan-n8-r16,tampered,22,certificate_digest,证书摘要篡改,246,0,certificate_registry_mismatch,50,50,50,50,16.534,1.808,2.674,553.097,512,3104
量子计算网络节点准入,quantum_network_node_admission,节点准入控制器,titan-n8-r16,valid,23,,,292,1,ok,50,50,50,50,16.534,1.808,2.674,553.097,512,3104
量子计算网络节点准入,quantum_network_node_admission,节点准入控制器,titan-n8-r16,tampered,23,scheduling_domain,调度域篡改,292,0,domain_mismatch,50,50,50,50,16.534,1.808,2.674,553.097,512,3104
量子计算网络节点准入,quantum_network_node_admission,节点准入控制器,titan-n8-r16,tampered,23,node_role,节点角色篡改,294,0,role_not_allowed,50,50,50,50,16.534,1.808,2.674,553.097,512,3104
量子计算网络节点准入,quantum_network_node_admission,节点准入控制器,titan-n8-r16,tampered,23,certificate_digest,证书摘要篡改,246,0,certificate_registry_mismatch,50,50,50,50,16.534,1.808,2.674,553.097,512,3104
量子计算网络节点准入,quantum_network_node_admission,节点准入控制器,titan-n8-r16,valid,24,,,295,1,ok,50,50,50,50,16.534,1.808,2.674,553.097,512,3104
量子计算网络节点准入,quantum_network_node_admission,节点准入控制器,titan-n8-r16,tampered,24,scheduling_domain,调度域篡改,295,0,domain_mismatch,50,50,50,50,16.534,1.808,2.674,553.097,512,3104
量子计算网络节点准入,quantum_network_node_admission,节点准入控制器,titan-n8-r16,tampered,24,node_role,节点角色篡改,294,0,role_not_allowed,50,50,50,50,16.534,1.808,2.674,553.097,512,3104
量子计算网络节点准入,quantum_network_node_admission,节点准入控制器,titan-n8-r16,tampered,24,certificate_digest,证书摘要篡改,249,0,certificate_registry_mismatch,50,50,50,50,16.534,1.808,2.674,553.097,512,3104
量子计算网络节点准入,quantum_network_node_admission,节点准入控制器,titan-n8-r16,valid,25,,,295,1,ok,50,50,50,50,16.534,1.808,2.674,553.097,512,3104
量子计算网络节点准入,quantum_network_node_admission,节点准入控制器,titan-n8-r16,tampered,25,scheduling_domain,调度域篡改,295,0,domain_mismatch,50,50,50,50,16.534,1.808,2.674,553.097,512,3104
量子计算网络节点准入,quantum_network_node_admission,节点准入控制器,titan-n8-r16,tampered,25,node_role,节点角色篡改,294,0,role_not_allowed,50,50,50,50,16.534,1.808,2.674,553.097,512,3104
量子计算网络节点准入,quantum_network_node_admission,节点准入控制器,titan-n8-r16,tampered,25,certificate_digest,证书摘要篡改,249,0,certificate_registry_mismatch,50,50,50,50,16.534,1.808,2.674,553.097,512,3104
量子计算网络节点准入,quantum_network_node_admission,节点准入控制器,titan-n8-r16,valid,26,,,292,1,ok,50,50,50,50,16.534,1.808,2.674,553.097,512,3104
量子计算网络节点准入,quantum_network_node_admission,节点准入控制器,titan-n8-r16,tampered,26,scheduling_domain,调度域篡改,292,0,domain_mismatch,50,50,50,50,16.534,1.808,2.674,553.097,512,3104
量子计算网络节点准入,quantum_network_node_admission,节点准入控制器,titan-n8-r16,tampered,26,node_role,节点角色篡改,294,0,role_not_allowed,50,50,50,50,16.534,1.808,2.674,553.097,512,3104
量子计算网络节点准入,quantum_network_node_admission,节点准入控制器,titan-n8-r16,tampered,26,certificate_digest,证书摘要篡改,246,0,certificate_registry_mismatch,50,50,50,50,16.534,1.808,2.674,553.097,512,3104
量子计算网络节点准入,quantum_network_node_admission,节点准入控制器,titan-n8-r16,valid,27,,,292,1,ok,50,50,50,50,16.534,1.808,2.674,553.097,512,3104
量子计算网络节点准入,quantum_network_node_admission,节点准入控制器,titan-n8-r16,tampered,27,scheduling_domain,调度域篡改,292,0,domain_mismatch,50,50,50,50,16.534,1.808,2.674,553.097,512,3104
量子计算网络节点准入,quantum_network_node_admission,节点准入控制器,titan-n8-r16,tampered,27,node_role,节点角色篡改,294,0,role_not_allowed,50,50,50,50,16.534,1.808,2.674,553.097,512,3104
量子计算网络节点准入,quantum_network_node_admission,节点准入控制器,titan-n8-r16,tampered,27,certificate_digest,证书摘要篡改,246,0,certificate_registry_mismatch,50,50,50,50,16.534,1.808,2.674,553.097,512,3104
量子计算网络节点准入,quantum_network_node_admission,节点准入控制器,titan-n8-r16,valid,28,,,295,1,ok,50,50,50,50,16.534,1.808,2.674,553.097,512,3104
量子计算网络节点准入,quantum_network_node_admission,节点准入控制器,titan-n8-r16,tampered,28,scheduling_domain,调度域篡改,295,0,domain_mismatch,50,50,50,50,16.534,1.808,2.674,553.097,512,3104
量子计算网络节点准入,quantum_network_node_admission,节点准入控制器,titan-n8-r16,tampered,28,node_role,节点角色篡改,294,0,role_not_allowed,50,50,50,50,16.534,1.808,2.674,553.097,512,3104
量子计算网络节点准入,quantum_network_node_admission,节点准入控制器,titan-n8-r16,tampered,28,certificate_digest,证书摘要篡改,249,0,certificate_registry_mismatch,50,50,50,50,16.534,1.808,2.674,553.097,512,3104
量子计算网络节点准入,quantum_network_node_admission,节点准入控制器,titan-n8-r16,valid,29,,,295,1,ok,50,50,50,50,16.534,1.808,2.674,553.097,512,3104
量子计算网络节点准入,quantum_network_node_admission,节点准入控制器,titan-n8-r16,tampered,29,scheduling_domain,调度域篡改,295,0,domain_mismatch,50,50,50,50,16.534,1.808,2.674,553.097,512,3104
量子计算网络节点准入,quantum_network_node_admission,节点准入控制器,titan-n8-r16,tampered,29,node_role,节点角色篡改,294,0,role_not_allowed,50,50,50,50,16.534,1.808,2.674,553.097,512,3104
量子计算网络节点准入,quantum_network_node_admission,节点准入控制器,titan-n8-r16,tampered,29,certificate_digest,证书摘要篡改,249,0,certificate_registry_mismatch,50,50,50,50,16.534,1.808,2.674,553.097,512,3104
量子计算网络节点准入,quantum_network_node_admission,节点准入控制器,titan-n8-r16,valid,30,,,292,1,ok,50,50,50,50,16.534,1.808,2.674,553.097,512,3104
量子计算网络节点准入,quantum_network_node_admission,节点准入控制器,titan-n8-r16,tampered,30,scheduling_domain,调度域篡改,292,0,domain_mismatch,50,50,50,50,16.534,1.808,2.674,553.097,512,3104
量子计算网络节点准入,quantum_network_node_admission,节点准入控制器,titan-n8-r16,tampered,30,node_role,节点角色篡改,294,0,role_not_allowed,50,50,50,50,16.534,1.808,2.674,553.097,512,3104
量子计算网络节点准入,quantum_network_node_admission,节点准入控制器,titan-n8-r16,tampered,30,certificate_digest,证书摘要篡改,246,0,certificate_registry_mismatch,50,50,50,50,16.534,1.808,2.674,553.097,512,3104
量子计算网络节点准入,quantum_network_node_admission,节点准入控制器,titan-n8-r16,valid,31,,,292,1,ok,50,50,50,50,16.534,1.808,2.674,553.097,512,3104
量子计算网络节点准入,quantum_network_node_admission,节点准入控制器,titan-n8-r16,tampered,31,scheduling_domain,调度域篡改,292,0,domain_mismatch,50,50,50,50,16.534,1.808,2.674,553.097,512,3104
量子计算网络节点准入,quantum_network_node_admission,节点准入控制器,titan-n8-r16,tampered,31,node_role,节点角色篡改,294,0,role_not_allowed,50,50,50,50,16.534,1.808,2.674,553.097,512,3104
量子计算网络节点准入,quantum_network_node_admission,节点准入控制器,titan-n8-r16,tampered,31,certificate_digest,证书摘要篡改,246,0,certificate_registry_mismatch,50,50,50,50,16.534,1.808,2.674,553.097,512,3104
量子计算网络节点准入,quantum_network_node_admission,节点准入控制器,titan-n8-r16,valid,32,,,295,1,ok,50,50,50,50,16.534,1.808,2.674,553.097,512,3104
量子计算网络节点准入,quantum_network_node_admission,节点准入控制器,titan-n8-r16,tampered,32,scheduling_domain,调度域篡改,295,0,domain_mismatch,50,50,50,50,16.534,1.808,2.674,553.097,512,3104
量子计算网络节点准入,quantum_network_node_admission,节点准入控制器,titan-n8-r16,tampered,32,node_role,节点角色篡改,294,0,role_not_allowed,50,50,50,50,16.534,1.808,2.674,553.097,512,3104
量子计算网络节点准入,quantum_network_node_admission,节点准入控制器,titan-n8-r16,tampered,32,certificate_digest,证书摘要篡改,249,0,certificate_registry_mismatch,50,50,50,50,16.534,1.808,2.674,553.097,512,3104
量子计算网络节点准入,quantum_network_node_admission,节点准入控制器,titan-n8-r16,valid,33,,,295,1,ok,50,50,50,50,16.534,1.808,2.674,553.097,512,3104
量子计算网络节点准入,quantum_network_node_admission,节点准入控制器,titan-n8-r16,tampered,33,scheduling_domain,调度域篡改,295,0,domain_mismatch,50,50,50,50,16.534,1.808,2.674,553.097,512,3104
量子计算网络节点准入,quantum_network_node_admission,节点准入控制器,titan-n8-r16,tampered,33,node_role,节点角色篡改,294,0,role_not_allowed,50,50,50,50,16.534,1.808,2.674,553.097,512,3104
量子计算网络节点准入,quantum_network_node_admission,节点准入控制器,titan-n8-r16,tampered,33,certificate_digest,证书摘要篡改,249,0,certificate_registry_mismatch,50,50,50,50,16.534,1.808,2.674,553.097,512,3104
量子计算网络节点准入,quantum_network_node_admission,节点准入控制器,titan-n8-r16,valid,34,,,292,1,ok,50,50,50,50,16.534,1.808,2.674,553.097,512,3104
量子计算网络节点准入,quantum_network_node_admission,节点准入控制器,titan-n8-r16,tampered,34,scheduling_domain,调度域篡改,292,0,domain_mismatch,50,50,50,50,16.534,1.808,2.674,553.097,512,3104
量子计算网络节点准入,quantum_network_node_admission,节点准入控制器,titan-n8-r16,tampered,34,node_role,节点角色篡改,294,0,role_not_allowed,50,50,50,50,16.534,1.808,2.674,553.097,512,3104
量子计算网络节点准入,quantum_network_node_admission,节点准入控制器,titan-n8-r16,tampered,34,certificate_digest,证书摘要篡改,246,0,certificate_registry_mismatch,50,50,50,50,16.534,1.808,2.674,553.097,512,3104
量子计算网络节点准入,quantum_network_node_admission,节点准入控制器,titan-n8-r16,valid,35,,,292,1,ok,50,50,50,50,16.534,1.808,2.674,553.097,512,3104
量子计算网络节点准入,quantum_network_node_admission,节点准入控制器,titan-n8-r16,tampered,35,scheduling_domain,调度域篡改,292,0,domain_mismatch,50,50,50,50,16.534,1.808,2.674,553.097,512,3104
量子计算网络节点准入,quantum_network_node_admission,节点准入控制器,titan-n8-r16,tampered,35,node_role,节点角色篡改,294,0,role_not_allowed,50,50,50,50,16.534,1.808,2.674,553.097,512,3104
量子计算网络节点准入,quantum_network_node_admission,节点准入控制器,titan-n8-r16,tampered,35,certificate_digest,证书摘要篡改,246,0,certificate_registry_mismatch,50,50,50,50,16.534,1.808,2.674,553.097,512,3104
量子计算网络节点准入,quantum_network_node_admission,节点准入控制器,titan-n8-r16,valid,36,,,295,1,ok,50,50,50,50,16.534,1.808,2.674,553.097,512,3104
量子计算网络节点准入,quantum_network_node_admission,节点准入控制器,titan-n8-r16,tampered,36,scheduling_domain,调度域篡改,295,0,domain_mismatch,50,50,50,50,16.534,1.808,2.674,553.097,512,3104
量子计算网络节点准入,quantum_network_node_admission,节点准入控制器,titan-n8-r16,tampered,36,node_role,节点角色篡改,294,0,role_not_allowed,50,50,50,50,16.534,1.808,2.674,553.097,512,3104
量子计算网络节点准入,quantum_network_node_admission,节点准入控制器,titan-n8-r16,tampered,36,certificate_digest,证书摘要篡改,249,0,certificate_registry_mismatch,50,50,50,50,16.534,1.808,2.674,553.097,512,3104
量子计算网络节点准入,quantum_network_node_admission,节点准入控制器,titan-n8-r16,valid,37,,,295,1,ok,50,50,50,50,16.534,1.808,2.674,553.097,512,3104
量子计算网络节点准入,quantum_network_node_admission,节点准入控制器,titan-n8-r16,tampered,37,scheduling_domain,调度域篡改,295,0,domain_mismatch,50,50,50,50,16.534,1.808,2.674,553.097,512,3104
量子计算网络节点准入,quantum_network_node_admission,节点准入控制器,titan-n8-r16,tampered,37,node_role,节点角色篡改,294,0,role_not_allowed,50,50,50,50,16.534,1.808,2.674,553.097,512,3104
量子计算网络节点准入,quantum_network_node_admission,节点准入控制器,titan-n8-r16,tampered,37,certificate_digest,证书摘要篡改,249,0,certificate_registry_mismatch,50,50,50,50,16.534,1.808,2.674,553.097,512,3104
量子计算网络节点准入,quantum_network_node_admission,节点准入控制器,titan-n8-r16,valid,38,,,292,1,ok,50,50,50,50,16.534,1.808,2.674,553.097,512,3104
量子计算网络节点准入,quantum_network_node_admission,节点准入控制器,titan-n8-r16,tampered,38,scheduling_domain,调度域篡改,292,0,domain_mismatch,50,50,50,50,16.534,1.808,2.674,553.097,512,3104
量子计算网络节点准入,quantum_network_node_admission,节点准入控制器,titan-n8-r16,tampered,38,node_role,节点角色篡改,294,0,role_not_allowed,50,50,50,50,16.534,1.808,2.674,553.097,512,3104
量子计算网络节点准入,quantum_network_node_admission,节点准入控制器,titan-n8-r16,tampered,38,certificate_digest,证书摘要篡改,246,0,certificate_registry_mismatch,50,50,50,50,16.534,1.808,2.674,553.097,512,3104
量子计算网络节点准入,quantum_network_node_admission,节点准入控制器,titan-n8-r16,valid,39,,,292,1,ok,50,50,50,50,16.534,1.808,2.674,553.097,512,3104
量子计算网络节点准入,quantum_network_node_admission,节点准入控制器,titan-n8-r16,tampered,39,scheduling_domain,调度域篡改,292,0,domain_mismatch,50,50,50,50,16.534,1.808,2.674,553.097,512,3104
量子计算网络节点准入,quantum_network_node_admission,节点准入控制器,titan-n8-r16,tampered,39,node_role,节点角色篡改,294,0,role_not_allowed,50,50,50,50,16.534,1.808,2.674,553.097,512,3104
量子计算网络节点准入,quantum_network_node_admission,节点准入控制器,titan-n8-r16,tampered,39,certificate_digest,证书摘要篡改,246,0,certificate_registry_mismatch,50,50,50,50,16.534,1.808,2.674,553.097,512,3104
量子计算网络节点准入,quantum_network_node_admission,节点准入控制器,titan-n8-r16,valid,40,,,295,1,ok,50,50,50,50,16.534,1.808,2.674,553.097,512,3104
量子计算网络节点准入,quantum_network_node_admission,节点准入控制器,titan-n8-r16,tampered,40,scheduling_domain,调度域篡改,295,0,domain_mismatch,50,50,50,50,16.534,1.808,2.674,553.097,512,3104
量子计算网络节点准入,quantum_network_node_admission,节点准入控制器,titan-n8-r16,tampered,40,node_role,节点角色篡改,294,0,role_not_allowed,50,50,50,50,16.534,1.808,2.674,553.097,512,3104
量子计算网络节点准入,quantum_network_node_admission,节点准入控制器,titan-n8-r16,tampered,40,certificate_digest,证书摘要篡改,249,0,certificate_registry_mismatch,50,50,50,50,16.534,1.808,2.674,553.097,512,3104
量子计算网络节点准入,quantum_network_node_admission,节点准入控制器,titan-n8-r16,valid,41,,,295,1,ok,50,50,50,50,16.534,1.808,2.674,553.097,512,3104
量子计算网络节点准入,quantum_network_node_admission,节点准入控制器,titan-n8-r16,tampered,41,scheduling_domain,调度域篡改,295,0,domain_mismatch,50,50,50,50,16.534,1.808,2.674,553.097,512,3104
量子计算网络节点准入,quantum_network_node_admission,节点准入控制器,titan-n8-r16,tampered,41,node_role,节点角色篡改,294,0,role_not_allowed,50,50,50,50,16.534,1.808,2.674,553.097,512,3104
量子计算网络节点准入,quantum_network_node_admission,节点准入控制器,titan-n8-r16,tampered,41,certificate_digest,证书摘要篡改,249,0,certificate_registry_mismatch,50,50,50,50,16.534,1.808,2.674,553.097,512,3104
量子计算网络节点准入,quantum_network_node_admission,节点准入控制器,titan-n8-r16,valid,42,,,292,1,ok,50,50,50,50,16.534,1.808,2.674,553.097,512,3104
量子计算网络节点准入,quantum_network_node_admission,节点准入控制器,titan-n8-r16,tampered,42,scheduling_domain,调度域篡改,292,0,domain_mismatch,50,50,50,50,16.534,1.808,2.674,553.097,512,3104
量子计算网络节点准入,quantum_network_node_admission,节点准入控制器,titan-n8-r16,tampered,42,node_role,节点角色篡改,294,0,role_not_allowed,50,50,50,50,16.534,1.808,2.674,553.097,512,3104
量子计算网络节点准入,quantum_network_node_admission,节点准入控制器,titan-n8-r16,tampered,42,certificate_digest,证书摘要篡改,246,0,certificate_registry_mismatch,50,50,50,50,16.534,1.808,2.674,553.097,512,3104
量子计算网络节点准入,quantum_network_node_admission,节点准入控制器,titan-n8-r16,valid,43,,,292,1,ok,50,50,50,50,16.534,1.808,2.674,553.097,512,3104
量子计算网络节点准入,quantum_network_node_admission,节点准入控制器,titan-n8-r16,tampered,43,scheduling_domain,调度域篡改,292,0,domain_mismatch,50,50,50,50,16.534,1.808,2.674,553.097,512,3104
量子计算网络节点准入,quantum_network_node_admission,节点准入控制器,titan-n8-r16,tampered,43,node_role,节点角色篡改,294,0,role_not_allowed,50,50,50,50,16.534,1.808,2.674,553.097,512,3104
量子计算网络节点准入,quantum_network_node_admission,节点准入控制器,titan-n8-r16,tampered,43,certificate_digest,证书摘要篡改,246,0,certificate_registry_mismatch,50,50,50,50,16.534,1.808,2.674,553.097,512,3104
量子计算网络节点准入,quantum_network_node_admission,节点准入控制器,titan-n8-r16,valid,44,,,295,1,ok,50,50,50,50,16.534,1.808,2.674,553.097,512,3104
量子计算网络节点准入,quantum_network_node_admission,节点准入控制器,titan-n8-r16,tampered,44,scheduling_domain,调度域篡改,295,0,domain_mismatch,50,50,50,50,16.534,1.808,2.674,553.097,512,3104
量子计算网络节点准入,quantum_network_node_admission,节点准入控制器,titan-n8-r16,tampered,44,node_role,节点角色篡改,294,0,role_not_allowed,50,50,50,50,16.534,1.808,2.674,553.097,512,3104
量子计算网络节点准入,quantum_network_node_admission,节点准入控制器,titan-n8-r16,tampered,44,certificate_digest,证书摘要篡改,249,0,certificate_registry_mismatch,50,50,50,50,16.534,1.808,2.674,553.097,512,3104
量子计算网络节点准入,quantum_network_node_admission,节点准入控制器,titan-n8-r16,valid,45,,,295,1,ok,50,50,50,50,16.534,1.808,2.674,553.097,512,3104
量子计算网络节点准入,quantum_network_node_admission,节点准入控制器,titan-n8-r16,tampered,45,scheduling_domain,调度域篡改,295,0,domain_mismatch,50,50,50,50,16.534,1.808,2.674,553.097,512,3104
量子计算网络节点准入,quantum_network_node_admission,节点准入控制器,titan-n8-r16,tampered,45,node_role,节点角色篡改,294,0,role_not_allowed,50,50,50,50,16.534,1.808,2.674,553.097,512,3104
量子计算网络节点准入,quantum_network_node_admission,节点准入控制器,titan-n8-r16,tampered,45,certificate_digest,证书摘要篡改,249,0,certificate_registry_mismatch,50,50,50,50,16.534,1.808,2.674,553.097,512,3104
量子计算网络节点准入,quantum_network_node_admission,节点准入控制器,titan-n8-r16,valid,46,,,292,1,ok,50,50,50,50,16.534,1.808,2.674,553.097,512,3104
量子计算网络节点准入,quantum_network_node_admission,节点准入控制器,titan-n8-r16,tampered,46,scheduling_domain,调度域篡改,292,0,domain_mismatch,50,50,50,50,16.534,1.808,2.674,553.097,512,3104
量子计算网络节点准入,quantum_network_node_admission,节点准入控制器,titan-n8-r16,tampered,46,node_role,节点角色篡改,294,0,role_not_allowed,50,50,50,50,16.534,1.808,2.674,553.097,512,3104
量子计算网络节点准入,quantum_network_node_admission,节点准入控制器,titan-n8-r16,tampered,46,certificate_digest,证书摘要篡改,246,0,certificate_registry_mismatch,50,50,50,50,16.534,1.808,2.674,553.097,512,3104
量子计算网络节点准入,quantum_network_node_admission,节点准入控制器,titan-n8-r16,valid,47,,,292,1,ok,50,50,50,50,16.534,1.808,2.674,553.097,512,3104
量子计算网络节点准入,quantum_network_node_admission,节点准入控制器,titan-n8-r16,tampered,47,scheduling_domain,调度域篡改,292,0,domain_mismatch,50,50,50,50,16.534,1.808,2.674,553.097,512,3104
量子计算网络节点准入,quantum_network_node_admission,节点准入控制器,titan-n8-r16,tampered,47,node_role,节点角色篡改,294,0,role_not_allowed,50,50,50,50,16.534,1.808,2.674,553.097,512,3104
量子计算网络节点准入,quantum_network_node_admission,节点准入控制器,titan-n8-r16,tampered,47,certificate_digest,证书摘要篡改,246,0,certificate_registry_mismatch,50,50,50,50,16.534,1.808,2.674,553.097,512,3104
量子计算网络节点准入,quantum_network_node_admission,节点准入控制器,titan-n8-r16,valid,48,,,295,1,ok,50,50,50,50,16.534,1.808,2.674,553.097,512,3104
量子计算网络节点准入,quantum_network_node_admission,节点准入控制器,titan-n8-r16,tampered,48,scheduling_domain,调度域篡改,295,0,domain_mismatch,50,50,50,50,16.534,1.808,2.674,553.097,512,3104
量子计算网络节点准入,quantum_network_node_admission,节点准入控制器,titan-n8-r16,tampered,48,node_role,节点角色篡改,294,0,role_not_allowed,50,50,50,50,16.534,1.808,2.674,553.097,512,3104
量子计算网络节点准入,quantum_network_node_admission,节点准入控制器,titan-n8-r16,tampered,48,certificate_digest,证书摘要篡改,249,0,certificate_registry_mismatch,50,50,50,50,16.534,1.808,2.674,553.097,512,3104
量子计算网络节点准入,quantum_network_node_admission,节点准入控制器,titan-n8-r16,valid,49,,,295,1,ok,50,50,50,50,16.534,1.808,2.674,553.097,512,3104
量子计算网络节点准入,quantum_network_node_admission,节点准入控制器,titan-n8-r16,tampered,49,scheduling_domain,调度域篡改,295,0,domain_mismatch,50,50,50,50,16.534,1.808,2.674,553.097,512,3104
量子计算网络节点准入,quantum_network_node_admission,节点准入控制器,titan-n8-r16,tampered,49,node_role,节点角色篡改,294,0,role_not_allowed,50,50,50,50,16.534,1.808,2.674,553.097,512,3104
量子计算网络节点准入,quantum_network_node_admission,节点准入控制器,titan-n8-r16,tampered,49,certificate_digest,证书摘要篡改,249,0,certificate_registry_mismatch,50,50,50,50,16.534,1.808,2.674,553.097,512,3104
量子计算网络节点准入,quantum_network_node_admission,节点准入控制器,titan-n8-r16,valid,50,,,292,1,ok,50,50,50,50,16.534,1.808,2.674,553.097,512,3104
量子计算网络节点准入,quantum_network_node_admission,节点准入控制器,titan-n8-r16,tampered,50,scheduling_domain,调度域篡改,292,0,domain_mismatch,50,50,50,50,16.534,1.808,2.674,553.097,512,3104
量子计算网络节点准入,quantum_network_node_admission,节点准入控制器,titan-n8-r16,tampered,50,node_role,节点角色篡改,294,0,role_not_allowed,50,50,50,50,16.534,1.808,2.674,553.097,512,3104
量子计算网络节点准入,quantum_network_node_admission,节点准入控制器,titan-n8-r16,tampered,50,certificate_digest,证书摘要篡改,246,0,certificate_registry_mismatch,50,50,50,50,16.534,1.808,2.674,553.097,512,3104
AI加速设备固件升级,ai_accelerator_firmware_upgrade,可信启动链/升级代理,titan-n10-r32,valid,1,,,232,1,ok,50,50,50,50,43.297,4.136,5.343,241.779,1000,9632
AI加速设备固件升级,ai_accelerator_firmware_upgrade,可信启动链/升级代理,titan-n10-r32,tampered,1,device_model,设备型号篡改,232,0,device_model_mismatch,50,50,50,50,43.297,4.136,5.343,241.779,1000,9632
AI加速设备固件升级,ai_accelerator_firmware_upgrade,可信启动链/升级代理,titan-n10-r32,tampered,1,rollback_counter,回滚计数器篡改,232,0,rollback_counter_too_small,50,50,50,50,43.297,4.136,5.343,241.779,1000,9632
AI加速设备固件升级,ai_accelerator_firmware_upgrade,可信启动链/升级代理,titan-n10-r32,tampered,1,image_digest,镜像摘要篡改,187,0,image_digest_registry_mismatch,50,50,50,50,43.297,4.136,5.343,241.779,1000,9632
AI加速设备固件升级,ai_accelerator_firmware_upgrade,可信启动链/升级代理,titan-n10-r32,valid,2,,,232,1,ok,50,50,50,50,43.297,4.136,5.343,241.779,1000,9632
AI加速设备固件升级,ai_accelerator_firmware_upgrade,可信启动链/升级代理,titan-n10-r32,tampered,2,device_model,设备型号篡改,232,0,device_model_mismatch,50,50,50,50,43.297,4.136,5.343,241.779,1000,9632
AI加速设备固件升级,ai_accelerator_firmware_upgrade,可信启动链/升级代理,titan-n10-r32,tampered,2,rollback_counter,回滚计数器篡改,232,0,rollback_counter_too_small,50,50,50,50,43.297,4.136,5.343,241.779,1000,9632
AI加速设备固件升级,ai_accelerator_firmware_upgrade,可信启动链/升级代理,titan-n10-r32,tampered,2,image_digest,镜像摘要篡改,187,0,image_digest_registry_mismatch,50,50,50,50,43.297,4.136,5.343,241.779,1000,9632
AI加速设备固件升级,ai_accelerator_firmware_upgrade,可信启动链/升级代理,titan-n10-r32,valid,3,,,232,1,ok,50,50,50,50,43.297,4.136,5.343,241.779,1000,9632
AI加速设备固件升级,ai_accelerator_firmware_upgrade,可信启动链/升级代理,titan-n10-r32,tampered,3,device_model,设备型号篡改,232,0,device_model_mismatch,50,50,50,50,43.297,4.136,5.343,241.779,1000,9632
AI加速设备固件升级,ai_accelerator_firmware_upgrade,可信启动链/升级代理,titan-n10-r32,tampered,3,rollback_counter,回滚计数器篡改,232,0,rollback_counter_too_small,50,50,50,50,43.297,4.136,5.343,241.779,1000,9632
AI加速设备固件升级,ai_accelerator_firmware_upgrade,可信启动链/升级代理,titan-n10-r32,tampered,3,image_digest,镜像摘要篡改,187,0,image_digest_registry_mismatch,50,50,50,50,43.297,4.136,5.343,241.779,1000,9632
AI加速设备固件升级,ai_accelerator_firmware_upgrade,可信启动链/升级代理,titan-n10-r32,valid,4,,,232,1,ok,50,50,50,50,43.297,4.136,5.343,241.779,1000,9632
AI加速设备固件升级,ai_accelerator_firmware_upgrade,可信启动链/升级代理,titan-n10-r32,tampered,4,device_model,设备型号篡改,232,0,device_model_mismatch,50,50,50,50,43.297,4.136,5.343,241.779,1000,9632
AI加速设备固件升级,ai_accelerator_firmware_upgrade,可信启动链/升级代理,titan-n10-r32,tampered,4,rollback_counter,回滚计数器篡改,232,0,rollback_counter_too_small,50,50,50,50,43.297,4.136,5.343,241.779,1000,9632
AI加速设备固件升级,ai_accelerator_firmware_upgrade,可信启动链/升级代理,titan-n10-r32,tampered,4,image_digest,镜像摘要篡改,187,0,image_digest_registry_mismatch,50,50,50,50,43.297,4.136,5.343,241.779,1000,9632
AI加速设备固件升级,ai_accelerator_firmware_upgrade,可信启动链/升级代理,titan-n10-r32,valid,5,,,232,1,ok,50,50,50,50,43.297,4.136,5.343,241.779,1000,9632
AI加速设备固件升级,ai_accelerator_firmware_upgrade,可信启动链/升级代理,titan-n10-r32,tampered,5,device_model,设备型号篡改,232,0,device_model_mismatch,50,50,50,50,43.297,4.136,5.343,241.779,1000,9632
AI加速设备固件升级,ai_accelerator_firmware_upgrade,可信启动链/升级代理,titan-n10-r32,tampered,5,rollback_counter,回滚计数器篡改,232,0,rollback_counter_too_small,50,50,50,50,43.297,4.136,5.343,241.779,1000,9632
AI加速设备固件升级,ai_accelerator_firmware_upgrade,可信启动链/升级代理,titan-n10-r32,tampered,5,image_digest,镜像摘要篡改,187,0,image_digest_registry_mismatch,50,50,50,50,43.297,4.136,5.343,241.779,1000,9632
AI加速设备固件升级,ai_accelerator_firmware_upgrade,可信启动链/升级代理,titan-n10-r32,valid,6,,,232,1,ok,50,50,50,50,43.297,4.136,5.343,241.779,1000,9632
AI加速设备固件升级,ai_accelerator_firmware_upgrade,可信启动链/升级代理,titan-n10-r32,tampered,6,device_model,设备型号篡改,232,0,device_model_mismatch,50,50,50,50,43.297,4.136,5.343,241.779,1000,9632
AI加速设备固件升级,ai_accelerator_firmware_upgrade,可信启动链/升级代理,titan-n10-r32,tampered,6,rollback_counter,回滚计数器篡改,232,0,rollback_counter_too_small,50,50,50,50,43.297,4.136,5.343,241.779,1000,9632
AI加速设备固件升级,ai_accelerator_firmware_upgrade,可信启动链/升级代理,titan-n10-r32,tampered,6,image_digest,镜像摘要篡改,187,0,image_digest_registry_mismatch,50,50,50,50,43.297,4.136,5.343,241.779,1000,9632
AI加速设备固件升级,ai_accelerator_firmware_upgrade,可信启动链/升级代理,titan-n10-r32,valid,7,,,232,1,ok,50,50,50,50,43.297,4.136,5.343,241.779,1000,9632
AI加速设备固件升级,ai_accelerator_firmware_upgrade,可信启动链/升级代理,titan-n10-r32,tampered,7,device_model,设备型号篡改,232,0,device_model_mismatch,50,50,50,50,43.297,4.136,5.343,241.779,1000,9632
AI加速设备固件升级,ai_accelerator_firmware_upgrade,可信启动链/升级代理,titan-n10-r32,tampered,7,rollback_counter,回滚计数器篡改,232,0,rollback_counter_too_small,50,50,50,50,43.297,4.136,5.343,241.779,1000,9632
AI加速设备固件升级,ai_accelerator_firmware_upgrade,可信启动链/升级代理,titan-n10-r32,tampered,7,image_digest,镜像摘要篡改,187,0,image_digest_registry_mismatch,50,50,50,50,43.297,4.136,5.343,241.779,1000,9632
AI加速设备固件升级,ai_accelerator_firmware_upgrade,可信启动链/升级代理,titan-n10-r32,valid,8,,,232,1,ok,50,50,50,50,43.297,4.136,5.343,241.779,1000,9632
AI加速设备固件升级,ai_accelerator_firmware_upgrade,可信启动链/升级代理,titan-n10-r32,tampered,8,device_model,设备型号篡改,232,0,device_model_mismatch,50,50,50,50,43.297,4.136,5.343,241.779,1000,9632
AI加速设备固件升级,ai_accelerator_firmware_upgrade,可信启动链/升级代理,titan-n10-r32,tampered,8,rollback_counter,回滚计数器篡改,232,0,rollback_counter_too_small,50,50,50,50,43.297,4.136,5.343,241.779,1000,9632
AI加速设备固件升级,ai_accelerator_firmware_upgrade,可信启动链/升级代理,titan-n10-r32,tampered,8,image_digest,镜像摘要篡改,187,0,image_digest_registry_mismatch,50,50,50,50,43.297,4.136,5.343,241.779,1000,9632
AI加速设备固件升级,ai_accelerator_firmware_upgrade,可信启动链/升级代理,titan-n10-r32,valid,9,,,232,1,ok,50,50,50,50,43.297,4.136,5.343,241.779,1000,9632
AI加速设备固件升级,ai_accelerator_firmware_upgrade,可信启动链/升级代理,titan-n10-r32,tampered,9,device_model,设备型号篡改,232,0,device_model_mismatch,50,50,50,50,43.297,4.136,5.343,241.779,1000,9632
AI加速设备固件升级,ai_accelerator_firmware_upgrade,可信启动链/升级代理,titan-n10-r32,tampered,9,rollback_counter,回滚计数器篡改,232,0,rollback_counter_too_small,50,50,50,50,43.297,4.136,5.343,241.779,1000,9632
AI加速设备固件升级,ai_accelerator_firmware_upgrade,可信启动链/升级代理,titan-n10-r32,tampered,9,image_digest,镜像摘要篡改,187,0,image_digest_registry_mismatch,50,50,50,50,43.297,4.136,5.343,241.779,1000,9632
AI加速设备固件升级,ai_accelerator_firmware_upgrade,可信启动链/升级代理,titan-n10-r32,valid,10,,,232,1,ok,50,50,50,50,43.297,4.136,5.343,241.779,1000,9632
AI加速设备固件升级,ai_accelerator_firmware_upgrade,可信启动链/升级代理,titan-n10-r32,tampered,10,device_model,设备型号篡改,232,0,device_model_mismatch,50,50,50,50,43.297,4.136,5.343,241.779,1000,9632
AI加速设备固件升级,ai_accelerator_firmware_upgrade,可信启动链/升级代理,titan-n10-r32,tampered,10,rollback_counter,回滚计数器篡改,232,0,rollback_counter_too_small,50,50,50,50,43.297,4.136,5.343,241.779,1000,9632
AI加速设备固件升级,ai_accelerator_firmware_upgrade,可信启动链/升级代理,titan-n10-r32,tampered,10,image_digest,镜像摘要篡改,187,0,image_digest_registry_mismatch,50,50,50,50,43.297,4.136,5.343,241.779,1000,9632
AI加速设备固件升级,ai_accelerator_firmware_upgrade,可信启动链/升级代理,titan-n10-r32,valid,11,,,232,1,ok,50,50,50,50,43.297,4.136,5.343,241.779,1000,9632
AI加速设备固件升级,ai_accelerator_firmware_upgrade,可信启动链/升级代理,titan-n10-r32,tampered,11,device_model,设备型号篡改,232,0,device_model_mismatch,50,50,50,50,43.297,4.136,5.343,241.779,1000,9632
AI加速设备固件升级,ai_accelerator_firmware_upgrade,可信启动链/升级代理,titan-n10-r32,tampered,11,rollback_counter,回滚计数器篡改,232,0,rollback_counter_too_small,50,50,50,50,43.297,4.136,5.343,241.779,1000,9632
AI加速设备固件升级,ai_accelerator_firmware_upgrade,可信启动链/升级代理,titan-n10-r32,tampered,11,image_digest,镜像摘要篡改,187,0,image_digest_registry_mismatch,50,50,50,50,43.297,4.136,5.343,241.779,1000,9632
AI加速设备固件升级,ai_accelerator_firmware_upgrade,可信启动链/升级代理,titan-n10-r32,valid,12,,,232,1,ok,50,50,50,50,43.297,4.136,5.343,241.779,1000,9632
AI加速设备固件升级,ai_accelerator_firmware_upgrade,可信启动链/升级代理,titan-n10-r32,tampered,12,device_model,设备型号篡改,232,0,device_model_mismatch,50,50,50,50,43.297,4.136,5.343,241.779,1000,9632
AI加速设备固件升级,ai_accelerator_firmware_upgrade,可信启动链/升级代理,titan-n10-r32,tampered,12,rollback_counter,回滚计数器篡改,232,0,rollback_counter_too_small,50,50,50,50,43.297,4.136,5.343,241.779,1000,9632
AI加速设备固件升级,ai_accelerator_firmware_upgrade,可信启动链/升级代理,titan-n10-r32,tampered,12,image_digest,镜像摘要篡改,187,0,image_digest_registry_mismatch,50,50,50,50,43.297,4.136,5.343,241.779,1000,9632
AI加速设备固件升级,ai_accelerator_firmware_upgrade,可信启动链/升级代理,titan-n10-r32,valid,13,,,232,1,ok,50,50,50,50,43.297,4.136,5.343,241.779,1000,9632
AI加速设备固件升级,ai_accelerator_firmware_upgrade,可信启动链/升级代理,titan-n10-r32,tampered,13,device_model,设备型号篡改,232,0,device_model_mismatch,50,50,50,50,43.297,4.136,5.343,241.779,1000,9632
AI加速设备固件升级,ai_accelerator_firmware_upgrade,可信启动链/升级代理,titan-n10-r32,tampered,13,rollback_counter,回滚计数器篡改,232,0,rollback_counter_too_small,50,50,50,50,43.297,4.136,5.343,241.779,1000,9632
AI加速设备固件升级,ai_accelerator_firmware_upgrade,可信启动链/升级代理,titan-n10-r32,tampered,13,image_digest,镜像摘要篡改,187,0,image_digest_registry_mismatch,50,50,50,50,43.297,4.136,5.343,241.779,1000,9632
AI加速设备固件升级,ai_accelerator_firmware_upgrade,可信启动链/升级代理,titan-n10-r32,valid,14,,,232,1,ok,50,50,50,50,43.297,4.136,5.343,241.779,1000,9632
AI加速设备固件升级,ai_accelerator_firmware_upgrade,可信启动链/升级代理,titan-n10-r32,tampered,14,device_model,设备型号篡改,232,0,device_model_mismatch,50,50,50,50,43.297,4.136,5.343,241.779,1000,9632
AI加速设备固件升级,ai_accelerator_firmware_upgrade,可信启动链/升级代理,titan-n10-r32,tampered,14,rollback_counter,回滚计数器篡改,232,0,rollback_counter_too_small,50,50,50,50,43.297,4.136,5.343,241.779,1000,9632
AI加速设备固件升级,ai_accelerator_firmware_upgrade,可信启动链/升级代理,titan-n10-r32,tampered,14,image_digest,镜像摘要篡改,187,0,image_digest_registry_mismatch,50,50,50,50,43.297,4.136,5.343,241.779,1000,9632
AI加速设备固件升级,ai_accelerator_firmware_upgrade,可信启动链/升级代理,titan-n10-r32,valid,15,,,232,1,ok,50,50,50,50,43.297,4.136,5.343,241.779,1000,9632
AI加速设备固件升级,ai_accelerator_firmware_upgrade,可信启动链/升级代理,titan-n10-r32,tampered,15,device_model,设备型号篡改,232,0,device_model_mismatch,50,50,50,50,43.297,4.136,5.343,241.779,1000,9632
AI加速设备固件升级,ai_accelerator_firmware_upgrade,可信启动链/升级代理,titan-n10-r32,tampered,15,rollback_counter,回滚计数器篡改,232,0,rollback_counter_too_small,50,50,50,50,43.297,4.136,5.343,241.779,1000,9632
AI加速设备固件升级,ai_accelerator_firmware_upgrade,可信启动链/升级代理,titan-n10-r32,tampered,15,image_digest,镜像摘要篡改,187,0,image_digest_registry_mismatch,50,50,50,50,43.297,4.136,5.343,241.779,1000,9632
AI加速设备固件升级,ai_accelerator_firmware_upgrade,可信启动链/升级代理,titan-n10-r32,valid,16,,,232,1,ok,50,50,50,50,43.297,4.136,5.343,241.779,1000,9632
AI加速设备固件升级,ai_accelerator_firmware_upgrade,可信启动链/升级代理,titan-n10-r32,tampered,16,device_model,设备型号篡改,232,0,device_model_mismatch,50,50,50,50,43.297,4.136,5.343,241.779,1000,9632
AI加速设备固件升级,ai_accelerator_firmware_upgrade,可信启动链/升级代理,titan-n10-r32,tampered,16,rollback_counter,回滚计数器篡改,232,0,rollback_counter_too_small,50,50,50,50,43.297,4.136,5.343,241.779,1000,9632
AI加速设备固件升级,ai_accelerator_firmware_upgrade,可信启动链/升级代理,titan-n10-r32,tampered,16,image_digest,镜像摘要篡改,187,0,image_digest_registry_mismatch,50,50,50,50,43.297,4.136,5.343,241.779,1000,9632
AI加速设备固件升级,ai_accelerator_firmware_upgrade,可信启动链/升级代理,titan-n10-r32,valid,17,,,232,1,ok,50,50,50,50,43.297,4.136,5.343,241.779,1000,9632
AI加速设备固件升级,ai_accelerator_firmware_upgrade,可信启动链/升级代理,titan-n10-r32,tampered,17,device_model,设备型号篡改,232,0,device_model_mismatch,50,50,50,50,43.297,4.136,5.343,241.779,1000,9632
AI加速设备固件升级,ai_accelerator_firmware_upgrade,可信启动链/升级代理,titan-n10-r32,tampered,17,rollback_counter,回滚计数器篡改,232,0,rollback_counter_too_small,50,50,50,50,43.297,4.136,5.343,241.779,1000,9632
AI加速设备固件升级,ai_accelerator_firmware_upgrade,可信启动链/升级代理,titan-n10-r32,tampered,17,image_digest,镜像摘要篡改,187,0,image_digest_registry_mismatch,50,50,50,50,43.297,4.136,5.343,241.779,1000,9632
AI加速设备固件升级,ai_accelerator_firmware_upgrade,可信启动链/升级代理,titan-n10-r32,valid,18,,,232,1,ok,50,50,50,50,43.297,4.136,5.343,241.779,1000,9632
AI加速设备固件升级,ai_accelerator_firmware_upgrade,可信启动链/升级代理,titan-n10-r32,tampered,18,device_model,设备型号篡改,232,0,device_model_mismatch,50,50,50,50,43.297,4.136,5.343,241.779,1000,9632
AI加速设备固件升级,ai_accelerator_firmware_upgrade,可信启动链/升级代理,titan-n10-r32,tampered,18,rollback_counter,回滚计数器篡改,232,0,rollback_counter_too_small,50,50,50,50,43.297,4.136,5.343,241.779,1000,9632
AI加速设备固件升级,ai_accelerator_firmware_upgrade,可信启动链/升级代理,titan-n10-r32,tampered,18,image_digest,镜像摘要篡改,187,0,image_digest_registry_mismatch,50,50,50,50,43.297,4.136,5.343,241.779,1000,9632
AI加速设备固件升级,ai_accelerator_firmware_upgrade,可信启动链/升级代理,titan-n10-r32,valid,19,,,232,1,ok,50,50,50,50,43.297,4.136,5.343,241.779,1000,9632
AI加速设备固件升级,ai_accelerator_firmware_upgrade,可信启动链/升级代理,titan-n10-r32,tampered,19,device_model,设备型号篡改,232,0,device_model_mismatch,50,50,50,50,43.297,4.136,5.343,241.779,1000,9632
AI加速设备固件升级,ai_accelerator_firmware_upgrade,可信启动链/升级代理,titan-n10-r32,tampered,19,rollback_counter,回滚计数器篡改,232,0,rollback_counter_too_small,50,50,50,50,43.297,4.136,5.343,241.779,1000,9632
AI加速设备固件升级,ai_accelerator_firmware_upgrade,可信启动链/升级代理,titan-n10-r32,tampered,19,image_digest,镜像摘要篡改,187,0,image_digest_registry_mismatch,50,50,50,50,43.297,4.136,5.343,241.779,1000,9632
AI加速设备固件升级,ai_accelerator_firmware_upgrade,可信启动链/升级代理,titan-n10-r32,valid,20,,,232,1,ok,50,50,50,50,43.297,4.136,5.343,241.779,1000,9632
AI加速设备固件升级,ai_accelerator_firmware_upgrade,可信启动链/升级代理,titan-n10-r32,tampered,20,device_model,设备型号篡改,232,0,device_model_mismatch,50,50,50,50,43.297,4.136,5.343,241.779,1000,9632
AI加速设备固件升级,ai_accelerator_firmware_upgrade,可信启动链/升级代理,titan-n10-r32,tampered,20,rollback_counter,回滚计数器篡改,232,0,rollback_counter_too_small,50,50,50,50,43.297,4.136,5.343,241.779,1000,9632
AI加速设备固件升级,ai_accelerator_firmware_upgrade,可信启动链/升级代理,titan-n10-r32,tampered,20,image_digest,镜像摘要篡改,187,0,image_digest_registry_mismatch,50,50,50,50,43.297,4.136,5.343,241.779,1000,9632
AI加速设备固件升级,ai_accelerator_firmware_upgrade,可信启动链/升级代理,titan-n10-r32,valid,21,,,232,1,ok,50,50,50,50,43.297,4.136,5.343,241.779,1000,9632
AI加速设备固件升级,ai_accelerator_firmware_upgrade,可信启动链/升级代理,titan-n10-r32,tampered,21,device_model,设备型号篡改,232,0,device_model_mismatch,50,50,50,50,43.297,4.136,5.343,241.779,1000,9632
AI加速设备固件升级,ai_accelerator_firmware_upgrade,可信启动链/升级代理,titan-n10-r32,tampered,21,rollback_counter,回滚计数器篡改,232,0,rollback_counter_too_small,50,50,50,50,43.297,4.136,5.343,241.779,1000,9632
AI加速设备固件升级,ai_accelerator_firmware_upgrade,可信启动链/升级代理,titan-n10-r32,tampered,21,image_digest,镜像摘要篡改,187,0,image_digest_registry_mismatch,50,50,50,50,43.297,4.136,5.343,241.779,1000,9632
AI加速设备固件升级,ai_accelerator_firmware_upgrade,可信启动链/升级代理,titan-n10-r32,valid,22,,,232,1,ok,50,50,50,50,43.297,4.136,5.343,241.779,1000,9632
AI加速设备固件升级,ai_accelerator_firmware_upgrade,可信启动链/升级代理,titan-n10-r32,tampered,22,device_model,设备型号篡改,232,0,device_model_mismatch,50,50,50,50,43.297,4.136,5.343,241.779,1000,9632
AI加速设备固件升级,ai_accelerator_firmware_upgrade,可信启动链/升级代理,titan-n10-r32,tampered,22,rollback_counter,回滚计数器篡改,232,0,rollback_counter_too_small,50,50,50,50,43.297,4.136,5.343,241.779,1000,9632
AI加速设备固件升级,ai_accelerator_firmware_upgrade,可信启动链/升级代理,titan-n10-r32,tampered,22,image_digest,镜像摘要篡改,187,0,image_digest_registry_mismatch,50,50,50,50,43.297,4.136,5.343,241.779,1000,9632
AI加速设备固件升级,ai_accelerator_firmware_upgrade,可信启动链/升级代理,titan-n10-r32,valid,23,,,232,1,ok,50,50,50,50,43.297,4.136,5.343,241.779,1000,9632
AI加速设备固件升级,ai_accelerator_firmware_upgrade,可信启动链/升级代理,titan-n10-r32,tampered,23,device_model,设备型号篡改,232,0,device_model_mismatch,50,50,50,50,43.297,4.136,5.343,241.779,1000,9632
AI加速设备固件升级,ai_accelerator_firmware_upgrade,可信启动链/升级代理,titan-n10-r32,tampered,23,rollback_counter,回滚计数器篡改,232,0,rollback_counter_too_small,50,50,50,50,43.297,4.136,5.343,241.779,1000,9632
AI加速设备固件升级,ai_accelerator_firmware_upgrade,可信启动链/升级代理,titan-n10-r32,tampered,23,image_digest,镜像摘要篡改,187,0,image_digest_registry_mismatch,50,50,50,50,43.297,4.136,5.343,241.779,1000,9632
AI加速设备固件升级,ai_accelerator_firmware_upgrade,可信启动链/升级代理,titan-n10-r32,valid,24,,,232,1,ok,50,50,50,50,43.297,4.136,5.343,241.779,1000,9632
AI加速设备固件升级,ai_accelerator_firmware_upgrade,可信启动链/升级代理,titan-n10-r32,tampered,24,device_model,设备型号篡改,232,0,device_model_mismatch,50,50,50,50,43.297,4.136,5.343,241.779,1000,9632
AI加速设备固件升级,ai_accelerator_firmware_upgrade,可信启动链/升级代理,titan-n10-r32,tampered,24,rollback_counter,回滚计数器篡改,232,0,rollback_counter_too_small,50,50,50,50,43.297,4.136,5.343,241.779,1000,9632
AI加速设备固件升级,ai_accelerator_firmware_upgrade,可信启动链/升级代理,titan-n10-r32,tampered,24,image_digest,镜像摘要篡改,187,0,image_digest_registry_mismatch,50,50,50,50,43.297,4.136,5.343,241.779,1000,9632
AI加速设备固件升级,ai_accelerator_firmware_upgrade,可信启动链/升级代理,titan-n10-r32,valid,25,,,232,1,ok,50,50,50,50,43.297,4.136,5.343,241.779,1000,9632
AI加速设备固件升级,ai_accelerator_firmware_upgrade,可信启动链/升级代理,titan-n10-r32,tampered,25,device_model,设备型号篡改,232,0,device_model_mismatch,50,50,50,50,43.297,4.136,5.343,241.779,1000,9632
AI加速设备固件升级,ai_accelerator_firmware_upgrade,可信启动链/升级代理,titan-n10-r32,tampered,25,rollback_counter,回滚计数器篡改,232,0,rollback_counter_too_small,50,50,50,50,43.297,4.136,5.343,241.779,1000,9632
AI加速设备固件升级,ai_accelerator_firmware_upgrade,可信启动链/升级代理,titan-n10-r32,tampered,25,image_digest,镜像摘要篡改,187,0,image_digest_registry_mismatch,50,50,50,50,43.297,4.136,5.343,241.779,1000,9632
AI加速设备固件升级,ai_accelerator_firmware_upgrade,可信启动链/升级代理,titan-n10-r32,valid,26,,,232,1,ok,50,50,50,50,43.297,4.136,5.343,241.779,1000,9632
AI加速设备固件升级,ai_accelerator_firmware_upgrade,可信启动链/升级代理,titan-n10-r32,tampered,26,device_model,设备型号篡改,232,0,device_model_mismatch,50,50,50,50,43.297,4.136,5.343,241.779,1000,9632
AI加速设备固件升级,ai_accelerator_firmware_upgrade,可信启动链/升级代理,titan-n10-r32,tampered,26,rollback_counter,回滚计数器篡改,232,0,rollback_counter_too_small,50,50,50,50,43.297,4.136,5.343,241.779,1000,9632
AI加速设备固件升级,ai_accelerator_firmware_upgrade,可信启动链/升级代理,titan-n10-r32,tampered,26,image_digest,镜像摘要篡改,187,0,image_digest_registry_mismatch,50,50,50,50,43.297,4.136,5.343,241.779,1000,9632
AI加速设备固件升级,ai_accelerator_firmware_upgrade,可信启动链/升级代理,titan-n10-r32,valid,27,,,232,1,ok,50,50,50,50,43.297,4.136,5.343,241.779,1000,9632
AI加速设备固件升级,ai_accelerator_firmware_upgrade,可信启动链/升级代理,titan-n10-r32,tampered,27,device_model,设备型号篡改,232,0,device_model_mismatch,50,50,50,50,43.297,4.136,5.343,241.779,1000,9632
AI加速设备固件升级,ai_accelerator_firmware_upgrade,可信启动链/升级代理,titan-n10-r32,tampered,27,rollback_counter,回滚计数器篡改,232,0,rollback_counter_too_small,50,50,50,50,43.297,4.136,5.343,241.779,1000,9632
AI加速设备固件升级,ai_accelerator_firmware_upgrade,可信启动链/升级代理,titan-n10-r32,tampered,27,image_digest,镜像摘要篡改,187,0,image_digest_registry_mismatch,50,50,50,50,43.297,4.136,5.343,241.779,1000,9632
AI加速设备固件升级,ai_accelerator_firmware_upgrade,可信启动链/升级代理,titan-n10-r32,valid,28,,,232,1,ok,50,50,50,50,43.297,4.136,5.343,241.779,1000,9632
AI加速设备固件升级,ai_accelerator_firmware_upgrade,可信启动链/升级代理,titan-n10-r32,tampered,28,device_model,设备型号篡改,232,0,device_model_mismatch,50,50,50,50,43.297,4.136,5.343,241.779,1000,9632
AI加速设备固件升级,ai_accelerator_firmware_upgrade,可信启动链/升级代理,titan-n10-r32,tampered,28,rollback_counter,回滚计数器篡改,232,0,rollback_counter_too_small,50,50,50,50,43.297,4.136,5.343,241.779,1000,9632
AI加速设备固件升级,ai_accelerator_firmware_upgrade,可信启动链/升级代理,titan-n10-r32,tampered,28,image_digest,镜像摘要篡改,187,0,image_digest_registry_mismatch,50,50,50,50,43.297,4.136,5.343,241.779,1000,9632
AI加速设备固件升级,ai_accelerator_firmware_upgrade,可信启动链/升级代理,titan-n10-r32,valid,29,,,232,1,ok,50,50,50,50,43.297,4.136,5.343,241.779,1000,9632
AI加速设备固件升级,ai_accelerator_firmware_upgrade,可信启动链/升级代理,titan-n10-r32,tampered,29,device_model,设备型号篡改,232,0,device_model_mismatch,50,50,50,50,43.297,4.136,5.343,241.779,1000,9632
AI加速设备固件升级,ai_accelerator_firmware_upgrade,可信启动链/升级代理,titan-n10-r32,tampered,29,rollback_counter,回滚计数器篡改,232,0,rollback_counter_too_small,50,50,50,50,43.297,4.136,5.343,241.779,1000,9632
AI加速设备固件升级,ai_accelerator_firmware_upgrade,可信启动链/升级代理,titan-n10-r32,tampered,29,image_digest,镜像摘要篡改,187,0,image_digest_registry_mismatch,50,50,50,50,43.297,4.136,5.343,241.779,1000,9632
AI加速设备固件升级,ai_accelerator_firmware_upgrade,可信启动链/升级代理,titan-n10-r32,valid,30,,,232,1,ok,50,50,50,50,43.297,4.136,5.343,241.779,1000,9632
AI加速设备固件升级,ai_accelerator_firmware_upgrade,可信启动链/升级代理,titan-n10-r32,tampered,30,device_model,设备型号篡改,232,0,device_model_mismatch,50,50,50,50,43.297,4.136,5.343,241.779,1000,9632
AI加速设备固件升级,ai_accelerator_firmware_upgrade,可信启动链/升级代理,titan-n10-r32,tampered,30,rollback_counter,回滚计数器篡改,232,0,rollback_counter_too_small,50,50,50,50,43.297,4.136,5.343,241.779,1000,9632
AI加速设备固件升级,ai_accelerator_firmware_upgrade,可信启动链/升级代理,titan-n10-r32,tampered,30,image_digest,镜像摘要篡改,187,0,image_digest_registry_mismatch,50,50,50,50,43.297,4.136,5.343,241.779,1000,9632
AI加速设备固件升级,ai_accelerator_firmware_upgrade,可信启动链/升级代理,titan-n10-r32,valid,31,,,232,1,ok,50,50,50,50,43.297,4.136,5.343,241.779,1000,9632
AI加速设备固件升级,ai_accelerator_firmware_upgrade,可信启动链/升级代理,titan-n10-r32,tampered,31,device_model,设备型号篡改,232,0,device_model_mismatch,50,50,50,50,43.297,4.136,5.343,241.779,1000,9632
AI加速设备固件升级,ai_accelerator_firmware_upgrade,可信启动链/升级代理,titan-n10-r32,tampered,31,rollback_counter,回滚计数器篡改,232,0,rollback_counter_too_small,50,50,50,50,43.297,4.136,5.343,241.779,1000,9632
AI加速设备固件升级,ai_accelerator_firmware_upgrade,可信启动链/升级代理,titan-n10-r32,tampered,31,image_digest,镜像摘要篡改,187,0,image_digest_registry_mismatch,50,50,50,50,43.297,4.136,5.343,241.779,1000,9632
AI加速设备固件升级,ai_accelerator_firmware_upgrade,可信启动链/升级代理,titan-n10-r32,valid,32,,,232,1,ok,50,50,50,50,43.297,4.136,5.343,241.779,1000,9632
AI加速设备固件升级,ai_accelerator_firmware_upgrade,可信启动链/升级代理,titan-n10-r32,tampered,32,device_model,设备型号篡改,232,0,device_model_mismatch,50,50,50,50,43.297,4.136,5.343,241.779,1000,9632
AI加速设备固件升级,ai_accelerator_firmware_upgrade,可信启动链/升级代理,titan-n10-r32,tampered,32,rollback_counter,回滚计数器篡改,232,0,rollback_counter_too_small,50,50,50,50,43.297,4.136,5.343,241.779,1000,9632
AI加速设备固件升级,ai_accelerator_firmware_upgrade,可信启动链/升级代理,titan-n10-r32,tampered,32,image_digest,镜像摘要篡改,187,0,image_digest_registry_mismatch,50,50,50,50,43.297,4.136,5.343,241.779,1000,9632
AI加速设备固件升级,ai_accelerator_firmware_upgrade,可信启动链/升级代理,titan-n10-r32,valid,33,,,232,1,ok,50,50,50,50,43.297,4.136,5.343,241.779,1000,9632
AI加速设备固件升级,ai_accelerator_firmware_upgrade,可信启动链/升级代理,titan-n10-r32,tampered,33,device_model,设备型号篡改,232,0,device_model_mismatch,50,50,50,50,43.297,4.136,5.343,241.779,1000,9632
AI加速设备固件升级,ai_accelerator_firmware_upgrade,可信启动链/升级代理,titan-n10-r32,tampered,33,rollback_counter,回滚计数器篡改,232,0,rollback_counter_too_small,50,50,50,50,43.297,4.136,5.343,241.779,1000,9632
AI加速设备固件升级,ai_accelerator_firmware_upgrade,可信启动链/升级代理,titan-n10-r32,tampered,33,image_digest,镜像摘要篡改,187,0,image_digest_registry_mismatch,50,50,50,50,43.297,4.136,5.343,241.779,1000,9632
AI加速设备固件升级,ai_accelerator_firmware_upgrade,可信启动链/升级代理,titan-n10-r32,valid,34,,,232,1,ok,50,50,50,50,43.297,4.136,5.343,241.779,1000,9632
AI加速设备固件升级,ai_accelerator_firmware_upgrade,可信启动链/升级代理,titan-n10-r32,tampered,34,device_model,设备型号篡改,232,0,device_model_mismatch,50,50,50,50,43.297,4.136,5.343,241.779,1000,9632
AI加速设备固件升级,ai_accelerator_firmware_upgrade,可信启动链/升级代理,titan-n10-r32,tampered,34,rollback_counter,回滚计数器篡改,232,0,rollback_counter_too_small,50,50,50,50,43.297,4.136,5.343,241.779,1000,9632
AI加速设备固件升级,ai_accelerator_firmware_upgrade,可信启动链/升级代理,titan-n10-r32,tampered,34,image_digest,镜像摘要篡改,187,0,image_digest_registry_mismatch,50,50,50,50,43.297,4.136,5.343,241.779,1000,9632
AI加速设备固件升级,ai_accelerator_firmware_upgrade,可信启动链/升级代理,titan-n10-r32,valid,35,,,232,1,ok,50,50,50,50,43.297,4.136,5.343,241.779,1000,9632
AI加速设备固件升级,ai_accelerator_firmware_upgrade,可信启动链/升级代理,titan-n10-r32,tampered,35,device_model,设备型号篡改,232,0,device_model_mismatch,50,50,50,50,43.297,4.136,5.343,241.779,1000,9632
AI加速设备固件升级,ai_accelerator_firmware_upgrade,可信启动链/升级代理,titan-n10-r32,tampered,35,rollback_counter,回滚计数器篡改,232,0,rollback_counter_too_small,50,50,50,50,43.297,4.136,5.343,241.779,1000,9632
AI加速设备固件升级,ai_accelerator_firmware_upgrade,可信启动链/升级代理,titan-n10-r32,tampered,35,image_digest,镜像摘要篡改,187,0,image_digest_registry_mismatch,50,50,50,50,43.297,4.136,5.343,241.779,1000,9632
AI加速设备固件升级,ai_accelerator_firmware_upgrade,可信启动链/升级代理,titan-n10-r32,valid,36,,,232,1,ok,50,50,50,50,43.297,4.136,5.343,241.779,1000,9632
AI加速设备固件升级,ai_accelerator_firmware_upgrade,可信启动链/升级代理,titan-n10-r32,tampered,36,device_model,设备型号篡改,232,0,device_model_mismatch,50,50,50,50,43.297,4.136,5.343,241.779,1000,9632
AI加速设备固件升级,ai_accelerator_firmware_upgrade,可信启动链/升级代理,titan-n10-r32,tampered,36,rollback_counter,回滚计数器篡改,232,0,rollback_counter_too_small,50,50,50,50,43.297,4.136,5.343,241.779,1000,9632
AI加速设备固件升级,ai_accelerator_firmware_upgrade,可信启动链/升级代理,titan-n10-r32,tampered,36,image_digest,镜像摘要篡改,187,0,image_digest_registry_mismatch,50,50,50,50,43.297,4.136,5.343,241.779,1000,9632
AI加速设备固件升级,ai_accelerator_firmware_upgrade,可信启动链/升级代理,titan-n10-r32,valid,37,,,232,1,ok,50,50,50,50,43.297,4.136,5.343,241.779,1000,9632
AI加速设备固件升级,ai_accelerator_firmware_upgrade,可信启动链/升级代理,titan-n10-r32,tampered,37,device_model,设备型号篡改,232,0,device_model_mismatch,50,50,50,50,43.297,4.136,5.343,241.779,1000,9632
AI加速设备固件升级,ai_accelerator_firmware_upgrade,可信启动链/升级代理,titan-n10-r32,tampered,37,rollback_counter,回滚计数器篡改,232,0,rollback_counter_too_small,50,50,50,50,43.297,4.136,5.343,241.779,1000,9632
AI加速设备固件升级,ai_accelerator_firmware_upgrade,可信启动链/升级代理,titan-n10-r32,tampered,37,image_digest,镜像摘要篡改,187,0,image_digest_registry_mismatch,50,50,50,50,43.297,4.136,5.343,241.779,1000,9632
AI加速设备固件升级,ai_accelerator_firmware_upgrade,可信启动链/升级代理,titan-n10-r32,valid,38,,,232,1,ok,50,50,50,50,43.297,4.136,5.343,241.779,1000,9632
AI加速设备固件升级,ai_accelerator_firmware_upgrade,可信启动链/升级代理,titan-n10-r32,tampered,38,device_model,设备型号篡改,232,0,device_model_mismatch,50,50,50,50,43.297,4.136,5.343,241.779,1000,9632
AI加速设备固件升级,ai_accelerator_firmware_upgrade,可信启动链/升级代理,titan-n10-r32,tampered,38,rollback_counter,回滚计数器篡改,232,0,rollback_counter_too_small,50,50,50,50,43.297,4.136,5.343,241.779,1000,9632
AI加速设备固件升级,ai_accelerator_firmware_upgrade,可信启动链/升级代理,titan-n10-r32,tampered,38,image_digest,镜像摘要篡改,187,0,image_digest_registry_mismatch,50,50,50,50,43.297,4.136,5.343,241.779,1000,9632
AI加速设备固件升级,ai_accelerator_firmware_upgrade,可信启动链/升级代理,titan-n10-r32,valid,39,,,232,1,ok,50,50,50,50,43.297,4.136,5.343,241.779,1000,9632
AI加速设备固件升级,ai_accelerator_firmware_upgrade,可信启动链/升级代理,titan-n10-r32,tampered,39,device_model,设备型号篡改,232,0,device_model_mismatch,50,50,50,50,43.297,4.136,5.343,241.779,1000,9632
AI加速设备固件升级,ai_accelerator_firmware_upgrade,可信启动链/升级代理,titan-n10-r32,tampered,39,rollback_counter,回滚计数器篡改,232,0,rollback_counter_too_small,50,50,50,50,43.297,4.136,5.343,241.779,1000,9632
AI加速设备固件升级,ai_accelerator_firmware_upgrade,可信启动链/升级代理,titan-n10-r32,tampered,39,image_digest,镜像摘要篡改,187,0,image_digest_registry_mismatch,50,50,50,50,43.297,4.136,5.343,241.779,1000,9632
AI加速设备固件升级,ai_accelerator_firmware_upgrade,可信启动链/升级代理,titan-n10-r32,valid,40,,,232,1,ok,50,50,50,50,43.297,4.136,5.343,241.779,1000,9632
AI加速设备固件升级,ai_accelerator_firmware_upgrade,可信启动链/升级代理,titan-n10-r32,tampered,40,device_model,设备型号篡改,232,0,device_model_mismatch,50,50,50,50,43.297,4.136,5.343,241.779,1000,9632
AI加速设备固件升级,ai_accelerator_firmware_upgrade,可信启动链/升级代理,titan-n10-r32,tampered,40,rollback_counter,回滚计数器篡改,232,0,rollback_counter_too_small,50,50,50,50,43.297,4.136,5.343,241.779,1000,9632
AI加速设备固件升级,ai_accelerator_firmware_upgrade,可信启动链/升级代理,titan-n10-r32,tampered,40,image_digest,镜像摘要篡改,187,0,image_digest_registry_mismatch,50,50,50,50,43.297,4.136,5.343,241.779,1000,9632
AI加速设备固件升级,ai_accelerator_firmware_upgrade,可信启动链/升级代理,titan-n10-r32,valid,41,,,232,1,ok,50,50,50,50,43.297,4.136,5.343,241.779,1000,9632
AI加速设备固件升级,ai_accelerator_firmware_upgrade,可信启动链/升级代理,titan-n10-r32,tampered,41,device_model,设备型号篡改,232,0,device_model_mismatch,50,50,50,50,43.297,4.136,5.343,241.779,1000,9632
AI加速设备固件升级,ai_accelerator_firmware_upgrade,可信启动链/升级代理,titan-n10-r32,tampered,41,rollback_counter,回滚计数器篡改,232,0,rollback_counter_too_small,50,50,50,50,43.297,4.136,5.343,241.779,1000,9632
AI加速设备固件升级,ai_accelerator_firmware_upgrade,可信启动链/升级代理,titan-n10-r32,tampered,41,image_digest,镜像摘要篡改,187,0,image_digest_registry_mismatch,50,50,50,50,43.297,4.136,5.343,241.779,1000,9632
AI加速设备固件升级,ai_accelerator_firmware_upgrade,可信启动链/升级代理,titan-n10-r32,valid,42,,,232,1,ok,50,50,50,50,43.297,4.136,5.343,241.779,1000,9632
AI加速设备固件升级,ai_accelerator_firmware_upgrade,可信启动链/升级代理,titan-n10-r32,tampered,42,device_model,设备型号篡改,232,0,device_model_mismatch,50,50,50,50,43.297,4.136,5.343,241.779,1000,9632
AI加速设备固件升级,ai_accelerator_firmware_upgrade,可信启动链/升级代理,titan-n10-r32,tampered,42,rollback_counter,回滚计数器篡改,232,0,rollback_counter_too_small,50,50,50,50,43.297,4.136,5.343,241.779,1000,9632
AI加速设备固件升级,ai_accelerator_firmware_upgrade,可信启动链/升级代理,titan-n10-r32,tampered,42,image_digest,镜像摘要篡改,187,0,image_digest_registry_mismatch,50,50,50,50,43.297,4.136,5.343,241.779,1000,9632
AI加速设备固件升级,ai_accelerator_firmware_upgrade,可信启动链/升级代理,titan-n10-r32,valid,43,,,232,1,ok,50,50,50,50,43.297,4.136,5.343,241.779,1000,9632
AI加速设备固件升级,ai_accelerator_firmware_upgrade,可信启动链/升级代理,titan-n10-r32,tampered,43,device_model,设备型号篡改,232,0,device_model_mismatch,50,50,50,50,43.297,4.136,5.343,241.779,1000,9632
AI加速设备固件升级,ai_accelerator_firmware_upgrade,可信启动链/升级代理,titan-n10-r32,tampered,43,rollback_counter,回滚计数器篡改,232,0,rollback_counter_too_small,50,50,50,50,43.297,4.136,5.343,241.779,1000,9632
AI加速设备固件升级,ai_accelerator_firmware_upgrade,可信启动链/升级代理,titan-n10-r32,tampered,43,image_digest,镜像摘要篡改,187,0,image_digest_registry_mismatch,50,50,50,50,43.297,4.136,5.343,241.779,1000,9632
AI加速设备固件升级,ai_accelerator_firmware_upgrade,可信启动链/升级代理,titan-n10-r32,valid,44,,,232,1,ok,50,50,50,50,43.297,4.136,5.343,241.779,1000,9632
AI加速设备固件升级,ai_accelerator_firmware_upgrade,可信启动链/升级代理,titan-n10-r32,tampered,44,device_model,设备型号篡改,232,0,device_model_mismatch,50,50,50,50,43.297,4.136,5.343,241.779,1000,9632
AI加速设备固件升级,ai_accelerator_firmware_upgrade,可信启动链/升级代理,titan-n10-r32,tampered,44,rollback_counter,回滚计数器篡改,232,0,rollback_counter_too_small,50,50,50,50,43.297,4.136,5.343,241.779,1000,9632
AI加速设备固件升级,ai_accelerator_firmware_upgrade,可信启动链/升级代理,titan-n10-r32,tampered,44,image_digest,镜像摘要篡改,187,0,image_digest_registry_mismatch,50,50,50,50,43.297,4.136,5.343,241.779,1000,9632
AI加速设备固件升级,ai_accelerator_firmware_upgrade,可信启动链/升级代理,titan-n10-r32,valid,45,,,232,1,ok,50,50,50,50,43.297,4.136,5.343,241.779,1000,9632
AI加速设备固件升级,ai_accelerator_firmware_upgrade,可信启动链/升级代理,titan-n10-r32,tampered,45,device_model,设备型号篡改,232,0,device_model_mismatch,50,50,50,50,43.297,4.136,5.343,241.779,1000,9632
AI加速设备固件升级,ai_accelerator_firmware_upgrade,可信启动链/升级代理,titan-n10-r32,tampered,45,rollback_counter,回滚计数器篡改,232,0,rollback_counter_too_small,50,50,50,50,43.297,4.136,5.343,241.779,1000,9632
AI加速设备固件升级,ai_accelerator_firmware_upgrade,可信启动链/升级代理,titan-n10-r32,tampered,45,image_digest,镜像摘要篡改,187,0,image_digest_registry_mismatch,50,50,50,50,43.297,4.136,5.343,241.779,1000,9632
AI加速设备固件升级,ai_accelerator_firmware_upgrade,可信启动链/升级代理,titan-n10-r32,valid,46,,,232,1,ok,50,50,50,50,43.297,4.136,5.343,241.779,1000,9632
AI加速设备固件升级,ai_accelerator_firmware_upgrade,可信启动链/升级代理,titan-n10-r32,tampered,46,device_model,设备型号篡改,232,0,device_model_mismatch,50,50,50,50,43.297,4.136,5.343,241.779,1000,9632
AI加速设备固件升级,ai_accelerator_firmware_upgrade,可信启动链/升级代理,titan-n10-r32,tampered,46,rollback_counter,回滚计数器篡改,232,0,rollback_counter_too_small,50,50,50,50,43.297,4.136,5.343,241.779,1000,9632
AI加速设备固件升级,ai_accelerator_firmware_upgrade,可信启动链/升级代理,titan-n10-r32,tampered,46,image_digest,镜像摘要篡改,187,0,image_digest_registry_mismatch,50,50,50,50,43.297,4.136,5.343,241.779,1000,9632
AI加速设备固件升级,ai_accelerator_firmware_upgrade,可信启动链/升级代理,titan-n10-r32,valid,47,,,232,1,ok,50,50,50,50,43.297,4.136,5.343,241.779,1000,9632
AI加速设备固件升级,ai_accelerator_firmware_upgrade,可信启动链/升级代理,titan-n10-r32,tampered,47,device_model,设备型号篡改,232,0,device_model_mismatch,50,50,50,50,43.297,4.136,5.343,241.779,1000,9632
AI加速设备固件升级,ai_accelerator_firmware_upgrade,可信启动链/升级代理,titan-n10-r32,tampered,47,rollback_counter,回滚计数器篡改,232,0,rollback_counter_too_small,50,50,50,50,43.297,4.136,5.343,241.779,1000,9632
AI加速设备固件升级,ai_accelerator_firmware_upgrade,可信启动链/升级代理,titan-n10-r32,tampered,47,image_digest,镜像摘要篡改,187,0,image_digest_registry_mismatch,50,50,50,50,43.297,4.136,5.343,241.779,1000,9632
AI加速设备固件升级,ai_accelerator_firmware_upgrade,可信启动链/升级代理,titan-n10-r32,valid,48,,,232,1,ok,50,50,50,50,43.297,4.136,5.343,241.779,1000,9632
AI加速设备固件升级,ai_accelerator_firmware_upgrade,可信启动链/升级代理,titan-n10-r32,tampered,48,device_model,设备型号篡改,232,0,device_model_mismatch,50,50,50,50,43.297,4.136,5.343,241.779,1000,9632
AI加速设备固件升级,ai_accelerator_firmware_upgrade,可信启动链/升级代理,titan-n10-r32,tampered,48,rollback_counter,回滚计数器篡改,232,0,rollback_counter_too_small,50,50,50,50,43.297,4.136,5.343,241.779,1000,9632
AI加速设备固件升级,ai_accelerator_firmware_upgrade,可信启动链/升级代理,titan-n10-r32,tampered,48,image_digest,镜像摘要篡改,187,0,image_digest_registry_mismatch,50,50,50,50,43.297,4.136,5.343,241.779,1000,9632
AI加速设备固件升级,ai_accelerator_firmware_upgrade,可信启动链/升级代理,titan-n10-r32,valid,49,,,232,1,ok,50,50,50,50,43.297,4.136,5.343,241.779,1000,9632
AI加速设备固件升级,ai_accelerator_firmware_upgrade,可信启动链/升级代理,titan-n10-r32,tampered,49,device_model,设备型号篡改,232,0,device_model_mismatch,50,50,50,50,43.297,4.136,5.343,241.779,1000,9632
AI加速设备固件升级,ai_accelerator_firmware_upgrade,可信启动链/升级代理,titan-n10-r32,tampered,49,rollback_counter,回滚计数器篡改,232,0,rollback_counter_too_small,50,50,50,50,43.297,4.136,5.343,241.779,1000,9632
AI加速设备固件升级,ai_accelerator_firmware_upgrade,可信启动链/升级代理,titan-n10-r32,tampered,49,image_digest,镜像摘要篡改,187,0,image_digest_registry_mismatch,50,50,50,50,43.297,4.136,5.343,241.779,1000,9632
AI加速设备固件升级,ai_accelerator_firmware_upgrade,可信启动链/升级代理,titan-n10-r32,valid,50,,,232,1,ok,50,50,50,50,43.297,4.136,5.343,241.779,1000,9632
AI加速设备固件升级,ai_accelerator_firmware_upgrade,可信启动链/升级代理,titan-n10-r32,tampered,50,device_model,设备型号篡改,232,0,device_model_mismatch,50,50,50,50,43.297,4.136,5.343,241.779,1000,9632
AI加速设备固件升级,ai_accelerator_firmware_upgrade,可信启动链/升级代理,titan-n10-r32,tampered,50,rollback_counter,回滚计数器篡改,232,0,rollback_counter_too_small,50,50,50,50,43.297,4.136,5.343,241.779,1000,9632
AI加速设备固件升级,ai_accelerator_firmware_upgrade,可信启动链/升级代理,titan-n10-r32,tampered,50,image_digest,镜像摘要篡改,187,0,image_digest_registry_mismatch,50,50,50,50,43.297,4.136,5.343,241.779,1000,9632
模型发布完整性校验,model_release_integrity,模型仓库发布/下载校验代理,titan-n12-r32,valid,1,,,331,1,ok,50,50,50,50,50.15,4.806,6.271,208.073,1728,13856
模型发布完整性校验,model_release_integrity,模型仓库发布/下载校验代理,titan-n12-r32,tampered,1,target_accelerator,目标加速器篡改,331,0,accelerator_mismatch,50,50,50,50,50.15,4.806,6.271,208.073,1728,13856
模型发布完整性校验,model_release_integrity,模型仓库发布/下载校验代理,titan-n12-r32,tampered,1,dependency_digest,依赖摘要篡改,275,0,dependency_digest_mismatch,50,50,50,50,50.15,4.806,6.271,208.073,1728,13856
模型发布完整性校验,model_release_integrity,模型仓库发布/下载校验代理,titan-n12-r32,tampered,1,weight_digest,权重摘要篡改,287,0,weight_digest_registry_mismatch,50,50,50,50,50.15,4.806,6.271,208.073,1728,13856
模型发布完整性校验,model_release_integrity,模型仓库发布/下载校验代理,titan-n12-r32,valid,2,,,331,1,ok,50,50,50,50,50.15,4.806,6.271,208.073,1728,13856
模型发布完整性校验,model_release_integrity,模型仓库发布/下载校验代理,titan-n12-r32,tampered,2,target_accelerator,目标加速器篡改,331,0,accelerator_mismatch,50,50,50,50,50.15,4.806,6.271,208.073,1728,13856
模型发布完整性校验,model_release_integrity,模型仓库发布/下载校验代理,titan-n12-r32,tampered,2,dependency_digest,依赖摘要篡改,275,0,dependency_digest_mismatch,50,50,50,50,50.15,4.806,6.271,208.073,1728,13856
模型发布完整性校验,model_release_integrity,模型仓库发布/下载校验代理,titan-n12-r32,tampered,2,weight_digest,权重摘要篡改,287,0,weight_digest_registry_mismatch,50,50,50,50,50.15,4.806,6.271,208.073,1728,13856
模型发布完整性校验,model_release_integrity,模型仓库发布/下载校验代理,titan-n12-r32,valid,3,,,331,1,ok,50,50,50,50,50.15,4.806,6.271,208.073,1728,13856
模型发布完整性校验,model_release_integrity,模型仓库发布/下载校验代理,titan-n12-r32,tampered,3,target_accelerator,目标加速器篡改,331,0,accelerator_mismatch,50,50,50,50,50.15,4.806,6.271,208.073,1728,13856
模型发布完整性校验,model_release_integrity,模型仓库发布/下载校验代理,titan-n12-r32,tampered,3,dependency_digest,依赖摘要篡改,275,0,dependency_digest_mismatch,50,50,50,50,50.15,4.806,6.271,208.073,1728,13856
模型发布完整性校验,model_release_integrity,模型仓库发布/下载校验代理,titan-n12-r32,tampered,3,weight_digest,权重摘要篡改,287,0,weight_digest_registry_mismatch,50,50,50,50,50.15,4.806,6.271,208.073,1728,13856
模型发布完整性校验,model_release_integrity,模型仓库发布/下载校验代理,titan-n12-r32,valid,4,,,331,1,ok,50,50,50,50,50.15,4.806,6.271,208.073,1728,13856
模型发布完整性校验,model_release_integrity,模型仓库发布/下载校验代理,titan-n12-r32,tampered,4,target_accelerator,目标加速器篡改,331,0,accelerator_mismatch,50,50,50,50,50.15,4.806,6.271,208.073,1728,13856
模型发布完整性校验,model_release_integrity,模型仓库发布/下载校验代理,titan-n12-r32,tampered,4,dependency_digest,依赖摘要篡改,275,0,dependency_digest_mismatch,50,50,50,50,50.15,4.806,6.271,208.073,1728,13856
模型发布完整性校验,model_release_integrity,模型仓库发布/下载校验代理,titan-n12-r32,tampered,4,weight_digest,权重摘要篡改,287,0,weight_digest_registry_mismatch,50,50,50,50,50.15,4.806,6.271,208.073,1728,13856
模型发布完整性校验,model_release_integrity,模型仓库发布/下载校验代理,titan-n12-r32,valid,5,,,331,1,ok,50,50,50,50,50.15,4.806,6.271,208.073,1728,13856
模型发布完整性校验,model_release_integrity,模型仓库发布/下载校验代理,titan-n12-r32,tampered,5,target_accelerator,目标加速器篡改,331,0,accelerator_mismatch,50,50,50,50,50.15,4.806,6.271,208.073,1728,13856
模型发布完整性校验,model_release_integrity,模型仓库发布/下载校验代理,titan-n12-r32,tampered,5,dependency_digest,依赖摘要篡改,275,0,dependency_digest_mismatch,50,50,50,50,50.15,4.806,6.271,208.073,1728,13856
模型发布完整性校验,model_release_integrity,模型仓库发布/下载校验代理,titan-n12-r32,tampered,5,weight_digest,权重摘要篡改,287,0,weight_digest_registry_mismatch,50,50,50,50,50.15,4.806,6.271,208.073,1728,13856
模型发布完整性校验,model_release_integrity,模型仓库发布/下载校验代理,titan-n12-r32,valid,6,,,331,1,ok,50,50,50,50,50.15,4.806,6.271,208.073,1728,13856
模型发布完整性校验,model_release_integrity,模型仓库发布/下载校验代理,titan-n12-r32,tampered,6,target_accelerator,目标加速器篡改,331,0,accelerator_mismatch,50,50,50,50,50.15,4.806,6.271,208.073,1728,13856
模型发布完整性校验,model_release_integrity,模型仓库发布/下载校验代理,titan-n12-r32,tampered,6,dependency_digest,依赖摘要篡改,275,0,dependency_digest_mismatch,50,50,50,50,50.15,4.806,6.271,208.073,1728,13856
模型发布完整性校验,model_release_integrity,模型仓库发布/下载校验代理,titan-n12-r32,tampered,6,weight_digest,权重摘要篡改,287,0,weight_digest_registry_mismatch,50,50,50,50,50.15,4.806,6.271,208.073,1728,13856
模型发布完整性校验,model_release_integrity,模型仓库发布/下载校验代理,titan-n12-r32,valid,7,,,331,1,ok,50,50,50,50,50.15,4.806,6.271,208.073,1728,13856
模型发布完整性校验,model_release_integrity,模型仓库发布/下载校验代理,titan-n12-r32,tampered,7,target_accelerator,目标加速器篡改,331,0,accelerator_mismatch,50,50,50,50,50.15,4.806,6.271,208.073,1728,13856
模型发布完整性校验,model_release_integrity,模型仓库发布/下载校验代理,titan-n12-r32,tampered,7,dependency_digest,依赖摘要篡改,275,0,dependency_digest_mismatch,50,50,50,50,50.15,4.806,6.271,208.073,1728,13856
模型发布完整性校验,model_release_integrity,模型仓库发布/下载校验代理,titan-n12-r32,tampered,7,weight_digest,权重摘要篡改,287,0,weight_digest_registry_mismatch,50,50,50,50,50.15,4.806,6.271,208.073,1728,13856
模型发布完整性校验,model_release_integrity,模型仓库发布/下载校验代理,titan-n12-r32,valid,8,,,331,1,ok,50,50,50,50,50.15,4.806,6.271,208.073,1728,13856
模型发布完整性校验,model_release_integrity,模型仓库发布/下载校验代理,titan-n12-r32,tampered,8,target_accelerator,目标加速器篡改,331,0,accelerator_mismatch,50,50,50,50,50.15,4.806,6.271,208.073,1728,13856
模型发布完整性校验,model_release_integrity,模型仓库发布/下载校验代理,titan-n12-r32,tampered,8,dependency_digest,依赖摘要篡改,275,0,dependency_digest_mismatch,50,50,50,50,50.15,4.806,6.271,208.073,1728,13856
模型发布完整性校验,model_release_integrity,模型仓库发布/下载校验代理,titan-n12-r32,tampered,8,weight_digest,权重摘要篡改,287,0,weight_digest_registry_mismatch,50,50,50,50,50.15,4.806,6.271,208.073,1728,13856
模型发布完整性校验,model_release_integrity,模型仓库发布/下载校验代理,titan-n12-r32,valid,9,,,331,1,ok,50,50,50,50,50.15,4.806,6.271,208.073,1728,13856
模型发布完整性校验,model_release_integrity,模型仓库发布/下载校验代理,titan-n12-r32,tampered,9,target_accelerator,目标加速器篡改,331,0,accelerator_mismatch,50,50,50,50,50.15,4.806,6.271,208.073,1728,13856
模型发布完整性校验,model_release_integrity,模型仓库发布/下载校验代理,titan-n12-r32,tampered,9,dependency_digest,依赖摘要篡改,275,0,dependency_digest_mismatch,50,50,50,50,50.15,4.806,6.271,208.073,1728,13856
模型发布完整性校验,model_release_integrity,模型仓库发布/下载校验代理,titan-n12-r32,tampered,9,weight_digest,权重摘要篡改,287,0,weight_digest_registry_mismatch,50,50,50,50,50.15,4.806,6.271,208.073,1728,13856
模型发布完整性校验,model_release_integrity,模型仓库发布/下载校验代理,titan-n12-r32,valid,10,,,331,1,ok,50,50,50,50,50.15,4.806,6.271,208.073,1728,13856
模型发布完整性校验,model_release_integrity,模型仓库发布/下载校验代理,titan-n12-r32,tampered,10,target_accelerator,目标加速器篡改,331,0,accelerator_mismatch,50,50,50,50,50.15,4.806,6.271,208.073,1728,13856
模型发布完整性校验,model_release_integrity,模型仓库发布/下载校验代理,titan-n12-r32,tampered,10,dependency_digest,依赖摘要篡改,275,0,dependency_digest_mismatch,50,50,50,50,50.15,4.806,6.271,208.073,1728,13856
模型发布完整性校验,model_release_integrity,模型仓库发布/下载校验代理,titan-n12-r32,tampered,10,weight_digest,权重摘要篡改,287,0,weight_digest_registry_mismatch,50,50,50,50,50.15,4.806,6.271,208.073,1728,13856
模型发布完整性校验,model_release_integrity,模型仓库发布/下载校验代理,titan-n12-r32,valid,11,,,331,1,ok,50,50,50,50,50.15,4.806,6.271,208.073,1728,13856
模型发布完整性校验,model_release_integrity,模型仓库发布/下载校验代理,titan-n12-r32,tampered,11,target_accelerator,目标加速器篡改,331,0,accelerator_mismatch,50,50,50,50,50.15,4.806,6.271,208.073,1728,13856
模型发布完整性校验,model_release_integrity,模型仓库发布/下载校验代理,titan-n12-r32,tampered,11,dependency_digest,依赖摘要篡改,275,0,dependency_digest_mismatch,50,50,50,50,50.15,4.806,6.271,208.073,1728,13856
模型发布完整性校验,model_release_integrity,模型仓库发布/下载校验代理,titan-n12-r32,tampered,11,weight_digest,权重摘要篡改,287,0,weight_digest_registry_mismatch,50,50,50,50,50.15,4.806,6.271,208.073,1728,13856
模型发布完整性校验,model_release_integrity,模型仓库发布/下载校验代理,titan-n12-r32,valid,12,,,331,1,ok,50,50,50,50,50.15,4.806,6.271,208.073,1728,13856
模型发布完整性校验,model_release_integrity,模型仓库发布/下载校验代理,titan-n12-r32,tampered,12,target_accelerator,目标加速器篡改,331,0,accelerator_mismatch,50,50,50,50,50.15,4.806,6.271,208.073,1728,13856
模型发布完整性校验,model_release_integrity,模型仓库发布/下载校验代理,titan-n12-r32,tampered,12,dependency_digest,依赖摘要篡改,275,0,dependency_digest_mismatch,50,50,50,50,50.15,4.806,6.271,208.073,1728,13856
模型发布完整性校验,model_release_integrity,模型仓库发布/下载校验代理,titan-n12-r32,tampered,12,weight_digest,权重摘要篡改,287,0,weight_digest_registry_mismatch,50,50,50,50,50.15,4.806,6.271,208.073,1728,13856
模型发布完整性校验,model_release_integrity,模型仓库发布/下载校验代理,titan-n12-r32,valid,13,,,331,1,ok,50,50,50,50,50.15,4.806,6.271,208.073,1728,13856
模型发布完整性校验,model_release_integrity,模型仓库发布/下载校验代理,titan-n12-r32,tampered,13,target_accelerator,目标加速器篡改,331,0,accelerator_mismatch,50,50,50,50,50.15,4.806,6.271,208.073,1728,13856
模型发布完整性校验,model_release_integrity,模型仓库发布/下载校验代理,titan-n12-r32,tampered,13,dependency_digest,依赖摘要篡改,275,0,dependency_digest_mismatch,50,50,50,50,50.15,4.806,6.271,208.073,1728,13856
模型发布完整性校验,model_release_integrity,模型仓库发布/下载校验代理,titan-n12-r32,tampered,13,weight_digest,权重摘要篡改,287,0,weight_digest_registry_mismatch,50,50,50,50,50.15,4.806,6.271,208.073,1728,13856
模型发布完整性校验,model_release_integrity,模型仓库发布/下载校验代理,titan-n12-r32,valid,14,,,331,1,ok,50,50,50,50,50.15,4.806,6.271,208.073,1728,13856
模型发布完整性校验,model_release_integrity,模型仓库发布/下载校验代理,titan-n12-r32,tampered,14,target_accelerator,目标加速器篡改,331,0,accelerator_mismatch,50,50,50,50,50.15,4.806,6.271,208.073,1728,13856
模型发布完整性校验,model_release_integrity,模型仓库发布/下载校验代理,titan-n12-r32,tampered,14,dependency_digest,依赖摘要篡改,275,0,dependency_digest_mismatch,50,50,50,50,50.15,4.806,6.271,208.073,1728,13856
模型发布完整性校验,model_release_integrity,模型仓库发布/下载校验代理,titan-n12-r32,tampered,14,weight_digest,权重摘要篡改,287,0,weight_digest_registry_mismatch,50,50,50,50,50.15,4.806,6.271,208.073,1728,13856
模型发布完整性校验,model_release_integrity,模型仓库发布/下载校验代理,titan-n12-r32,valid,15,,,331,1,ok,50,50,50,50,50.15,4.806,6.271,208.073,1728,13856
模型发布完整性校验,model_release_integrity,模型仓库发布/下载校验代理,titan-n12-r32,tampered,15,target_accelerator,目标加速器篡改,331,0,accelerator_mismatch,50,50,50,50,50.15,4.806,6.271,208.073,1728,13856
模型发布完整性校验,model_release_integrity,模型仓库发布/下载校验代理,titan-n12-r32,tampered,15,dependency_digest,依赖摘要篡改,275,0,dependency_digest_mismatch,50,50,50,50,50.15,4.806,6.271,208.073,1728,13856
模型发布完整性校验,model_release_integrity,模型仓库发布/下载校验代理,titan-n12-r32,tampered,15,weight_digest,权重摘要篡改,287,0,weight_digest_registry_mismatch,50,50,50,50,50.15,4.806,6.271,208.073,1728,13856
模型发布完整性校验,model_release_integrity,模型仓库发布/下载校验代理,titan-n12-r32,valid,16,,,331,1,ok,50,50,50,50,50.15,4.806,6.271,208.073,1728,13856
模型发布完整性校验,model_release_integrity,模型仓库发布/下载校验代理,titan-n12-r32,tampered,16,target_accelerator,目标加速器篡改,331,0,accelerator_mismatch,50,50,50,50,50.15,4.806,6.271,208.073,1728,13856
模型发布完整性校验,model_release_integrity,模型仓库发布/下载校验代理,titan-n12-r32,tampered,16,dependency_digest,依赖摘要篡改,275,0,dependency_digest_mismatch,50,50,50,50,50.15,4.806,6.271,208.073,1728,13856
模型发布完整性校验,model_release_integrity,模型仓库发布/下载校验代理,titan-n12-r32,tampered,16,weight_digest,权重摘要篡改,287,0,weight_digest_registry_mismatch,50,50,50,50,50.15,4.806,6.271,208.073,1728,13856
模型发布完整性校验,model_release_integrity,模型仓库发布/下载校验代理,titan-n12-r32,valid,17,,,331,1,ok,50,50,50,50,50.15,4.806,6.271,208.073,1728,13856
模型发布完整性校验,model_release_integrity,模型仓库发布/下载校验代理,titan-n12-r32,tampered,17,target_accelerator,目标加速器篡改,331,0,accelerator_mismatch,50,50,50,50,50.15,4.806,6.271,208.073,1728,13856
模型发布完整性校验,model_release_integrity,模型仓库发布/下载校验代理,titan-n12-r32,tampered,17,dependency_digest,依赖摘要篡改,275,0,dependency_digest_mismatch,50,50,50,50,50.15,4.806,6.271,208.073,1728,13856
模型发布完整性校验,model_release_integrity,模型仓库发布/下载校验代理,titan-n12-r32,tampered,17,weight_digest,权重摘要篡改,287,0,weight_digest_registry_mismatch,50,50,50,50,50.15,4.806,6.271,208.073,1728,13856
模型发布完整性校验,model_release_integrity,模型仓库发布/下载校验代理,titan-n12-r32,valid,18,,,331,1,ok,50,50,50,50,50.15,4.806,6.271,208.073,1728,13856
模型发布完整性校验,model_release_integrity,模型仓库发布/下载校验代理,titan-n12-r32,tampered,18,target_accelerator,目标加速器篡改,331,0,accelerator_mismatch,50,50,50,50,50.15,4.806,6.271,208.073,1728,13856
模型发布完整性校验,model_release_integrity,模型仓库发布/下载校验代理,titan-n12-r32,tampered,18,dependency_digest,依赖摘要篡改,275,0,dependency_digest_mismatch,50,50,50,50,50.15,4.806,6.271,208.073,1728,13856
模型发布完整性校验,model_release_integrity,模型仓库发布/下载校验代理,titan-n12-r32,tampered,18,weight_digest,权重摘要篡改,287,0,weight_digest_registry_mismatch,50,50,50,50,50.15,4.806,6.271,208.073,1728,13856
模型发布完整性校验,model_release_integrity,模型仓库发布/下载校验代理,titan-n12-r32,valid,19,,,331,1,ok,50,50,50,50,50.15,4.806,6.271,208.073,1728,13856
模型发布完整性校验,model_release_integrity,模型仓库发布/下载校验代理,titan-n12-r32,tampered,19,target_accelerator,目标加速器篡改,331,0,accelerator_mismatch,50,50,50,50,50.15,4.806,6.271,208.073,1728,13856
模型发布完整性校验,model_release_integrity,模型仓库发布/下载校验代理,titan-n12-r32,tampered,19,dependency_digest,依赖摘要篡改,275,0,dependency_digest_mismatch,50,50,50,50,50.15,4.806,6.271,208.073,1728,13856
模型发布完整性校验,model_release_integrity,模型仓库发布/下载校验代理,titan-n12-r32,tampered,19,weight_digest,权重摘要篡改,287,0,weight_digest_registry_mismatch,50,50,50,50,50.15,4.806,6.271,208.073,1728,13856
模型发布完整性校验,model_release_integrity,模型仓库发布/下载校验代理,titan-n12-r32,valid,20,,,331,1,ok,50,50,50,50,50.15,4.806,6.271,208.073,1728,13856
模型发布完整性校验,model_release_integrity,模型仓库发布/下载校验代理,titan-n12-r32,tampered,20,target_accelerator,目标加速器篡改,331,0,accelerator_mismatch,50,50,50,50,50.15,4.806,6.271,208.073,1728,13856
模型发布完整性校验,model_release_integrity,模型仓库发布/下载校验代理,titan-n12-r32,tampered,20,dependency_digest,依赖摘要篡改,275,0,dependency_digest_mismatch,50,50,50,50,50.15,4.806,6.271,208.073,1728,13856
模型发布完整性校验,model_release_integrity,模型仓库发布/下载校验代理,titan-n12-r32,tampered,20,weight_digest,权重摘要篡改,287,0,weight_digest_registry_mismatch,50,50,50,50,50.15,4.806,6.271,208.073,1728,13856
模型发布完整性校验,model_release_integrity,模型仓库发布/下载校验代理,titan-n12-r32,valid,21,,,331,1,ok,50,50,50,50,50.15,4.806,6.271,208.073,1728,13856
模型发布完整性校验,model_release_integrity,模型仓库发布/下载校验代理,titan-n12-r32,tampered,21,target_accelerator,目标加速器篡改,331,0,accelerator_mismatch,50,50,50,50,50.15,4.806,6.271,208.073,1728,13856
模型发布完整性校验,model_release_integrity,模型仓库发布/下载校验代理,titan-n12-r32,tampered,21,dependency_digest,依赖摘要篡改,275,0,dependency_digest_mismatch,50,50,50,50,50.15,4.806,6.271,208.073,1728,13856
模型发布完整性校验,model_release_integrity,模型仓库发布/下载校验代理,titan-n12-r32,tampered,21,weight_digest,权重摘要篡改,287,0,weight_digest_registry_mismatch,50,50,50,50,50.15,4.806,6.271,208.073,1728,13856
模型发布完整性校验,model_release_integrity,模型仓库发布/下载校验代理,titan-n12-r32,valid,22,,,331,1,ok,50,50,50,50,50.15,4.806,6.271,208.073,1728,13856
模型发布完整性校验,model_release_integrity,模型仓库发布/下载校验代理,titan-n12-r32,tampered,22,target_accelerator,目标加速器篡改,331,0,accelerator_mismatch,50,50,50,50,50.15,4.806,6.271,208.073,1728,13856
模型发布完整性校验,model_release_integrity,模型仓库发布/下载校验代理,titan-n12-r32,tampered,22,dependency_digest,依赖摘要篡改,275,0,dependency_digest_mismatch,50,50,50,50,50.15,4.806,6.271,208.073,1728,13856
模型发布完整性校验,model_release_integrity,模型仓库发布/下载校验代理,titan-n12-r32,tampered,22,weight_digest,权重摘要篡改,287,0,weight_digest_registry_mismatch,50,50,50,50,50.15,4.806,6.271,208.073,1728,13856
模型发布完整性校验,model_release_integrity,模型仓库发布/下载校验代理,titan-n12-r32,valid,23,,,331,1,ok,50,50,50,50,50.15,4.806,6.271,208.073,1728,13856
模型发布完整性校验,model_release_integrity,模型仓库发布/下载校验代理,titan-n12-r32,tampered,23,target_accelerator,目标加速器篡改,331,0,accelerator_mismatch,50,50,50,50,50.15,4.806,6.271,208.073,1728,13856
模型发布完整性校验,model_release_integrity,模型仓库发布/下载校验代理,titan-n12-r32,tampered,23,dependency_digest,依赖摘要篡改,275,0,dependency_digest_mismatch,50,50,50,50,50.15,4.806,6.271,208.073,1728,13856
模型发布完整性校验,model_release_integrity,模型仓库发布/下载校验代理,titan-n12-r32,tampered,23,weight_digest,权重摘要篡改,287,0,weight_digest_registry_mismatch,50,50,50,50,50.15,4.806,6.271,208.073,1728,13856
模型发布完整性校验,model_release_integrity,模型仓库发布/下载校验代理,titan-n12-r32,valid,24,,,331,1,ok,50,50,50,50,50.15,4.806,6.271,208.073,1728,13856
模型发布完整性校验,model_release_integrity,模型仓库发布/下载校验代理,titan-n12-r32,tampered,24,target_accelerator,目标加速器篡改,331,0,accelerator_mismatch,50,50,50,50,50.15,4.806,6.271,208.073,1728,13856
模型发布完整性校验,model_release_integrity,模型仓库发布/下载校验代理,titan-n12-r32,tampered,24,dependency_digest,依赖摘要篡改,275,0,dependency_digest_mismatch,50,50,50,50,50.15,4.806,6.271,208.073,1728,13856
模型发布完整性校验,model_release_integrity,模型仓库发布/下载校验代理,titan-n12-r32,tampered,24,weight_digest,权重摘要篡改,287,0,weight_digest_registry_mismatch,50,50,50,50,50.15,4.806,6.271,208.073,1728,13856
模型发布完整性校验,model_release_integrity,模型仓库发布/下载校验代理,titan-n12-r32,valid,25,,,331,1,ok,50,50,50,50,50.15,4.806,6.271,208.073,1728,13856
模型发布完整性校验,model_release_integrity,模型仓库发布/下载校验代理,titan-n12-r32,tampered,25,target_accelerator,目标加速器篡改,331,0,accelerator_mismatch,50,50,50,50,50.15,4.806,6.271,208.073,1728,13856
模型发布完整性校验,model_release_integrity,模型仓库发布/下载校验代理,titan-n12-r32,tampered,25,dependency_digest,依赖摘要篡改,275,0,dependency_digest_mismatch,50,50,50,50,50.15,4.806,6.271,208.073,1728,13856
模型发布完整性校验,model_release_integrity,模型仓库发布/下载校验代理,titan-n12-r32,tampered,25,weight_digest,权重摘要篡改,287,0,weight_digest_registry_mismatch,50,50,50,50,50.15,4.806,6.271,208.073,1728,13856
模型发布完整性校验,model_release_integrity,模型仓库发布/下载校验代理,titan-n12-r32,valid,26,,,331,1,ok,50,50,50,50,50.15,4.806,6.271,208.073,1728,13856
模型发布完整性校验,model_release_integrity,模型仓库发布/下载校验代理,titan-n12-r32,tampered,26,target_accelerator,目标加速器篡改,331,0,accelerator_mismatch,50,50,50,50,50.15,4.806,6.271,208.073,1728,13856
模型发布完整性校验,model_release_integrity,模型仓库发布/下载校验代理,titan-n12-r32,tampered,26,dependency_digest,依赖摘要篡改,275,0,dependency_digest_mismatch,50,50,50,50,50.15,4.806,6.271,208.073,1728,13856
模型发布完整性校验,model_release_integrity,模型仓库发布/下载校验代理,titan-n12-r32,tampered,26,weight_digest,权重摘要篡改,287,0,weight_digest_registry_mismatch,50,50,50,50,50.15,4.806,6.271,208.073,1728,13856
模型发布完整性校验,model_release_integrity,模型仓库发布/下载校验代理,titan-n12-r32,valid,27,,,331,1,ok,50,50,50,50,50.15,4.806,6.271,208.073,1728,13856
模型发布完整性校验,model_release_integrity,模型仓库发布/下载校验代理,titan-n12-r32,tampered,27,target_accelerator,目标加速器篡改,331,0,accelerator_mismatch,50,50,50,50,50.15,4.806,6.271,208.073,1728,13856
模型发布完整性校验,model_release_integrity,模型仓库发布/下载校验代理,titan-n12-r32,tampered,27,dependency_digest,依赖摘要篡改,275,0,dependency_digest_mismatch,50,50,50,50,50.15,4.806,6.271,208.073,1728,13856
模型发布完整性校验,model_release_integrity,模型仓库发布/下载校验代理,titan-n12-r32,tampered,27,weight_digest,权重摘要篡改,287,0,weight_digest_registry_mismatch,50,50,50,50,50.15,4.806,6.271,208.073,1728,13856
模型发布完整性校验,model_release_integrity,模型仓库发布/下载校验代理,titan-n12-r32,valid,28,,,331,1,ok,50,50,50,50,50.15,4.806,6.271,208.073,1728,13856
模型发布完整性校验,model_release_integrity,模型仓库发布/下载校验代理,titan-n12-r32,tampered,28,target_accelerator,目标加速器篡改,331,0,accelerator_mismatch,50,50,50,50,50.15,4.806,6.271,208.073,1728,13856
模型发布完整性校验,model_release_integrity,模型仓库发布/下载校验代理,titan-n12-r32,tampered,28,dependency_digest,依赖摘要篡改,275,0,dependency_digest_mismatch,50,50,50,50,50.15,4.806,6.271,208.073,1728,13856
模型发布完整性校验,model_release_integrity,模型仓库发布/下载校验代理,titan-n12-r32,tampered,28,weight_digest,权重摘要篡改,287,0,weight_digest_registry_mismatch,50,50,50,50,50.15,4.806,6.271,208.073,1728,13856
模型发布完整性校验,model_release_integrity,模型仓库发布/下载校验代理,titan-n12-r32,valid,29,,,331,1,ok,50,50,50,50,50.15,4.806,6.271,208.073,1728,13856
模型发布完整性校验,model_release_integrity,模型仓库发布/下载校验代理,titan-n12-r32,tampered,29,target_accelerator,目标加速器篡改,331,0,accelerator_mismatch,50,50,50,50,50.15,4.806,6.271,208.073,1728,13856
模型发布完整性校验,model_release_integrity,模型仓库发布/下载校验代理,titan-n12-r32,tampered,29,dependency_digest,依赖摘要篡改,275,0,dependency_digest_mismatch,50,50,50,50,50.15,4.806,6.271,208.073,1728,13856
模型发布完整性校验,model_release_integrity,模型仓库发布/下载校验代理,titan-n12-r32,tampered,29,weight_digest,权重摘要篡改,287,0,weight_digest_registry_mismatch,50,50,50,50,50.15,4.806,6.271,208.073,1728,13856
模型发布完整性校验,model_release_integrity,模型仓库发布/下载校验代理,titan-n12-r32,valid,30,,,331,1,ok,50,50,50,50,50.15,4.806,6.271,208.073,1728,13856
模型发布完整性校验,model_release_integrity,模型仓库发布/下载校验代理,titan-n12-r32,tampered,30,target_accelerator,目标加速器篡改,331,0,accelerator_mismatch,50,50,50,50,50.15,4.806,6.271,208.073,1728,13856
模型发布完整性校验,model_release_integrity,模型仓库发布/下载校验代理,titan-n12-r32,tampered,30,dependency_digest,依赖摘要篡改,275,0,dependency_digest_mismatch,50,50,50,50,50.15,4.806,6.271,208.073,1728,13856
模型发布完整性校验,model_release_integrity,模型仓库发布/下载校验代理,titan-n12-r32,tampered,30,weight_digest,权重摘要篡改,287,0,weight_digest_registry_mismatch,50,50,50,50,50.15,4.806,6.271,208.073,1728,13856
模型发布完整性校验,model_release_integrity,模型仓库发布/下载校验代理,titan-n12-r32,valid,31,,,331,1,ok,50,50,50,50,50.15,4.806,6.271,208.073,1728,13856
模型发布完整性校验,model_release_integrity,模型仓库发布/下载校验代理,titan-n12-r32,tampered,31,target_accelerator,目标加速器篡改,331,0,accelerator_mismatch,50,50,50,50,50.15,4.806,6.271,208.073,1728,13856
模型发布完整性校验,model_release_integrity,模型仓库发布/下载校验代理,titan-n12-r32,tampered,31,dependency_digest,依赖摘要篡改,275,0,dependency_digest_mismatch,50,50,50,50,50.15,4.806,6.271,208.073,1728,13856
模型发布完整性校验,model_release_integrity,模型仓库发布/下载校验代理,titan-n12-r32,tampered,31,weight_digest,权重摘要篡改,287,0,weight_digest_registry_mismatch,50,50,50,50,50.15,4.806,6.271,208.073,1728,13856
模型发布完整性校验,model_release_integrity,模型仓库发布/下载校验代理,titan-n12-r32,valid,32,,,331,1,ok,50,50,50,50,50.15,4.806,6.271,208.073,1728,13856
模型发布完整性校验,model_release_integrity,模型仓库发布/下载校验代理,titan-n12-r32,tampered,32,target_accelerator,目标加速器篡改,331,0,accelerator_mismatch,50,50,50,50,50.15,4.806,6.271,208.073,1728,13856
模型发布完整性校验,model_release_integrity,模型仓库发布/下载校验代理,titan-n12-r32,tampered,32,dependency_digest,依赖摘要篡改,275,0,dependency_digest_mismatch,50,50,50,50,50.15,4.806,6.271,208.073,1728,13856
模型发布完整性校验,model_release_integrity,模型仓库发布/下载校验代理,titan-n12-r32,tampered,32,weight_digest,权重摘要篡改,287,0,weight_digest_registry_mismatch,50,50,50,50,50.15,4.806,6.271,208.073,1728,13856
模型发布完整性校验,model_release_integrity,模型仓库发布/下载校验代理,titan-n12-r32,valid,33,,,331,1,ok,50,50,50,50,50.15,4.806,6.271,208.073,1728,13856
模型发布完整性校验,model_release_integrity,模型仓库发布/下载校验代理,titan-n12-r32,tampered,33,target_accelerator,目标加速器篡改,331,0,accelerator_mismatch,50,50,50,50,50.15,4.806,6.271,208.073,1728,13856
模型发布完整性校验,model_release_integrity,模型仓库发布/下载校验代理,titan-n12-r32,tampered,33,dependency_digest,依赖摘要篡改,275,0,dependency_digest_mismatch,50,50,50,50,50.15,4.806,6.271,208.073,1728,13856
模型发布完整性校验,model_release_integrity,模型仓库发布/下载校验代理,titan-n12-r32,tampered,33,weight_digest,权重摘要篡改,287,0,weight_digest_registry_mismatch,50,50,50,50,50.15,4.806,6.271,208.073,1728,13856
模型发布完整性校验,model_release_integrity,模型仓库发布/下载校验代理,titan-n12-r32,valid,34,,,331,1,ok,50,50,50,50,50.15,4.806,6.271,208.073,1728,13856
模型发布完整性校验,model_release_integrity,模型仓库发布/下载校验代理,titan-n12-r32,tampered,34,target_accelerator,目标加速器篡改,331,0,accelerator_mismatch,50,50,50,50,50.15,4.806,6.271,208.073,1728,13856
模型发布完整性校验,model_release_integrity,模型仓库发布/下载校验代理,titan-n12-r32,tampered,34,dependency_digest,依赖摘要篡改,275,0,dependency_digest_mismatch,50,50,50,50,50.15,4.806,6.271,208.073,1728,13856
模型发布完整性校验,model_release_integrity,模型仓库发布/下载校验代理,titan-n12-r32,tampered,34,weight_digest,权重摘要篡改,287,0,weight_digest_registry_mismatch,50,50,50,50,50.15,4.806,6.271,208.073,1728,13856
模型发布完整性校验,model_release_integrity,模型仓库发布/下载校验代理,titan-n12-r32,valid,35,,,331,1,ok,50,50,50,50,50.15,4.806,6.271,208.073,1728,13856
模型发布完整性校验,model_release_integrity,模型仓库发布/下载校验代理,titan-n12-r32,tampered,35,target_accelerator,目标加速器篡改,331,0,accelerator_mismatch,50,50,50,50,50.15,4.806,6.271,208.073,1728,13856
模型发布完整性校验,model_release_integrity,模型仓库发布/下载校验代理,titan-n12-r32,tampered,35,dependency_digest,依赖摘要篡改,275,0,dependency_digest_mismatch,50,50,50,50,50.15,4.806,6.271,208.073,1728,13856
模型发布完整性校验,model_release_integrity,模型仓库发布/下载校验代理,titan-n12-r32,tampered,35,weight_digest,权重摘要篡改,287,0,weight_digest_registry_mismatch,50,50,50,50,50.15,4.806,6.271,208.073,1728,13856
模型发布完整性校验,model_release_integrity,模型仓库发布/下载校验代理,titan-n12-r32,valid,36,,,331,1,ok,50,50,50,50,50.15,4.806,6.271,208.073,1728,13856
模型发布完整性校验,model_release_integrity,模型仓库发布/下载校验代理,titan-n12-r32,tampered,36,target_accelerator,目标加速器篡改,331,0,accelerator_mismatch,50,50,50,50,50.15,4.806,6.271,208.073,1728,13856
模型发布完整性校验,model_release_integrity,模型仓库发布/下载校验代理,titan-n12-r32,tampered,36,dependency_digest,依赖摘要篡改,275,0,dependency_digest_mismatch,50,50,50,50,50.15,4.806,6.271,208.073,1728,13856
模型发布完整性校验,model_release_integrity,模型仓库发布/下载校验代理,titan-n12-r32,tampered,36,weight_digest,权重摘要篡改,287,0,weight_digest_registry_mismatch,50,50,50,50,50.15,4.806,6.271,208.073,1728,13856
模型发布完整性校验,model_release_integrity,模型仓库发布/下载校验代理,titan-n12-r32,valid,37,,,331,1,ok,50,50,50,50,50.15,4.806,6.271,208.073,1728,13856
模型发布完整性校验,model_release_integrity,模型仓库发布/下载校验代理,titan-n12-r32,tampered,37,target_accelerator,目标加速器篡改,331,0,accelerator_mismatch,50,50,50,50,50.15,4.806,6.271,208.073,1728,13856
模型发布完整性校验,model_release_integrity,模型仓库发布/下载校验代理,titan-n12-r32,tampered,37,dependency_digest,依赖摘要篡改,275,0,dependency_digest_mismatch,50,50,50,50,50.15,4.806,6.271,208.073,1728,13856
模型发布完整性校验,model_release_integrity,模型仓库发布/下载校验代理,titan-n12-r32,tampered,37,weight_digest,权重摘要篡改,287,0,weight_digest_registry_mismatch,50,50,50,50,50.15,4.806,6.271,208.073,1728,13856
模型发布完整性校验,model_release_integrity,模型仓库发布/下载校验代理,titan-n12-r32,valid,38,,,331,1,ok,50,50,50,50,50.15,4.806,6.271,208.073,1728,13856
模型发布完整性校验,model_release_integrity,模型仓库发布/下载校验代理,titan-n12-r32,tampered,38,target_accelerator,目标加速器篡改,331,0,accelerator_mismatch,50,50,50,50,50.15,4.806,6.271,208.073,1728,13856
模型发布完整性校验,model_release_integrity,模型仓库发布/下载校验代理,titan-n12-r32,tampered,38,dependency_digest,依赖摘要篡改,275,0,dependency_digest_mismatch,50,50,50,50,50.15,4.806,6.271,208.073,1728,13856
模型发布完整性校验,model_release_integrity,模型仓库发布/下载校验代理,titan-n12-r32,tampered,38,weight_digest,权重摘要篡改,287,0,weight_digest_registry_mismatch,50,50,50,50,50.15,4.806,6.271,208.073,1728,13856
模型发布完整性校验,model_release_integrity,模型仓库发布/下载校验代理,titan-n12-r32,valid,39,,,331,1,ok,50,50,50,50,50.15,4.806,6.271,208.073,1728,13856
模型发布完整性校验,model_release_integrity,模型仓库发布/下载校验代理,titan-n12-r32,tampered,39,target_accelerator,目标加速器篡改,331,0,accelerator_mismatch,50,50,50,50,50.15,4.806,6.271,208.073,1728,13856
模型发布完整性校验,model_release_integrity,模型仓库发布/下载校验代理,titan-n12-r32,tampered,39,dependency_digest,依赖摘要篡改,275,0,dependency_digest_mismatch,50,50,50,50,50.15,4.806,6.271,208.073,1728,13856
模型发布完整性校验,model_release_integrity,模型仓库发布/下载校验代理,titan-n12-r32,tampered,39,weight_digest,权重摘要篡改,287,0,weight_digest_registry_mismatch,50,50,50,50,50.15,4.806,6.271,208.073,1728,13856
模型发布完整性校验,model_release_integrity,模型仓库发布/下载校验代理,titan-n12-r32,valid,40,,,331,1,ok,50,50,50,50,50.15,4.806,6.271,208.073,1728,13856
模型发布完整性校验,model_release_integrity,模型仓库发布/下载校验代理,titan-n12-r32,tampered,40,target_accelerator,目标加速器篡改,331,0,accelerator_mismatch,50,50,50,50,50.15,4.806,6.271,208.073,1728,13856
模型发布完整性校验,model_release_integrity,模型仓库发布/下载校验代理,titan-n12-r32,tampered,40,dependency_digest,依赖摘要篡改,275,0,dependency_digest_mismatch,50,50,50,50,50.15,4.806,6.271,208.073,1728,13856
模型发布完整性校验,model_release_integrity,模型仓库发布/下载校验代理,titan-n12-r32,tampered,40,weight_digest,权重摘要篡改,287,0,weight_digest_registry_mismatch,50,50,50,50,50.15,4.806,6.271,208.073,1728,13856
模型发布完整性校验,model_release_integrity,模型仓库发布/下载校验代理,titan-n12-r32,valid,41,,,331,1,ok,50,50,50,50,50.15,4.806,6.271,208.073,1728,13856
模型发布完整性校验,model_release_integrity,模型仓库发布/下载校验代理,titan-n12-r32,tampered,41,target_accelerator,目标加速器篡改,331,0,accelerator_mismatch,50,50,50,50,50.15,4.806,6.271,208.073,1728,13856
模型发布完整性校验,model_release_integrity,模型仓库发布/下载校验代理,titan-n12-r32,tampered,41,dependency_digest,依赖摘要篡改,275,0,dependency_digest_mismatch,50,50,50,50,50.15,4.806,6.271,208.073,1728,13856
模型发布完整性校验,model_release_integrity,模型仓库发布/下载校验代理,titan-n12-r32,tampered,41,weight_digest,权重摘要篡改,287,0,weight_digest_registry_mismatch,50,50,50,50,50.15,4.806,6.271,208.073,1728,13856
模型发布完整性校验,model_release_integrity,模型仓库发布/下载校验代理,titan-n12-r32,valid,42,,,331,1,ok,50,50,50,50,50.15,4.806,6.271,208.073,1728,13856
模型发布完整性校验,model_release_integrity,模型仓库发布/下载校验代理,titan-n12-r32,tampered,42,target_accelerator,目标加速器篡改,331,0,accelerator_mismatch,50,50,50,50,50.15,4.806,6.271,208.073,1728,13856
模型发布完整性校验,model_release_integrity,模型仓库发布/下载校验代理,titan-n12-r32,tampered,42,dependency_digest,依赖摘要篡改,275,0,dependency_digest_mismatch,50,50,50,50,50.15,4.806,6.271,208.073,1728,13856
模型发布完整性校验,model_release_integrity,模型仓库发布/下载校验代理,titan-n12-r32,tampered,42,weight_digest,权重摘要篡改,287,0,weight_digest_registry_mismatch,50,50,50,50,50.15,4.806,6.271,208.073,1728,13856
模型发布完整性校验,model_release_integrity,模型仓库发布/下载校验代理,titan-n12-r32,valid,43,,,331,1,ok,50,50,50,50,50.15,4.806,6.271,208.073,1728,13856
模型发布完整性校验,model_release_integrity,模型仓库发布/下载校验代理,titan-n12-r32,tampered,43,target_accelerator,目标加速器篡改,331,0,accelerator_mismatch,50,50,50,50,50.15,4.806,6.271,208.073,1728,13856
模型发布完整性校验,model_release_integrity,模型仓库发布/下载校验代理,titan-n12-r32,tampered,43,dependency_digest,依赖摘要篡改,275,0,dependency_digest_mismatch,50,50,50,50,50.15,4.806,6.271,208.073,1728,13856
模型发布完整性校验,model_release_integrity,模型仓库发布/下载校验代理,titan-n12-r32,tampered,43,weight_digest,权重摘要篡改,287,0,weight_digest_registry_mismatch,50,50,50,50,50.15,4.806,6.271,208.073,1728,13856
模型发布完整性校验,model_release_integrity,模型仓库发布/下载校验代理,titan-n12-r32,valid,44,,,331,1,ok,50,50,50,50,50.15,4.806,6.271,208.073,1728,13856
模型发布完整性校验,model_release_integrity,模型仓库发布/下载校验代理,titan-n12-r32,tampered,44,target_accelerator,目标加速器篡改,331,0,accelerator_mismatch,50,50,50,50,50.15,4.806,6.271,208.073,1728,13856
模型发布完整性校验,model_release_integrity,模型仓库发布/下载校验代理,titan-n12-r32,tampered,44,dependency_digest,依赖摘要篡改,275,0,dependency_digest_mismatch,50,50,50,50,50.15,4.806,6.271,208.073,1728,13856
模型发布完整性校验,model_release_integrity,模型仓库发布/下载校验代理,titan-n12-r32,tampered,44,weight_digest,权重摘要篡改,287,0,weight_digest_registry_mismatch,50,50,50,50,50.15,4.806,6.271,208.073,1728,13856
模型发布完整性校验,model_release_integrity,模型仓库发布/下载校验代理,titan-n12-r32,valid,45,,,331,1,ok,50,50,50,50,50.15,4.806,6.271,208.073,1728,13856
模型发布完整性校验,model_release_integrity,模型仓库发布/下载校验代理,titan-n12-r32,tampered,45,target_accelerator,目标加速器篡改,331,0,accelerator_mismatch,50,50,50,50,50.15,4.806,6.271,208.073,1728,13856
模型发布完整性校验,model_release_integrity,模型仓库发布/下载校验代理,titan-n12-r32,tampered,45,dependency_digest,依赖摘要篡改,275,0,dependency_digest_mismatch,50,50,50,50,50.15,4.806,6.271,208.073,1728,13856
模型发布完整性校验,model_release_integrity,模型仓库发布/下载校验代理,titan-n12-r32,tampered,45,weight_digest,权重摘要篡改,287,0,weight_digest_registry_mismatch,50,50,50,50,50.15,4.806,6.271,208.073,1728,13856
模型发布完整性校验,model_release_integrity,模型仓库发布/下载校验代理,titan-n12-r32,valid,46,,,331,1,ok,50,50,50,50,50.15,4.806,6.271,208.073,1728,13856
模型发布完整性校验,model_release_integrity,模型仓库发布/下载校验代理,titan-n12-r32,tampered,46,target_accelerator,目标加速器篡改,331,0,accelerator_mismatch,50,50,50,50,50.15,4.806,6.271,208.073,1728,13856
模型发布完整性校验,model_release_integrity,模型仓库发布/下载校验代理,titan-n12-r32,tampered,46,dependency_digest,依赖摘要篡改,275,0,dependency_digest_mismatch,50,50,50,50,50.15,4.806,6.271,208.073,1728,13856
模型发布完整性校验,model_release_integrity,模型仓库发布/下载校验代理,titan-n12-r32,tampered,46,weight_digest,权重摘要篡改,287,0,weight_digest_registry_mismatch,50,50,50,50,50.15,4.806,6.271,208.073,1728,13856
模型发布完整性校验,model_release_integrity,模型仓库发布/下载校验代理,titan-n12-r32,valid,47,,,331,1,ok,50,50,50,50,50.15,4.806,6.271,208.073,1728,13856
模型发布完整性校验,model_release_integrity,模型仓库发布/下载校验代理,titan-n12-r32,tampered,47,target_accelerator,目标加速器篡改,331,0,accelerator_mismatch,50,50,50,50,50.15,4.806,6.271,208.073,1728,13856
模型发布完整性校验,model_release_integrity,模型仓库发布/下载校验代理,titan-n12-r32,tampered,47,dependency_digest,依赖摘要篡改,275,0,dependency_digest_mismatch,50,50,50,50,50.15,4.806,6.271,208.073,1728,13856
模型发布完整性校验,model_release_integrity,模型仓库发布/下载校验代理,titan-n12-r32,tampered,47,weight_digest,权重摘要篡改,287,0,weight_digest_registry_mismatch,50,50,50,50,50.15,4.806,6.271,208.073,1728,13856
模型发布完整性校验,model_release_integrity,模型仓库发布/下载校验代理,titan-n12-r32,valid,48,,,331,1,ok,50,50,50,50,50.15,4.806,6.271,208.073,1728,13856
模型发布完整性校验,model_release_integrity,模型仓库发布/下载校验代理,titan-n12-r32,tampered,48,target_accelerator,目标加速器篡改,331,0,accelerator_mismatch,50,50,50,50,50.15,4.806,6.271,208.073,1728,13856
模型发布完整性校验,model_release_integrity,模型仓库发布/下载校验代理,titan-n12-r32,tampered,48,dependency_digest,依赖摘要篡改,275,0,dependency_digest_mismatch,50,50,50,50,50.15,4.806,6.271,208.073,1728,13856
模型发布完整性校验,model_release_integrity,模型仓库发布/下载校验代理,titan-n12-r32,tampered,48,weight_digest,权重摘要篡改,287,0,weight_digest_registry_mismatch,50,50,50,50,50.15,4.806,6.271,208.073,1728,13856
模型发布完整性校验,model_release_integrity,模型仓库发布/下载校验代理,titan-n12-r32,valid,49,,,331,1,ok,50,50,50,50,50.15,4.806,6.271,208.073,1728,13856
模型发布完整性校验,model_release_integrity,模型仓库发布/下载校验代理,titan-n12-r32,tampered,49,target_accelerator,目标加速器篡改,331,0,accelerator_mismatch,50,50,50,50,50.15,4.806,6.271,208.073,1728,13856
模型发布完整性校验,model_release_integrity,模型仓库发布/下载校验代理,titan-n12-r32,tampered,49,dependency_digest,依赖摘要篡改,275,0,dependency_digest_mismatch,50,50,50,50,50.15,4.806,6.271,208.073,1728,13856
模型发布完整性校验,model_release_integrity,模型仓库发布/下载校验代理,titan-n12-r32,tampered,49,weight_digest,权重摘要篡改,287,0,weight_digest_registry_mismatch,50,50,50,50,50.15,4.806,6.271,208.073,1728,13856
模型发布完整性校验,model_release_integrity,模型仓库发布/下载校验代理,titan-n12-r32,valid,50,,,331,1,ok,50,50,50,50,50.15,4.806,6.271,208.073,1728,13856
模型发布完整性校验,model_release_integrity,模型仓库发布/下载校验代理,titan-n12-r32,tampered,50,target_accelerator,目标加速器篡改,331,0,accelerator_mismatch,50,50,50,50,50.15,4.806,6.271,208.073,1728,13856
模型发布完整性校验,model_release_integrity,模型仓库发布/下载校验代理,titan-n12-r32,tampered,50,dependency_digest,依赖摘要篡改,275,0,dependency_digest_mismatch,50,50,50,50,50.15,4.806,6.271,208.073,1728,13856
模型发布完整性校验,model_release_integrity,模型仓库发布/下载校验代理,titan-n12-r32,tampered,50,weight_digest,权重摘要篡改,287,0,weight_digest_registry_mismatch,50,50,50,50,50.15,4.806,6.271,208.073,1728,13856
