+miktex-misc.tpm;tpm/packages;
+il2-t1.tcx;miktex/config;
+languages.ini;miktex/config;
+macce-cs.tcx;miktex/config;
+kam-cs.tcx;miktex/config;
+maz-pl.tcx;miktex/config;
+cp227.tcx;miktex/config;
+cp1250t1.tcx;miktex/config;
+macce-pl.tcx;miktex/config;
+macce-t1.tcx;miktex/config;
+tcvn-t5.tcx;miktex/config;
+kam-t1.tcx;miktex/config;
+il2-pl.tcx;miktex/config;
+cp1250cs.tcx;miktex/config;
+updmap.cfg;miktex/config;
+cp852-cs.tcx;miktex/config;
+empty.tcx;miktex/config;
+il1-t1.tcx;miktex/config;
+cp1250pl.tcx;miktex/config;
+cp8bit.tcx;miktex/config;
+cp852-pl.tcx;miktex/config;
+il2-cs.tcx;miktex/config;
+amiga-pl.tcx;miktex/config;
+natural.tcx;miktex/config;
+scripts.ini~;miktex/config;
+viscii-t5.tcx;miktex/config;
+updmap.cfg.template;miktex/config;
+scripts.ini;miktex/config;
+pdftex35.map;fonts/map/dvips/tetex;
+09fbbfac.enc;fonts/enc/dvips/tetex;
+config.builtin35;dvips/tetex;
+mathpple.map;fonts/map/dvips/tetex;
+config.dfaxhigh;dvips/tetex;
+config.gsftopk;dvips/tetex;
+config.dfaxlo;dvips/tetex;
+config.download35;dvips/tetex;
+config.maxmem;dvips/tetex;
+config.outline;dvips/tetex;
+dvips35.map;fonts/map/dvips/tetex;
+config.pdf;dvips/tetex;
+config.pk;dvips/tetex;
+config.www;dvips/tetex;
+0ef0afca.enc;fonts/enc/dvips/tetex;
+10037936.enc;fonts/enc/dvips/tetex;
+1b6d048e.enc;fonts/enc/dvips/tetex;
+71414f53.enc;fonts/enc/dvips/tetex;
+74afc74c.enc;fonts/enc/dvips/tetex;
+aae443f0.enc;fonts/enc/dvips/tetex;
+ps2pk35.map;fonts/map/dvips/tetex;
+b6a4d7c7.enc;fonts/enc/dvips/tetex;
+base14flags.tex;fonts/map/dvips/tetex;
+bbad153f.enc;fonts/enc/dvips/tetex;
+d9b29452.enc;fonts/enc/dvips/tetex;
+f7b6d320.enc;fonts/enc/dvips/tetex;
+mtex.enc;fonts/enc/dvips/tetex;
+base14flags.ltx;fonts/map/dvips/tetex;
+dvipdfm35.map;fonts/map/dvips/tetex;
+Makefile;fonts/map/dvips/tetex;
+README;fonts/map/dvips/tetex;
+tetex.tpm;tpm/packages;
+fonts.conf.in;fontconfig/config;
+miktex-fontconfig.tpm;tpm/packages;
+fonts.dtd;fontconfig/config;
+t4ht.ini;miktex/config;
+platex.ini;miktex/config;
+pdfxlatex.ini;miktex/config;
+lualatex-dev.ini;miktex/config;
+miktex-config-2.9.tpm;tpm/packages;
+xelatex-dev.ini;miktex/config;
+utf8mex.ini;miktex/config;
+frtex.ini;miktex/config;
+dvipdfmx.ini;miktex/config;
+dviluatex.ini;miktex/config;
+elatex.ini;miktex/config;
+fontinst.ini;miktex/config;
+ptex.ini;miktex/config;
+pdfplatex.ini;miktex/config;
+mltex.ini;miktex/config;
+pdfcslatex.ini;miktex/config;
+pdflatex-dev.ini;miktex/config;
+latex209.ini;miktex/config;
+luahbtex.ini;miktex/config;
+jadetex.ini;miktex/config;
+dvilualatex-dev.ini;miktex/config;
+tex.ini;miktex/config;
+log4cxx.unx.xml;miktex/config/unx;
+luatex.ini;miktex/config;
+ttf2tfm.ini;miktex/config;
+etex.ini;miktex/config;
+xdvipdfmx.ini;miktex/config;
+xmltex.ini;miktex/config;
+bibtex-x.ini;miktex/config;
+tex4ht.ini;miktex/config;
+bibtexu.ini;miktex/config;
+pdfcsplain.ini;miktex/config;
+texapp.ini;miktex/config;
+amstex.ini;miktex/config;
+pdftex.ini;miktex/config;
+xelatex.ini;miktex/config;
+log4cxx.win.xml;miktex/config/win;
+xeplain.ini;miktex/config;
+yap.ini;miktex/config;
+bibtex8.ini;miktex/config;
+luahblatex.ini;miktex/config;
+eplain.ini;miktex/config;
+pdflatex.ini;miktex/config;
+luahblatex-dev.ini;miktex/config;
+pdfxtex.ini;miktex/config;
+pdfjadetex.ini;miktex/config;
+mllatex.ini;miktex/config;
+pdfelatex.ini;miktex/config;
+cslatex.ini;miktex/config;
+latex-dev.ini;miktex/config;
+ftex.ini;miktex/config;
+formats.ini;miktex/config;
+frlatex.ini;miktex/config;
+olatex.ini;miktex/config;
+texinfo.ini;miktex/config;
+dvipdfm.ini;miktex/config;
+xetex.ini;miktex/config;
+latex.ini;miktex/config;
+ttf2pk.ini;miktex/config;
+csplain.ini;miktex/config;
+pdfxmltex.ini;miktex/config;
+pdftexinfo.ini;miktex/config;
+lualatex.ini;miktex/config;
+pdfamstex.ini;miktex/config;
+dvilualatex.ini;miktex/config;
+texmfapp.ini;miktex/config;
+xelatex.ini;tex/latex/latexconfig;
+xetex.ini;tex/plain/config;
+miktex-xetex.tpm;tpm/packages;
+book.cls;tex/latex/base;
+bk11.clo;tex/latex/base;
+newlfont.sty;tex/latex/base;
+ltxbase.tpm;tpm/packages;
+leqno.clo;tex/latex/base;
+fontmath.cfg;tex/latex/base;
+tulmssq.fd;tex/latex/base;
+gind.ist;makeindex/latex;
+tulmr.fd;tex/latex/base;
+ot1lcmtt.fd;tex/latex/base;
+gglo.ist;makeindex/latex;
+latex.ltx;tex/latex/base;
+t1enc.dfu;tex/latex/base;
+t2cenc.dfu;tex/latex/base;
+article.sty;tex/latex/base;
+tulmvtt.fd;tex/latex/base;
+omslcmsy.fd;tex/latex/base;
+ucmr.fd;tex/latex/base;
+ot1enc.dfu;tex/latex/base;
+fleqn.sty;tex/latex/base;
+latin9.def;tex/latex/base;
+textcomp-2018-08-11.sty;tex/latex/base;
+proc.sty;tex/latex/base;
+omlenc.def;tex/latex/base;
+ansinew.def;tex/latex/base;
+latin3.def;tex/latex/base;
+tulmss.fd;tex/latex/base;
+ltnews.cls;tex/latex/base;
+lablst.tex;tex/latex/base;
+source2edoc.cls;tex/latex/base;
+fixltx2e.sty;tex/latex/base;
+small2e.tex;tex/latex/base;
+leqno.sty;tex/latex/base;
+t1enc.sty;tex/latex/base;
+t1cmr.fd;tex/latex/base;
+x2enc.dfu;tex/latex/base;
+doc-2016-02-15.sty;tex/latex/base;
+letter.cls;tex/latex/base;
+omlcmr.fd;tex/latex/base;
+fonttext.cfg;tex/latex/base;
+ts1cmss.fd;tex/latex/base;
+cp437.def;tex/latex/base;
+proc.cls;tex/latex/base;
+cp858.def;tex/latex/base;
+omlcmm.fd;tex/latex/base;
+ltluatex.tex;tex/latex/base;
+showidx.sty;tex/latex/base;
+alltt.sty;tex/latex/base;
+ot1cmss.fd;tex/latex/base;
+tulmtt.fd;tex/latex/base;
+flafter.sty;tex/latex/base;
+ulasy.fd;tex/latex/base;
+decmulti.def;tex/latex/base;
+omsenc.dfu;tex/latex/base;
+applemac.def;tex/latex/base;
+ts1enc.dfu;tex/latex/base;
+fonttext.ltx;tex/latex/base;
+ot1cmvtt.fd;tex/latex/base;
+testpage.tex;tex/latex/base;
+book.sty;tex/latex/base;
+t1cmvtt.fd;tex/latex/base;
+tracefnt.sty;tex/latex/base;
+latexsym.sty;tex/latex/base;
+cp1250.def;tex/latex/base;
+slides.cls;tex/latex/base;
+preload.ltx;tex/latex/base;
+bezier.sty;tex/latex/base;
+tuenc.def;tex/latex/base;
+sample2e.tex;tex/latex/base;
+ucmtt.fd;tex/latex/base;
+atveryend-ltx.sty;tex/latex/base;
+ltxcheck.tex;tex/latex/base;
+ot1cmfib.fd;tex/latex/base;
+ot1cmtt.fd;tex/latex/base;
+size12.clo;tex/latex/base;
+syntonly.sty;tex/latex/base;
+ifthen.sty;tex/latex/base;
+minimal.cls;tex/latex/base;
+t1cmdh.fd;tex/latex/base;
+t2aenc.dfu;tex/latex/base;
+size10.clo;tex/latex/base;
+ltluatex.lua;tex/latex/base;
+cp865.def;tex/latex/base;
+omxcmex.fd;tex/latex/base;
+nfssfont.tex;tex/latex/base;
+docstrip.tex;tex/latex/base;
+ot1cmfr.fd;tex/latex/base;
+ts1cmtt.fd;tex/latex/base;
+makeidx.sty;tex/latex/base;
+graphpap.sty;tex/latex/base;
+atbegshi-ltx.sty;tex/latex/base;
+fontmath.ltx;tex/latex/base;
+doc-2021-06-01.sty;tex/latex/base;
+ot1lcmss.fd;tex/latex/base;
+omscmr.fd;tex/latex/base;
+bk10.clo;tex/latex/base;
+preload.cfg;tex/latex/base;
+latin2.def;tex/latex/base;
+ascii.def;tex/latex/base;
+t2benc.dfu;tex/latex/base;
+t1cmss.fd;tex/latex/base;
+ly1enc.dfu;tex/latex/base;
+openbib.sty;tex/latex/base;
+cp1257.def;tex/latex/base;
+letter.sty;tex/latex/base;
+textcomp.sty;tex/latex/base;
+tulmdh.fd;tex/latex/base;
+idx.tex;tex/latex/base;
+ot1cmr.fd;tex/latex/base;
+ot1enc.def;tex/latex/base;
+next.def;tex/latex/base;
+article.cls;tex/latex/base;
+ts1enc.def;tex/latex/base;
+cp850.def;tex/latex/base;
+lcyenc.dfu;tex/latex/base;
+t1lcmss.fd;tex/latex/base;
+t1enc.def;tex/latex/base;
+ltxdoc.cfg;tex/latex/base;
+macce.def;tex/latex/base;
+structuredlog.sty;tex/latex/base;
+t1lcmtt.fd;tex/latex/base;
+utf8enc.dfu;tex/latex/base;
+omxlcmex.fd;tex/latex/base;
+ot2enc.dfu;tex/latex/base;
+fleqn.clo;tex/latex/base;
+ot4enc.def;tex/latex/base;
+ts1cmr.fd;tex/latex/base;
+omscmsy.fd;tex/latex/base;
+ltxguide.cls;tex/latex/base;
+oldlfont.sty;tex/latex/base;
+fix-cm.sty;tex/latex/base;
+fltrace.sty;tex/latex/base;
+t1cmfib.fd;tex/latex/base;
+size11.clo;tex/latex/base;
+slides.sty;tex/latex/base;
+latin1.def;tex/latex/base;
+latex209.def;tex/latex/base;
+ltxdoc.cls;tex/latex/base;
+cp1252.def;tex/latex/base;
+latin4.def;tex/latex/base;
+ucmss.fd;tex/latex/base;
+latin10.def;tex/latex/base;
+shortvrb.sty;tex/latex/base;
+omllcmm.fd;tex/latex/base;
+hyphen.ltx;tex/latex/base;
+report.sty;tex/latex/base;
+fontenc.sty;tex/latex/base;
+texsys.cfg;tex/latex/base;
+ts1cmvtt.fd;tex/latex/base;
+inputenc.sty;tex/latex/base;
+utf8.def;tex/latex/base;
+omsenc.def;tex/latex/base;
+cp852.def;tex/latex/base;
+checkencodingsubset.tex;tex/latex/base;
+t1cmfr.fd;tex/latex/base;
+cp437de.def;tex/latex/base;
+sfonts.def;tex/latex/base;
+ot1cmdh.fd;tex/latex/base;
+doc.sty;tex/latex/base;
+latexrelease.sty;tex/latex/base;
+exscale.sty;tex/latex/base;
+report.cls;tex/latex/base;
+ullasy.fd;tex/latex/base;
+t1cmtt.fd;tex/latex/base;
+lppl.tex;tex/latex/base;
+latin5.def;tex/latex/base;
+bk12.clo;tex/latex/base;
+utf8-2018.def;tex/latex/base;
+slides.def;tex/latex/base;
+l3kernel.tpm;tpm/packages;
+l3str-enc-iso88593.def;tex/latex/l3kernel;
+l3str-enc-iso885914.def;tex/latex/l3kernel;
+l3str-enc-iso88595.def;tex/latex/l3kernel;
+expl3-code.tex;tex/latex/l3kernel;
+l3str-enc-iso885916.def;tex/latex/l3kernel;
+l3docstrip.tex;tex/latex/l3kernel;
+l3str-enc-iso88596.def;tex/latex/l3kernel;
+l3str-enc-iso885915.def;tex/latex/l3kernel;
+l3doc.cls;tex/latex/l3kernel;
+l3str-enc-iso88599.def;tex/latex/l3kernel;
+expl3-generic.tex;tex/latex/l3kernel;
+expl3.ltx;tex/latex/l3kernel;
+l3str-enc-iso885910.def;tex/latex/l3kernel;
+l3debug.def;tex/latex/l3kernel;
+l3str-enc-iso88592.def;tex/latex/l3kernel;
+l3str-enc-iso88591.def;tex/latex/l3kernel;
+l3str-enc-iso885913.def;tex/latex/l3kernel;
+expl3.sty;tex/latex/l3kernel;
+l3str-enc-iso88597.def;tex/latex/l3kernel;
+l3str-enc-iso88598.def;tex/latex/l3kernel;
+expl3.lua;tex/latex/l3kernel;
+l3str-enc-iso88594.def;tex/latex/l3kernel;
+l3str-enc-iso885911.def;tex/latex/l3kernel;
+README;doc/fonts/cm;
+cmsl10.tfm;fonts/tfm/public/cm;
+accent.mf;fonts/source/public/cm;
+bigacc.mf;fonts/source/public/cm;
+bigdel.mf;fonts/source/public/cm;
+cmmi9.mf;fonts/source/public/cm;
+bigop.mf;fonts/source/public/cm;
+calu.mf;fonts/source/public/cm;
+cmb10.mf;fonts/source/public/cm;
+cmbase.mf;fonts/source/public/cm;
+italig.mf;fonts/source/public/cm;
+cmbcsc10.mf;fonts/source/public/cm;
+cmbsy10.mf;fonts/source/public/cm;
+cmbtex10.mf;fonts/source/public/cm;
+cmbtt10.mf;fonts/source/public/cm;
+cmbtt8.mf;fonts/source/public/cm;
+cmssi17.tfm;fonts/tfm/public/cm;
+sym.mf;fonts/source/public/cm;
+cmbtt9.mf;fonts/source/public/cm;
+cmbx10.mf;fonts/source/public/cm;
+cmr12.tfm;fonts/tfm/public/cm;
+cmbx12.mf;fonts/source/public/cm;
+cmsy5.tfm;fonts/tfm/public/cm;
+cmbx5.mf;fonts/source/public/cm;
+cmbx6.mf;fonts/source/public/cm;
+cmbx7.mf;fonts/source/public/cm;
+cmti12.mf;fonts/source/public/cm;
+cmbx8.mf;fonts/source/public/cm;
+cmsy9.tfm;fonts/tfm/public/cm;
+cmbx9.mf;fonts/source/public/cm;
+cmr17.mf;fonts/source/public/cm;
+cmbxsl10.mf;fonts/source/public/cm;
+cmbxti10.mf;fonts/source/public/cm;
+cmcsc10.mf;fonts/source/public/cm;
+cmssi9.tfm;fonts/tfm/public/cm;
+cmdunh10.mf;fonts/source/public/cm;
+cmex10.mf;fonts/source/public/cm;
+cmexb10.mf;fonts/source/public/cm;
+cmff10.mf;fonts/source/public/cm;
+cmfi10.mf;fonts/source/public/cm;
+cmfib8.mf;fonts/source/public/cm;
+cmitt10.tfm;fonts/tfm/public/cm;
+romanu.mf;fonts/source/public/cm;
+cmssi9.mf;fonts/source/public/cm;
+cminch.mf;fonts/source/public/cm;
+cmitt10.mf;fonts/source/public/cm;
+cmsy10.tfm;fonts/tfm/public/cm;
+cmmi10.mf;fonts/source/public/cm;
+cmmi12.mf;fonts/source/public/cm;
+cmmi5.mf;fonts/source/public/cm;
+cmmi6.mf;fonts/source/public/cm;
+cmmi7.mf;fonts/source/public/cm;
+cmmi8.mf;fonts/source/public/cm;
+cmvtt10.tfm;fonts/tfm/public/cm;
+cmmib10.mf;fonts/source/public/cm;
+cmplain.mf;fonts/source/public/cm;
+cmr10.mf;fonts/source/public/cm;
+cmr12.mf;fonts/source/public/cm;
+cmr5.mf;fonts/source/public/cm;
+cmr6.mf;fonts/source/public/cm;
+cmr7.mf;fonts/source/public/cm;
+cmr8.mf;fonts/source/public/cm;
+cmr9.mf;fonts/source/public/cm;
+cmsl10.mf;fonts/source/public/cm;
+cmsl12.mf;fonts/source/public/cm;
+cmsl8.mf;fonts/source/public/cm;
+cmsl12.tfm;fonts/tfm/public/cm;
+cmsl9.mf;fonts/source/public/cm;
+cmsltt10.mf;fonts/source/public/cm;
+cmss10.mf;fonts/source/public/cm;
+cmss12.mf;fonts/source/public/cm;
+cmss17.mf;fonts/source/public/cm;
+cmss8.mf;fonts/source/public/cm;
+cmss9.mf;fonts/source/public/cm;
+cmssbx10.mf;fonts/source/public/cm;
+cmssdc10.mf;fonts/source/public/cm;
+romlig.mf;fonts/source/public/cm;
+cmtt8.mf;fonts/source/public/cm;
+cmssi10.mf;fonts/source/public/cm;
+cmssi12.mf;fonts/source/public/cm;
+comlig.mf;fonts/source/public/cm;
+cmssi17.mf;fonts/source/public/cm;
+cmssi8.mf;fonts/source/public/cm;
+cmssq8.mf;fonts/source/public/cm;
+cmssqi8.mf;fonts/source/public/cm;
+cmtt12.tfm;fonts/tfm/public/cm;
+cmsy10.mf;fonts/source/public/cm;
+cmsy5.mf;fonts/source/public/cm;
+cmtex9.tfm;fonts/tfm/public/cm;
+cmsy6.mf;fonts/source/public/cm;
+cmsy7.mf;fonts/source/public/cm;
+cmsy8.mf;fonts/source/public/cm;
+cmsy9.mf;fonts/source/public/cm;
+cmtcsc10.mf;fonts/source/public/cm;
+cmtex10.mf;fonts/source/public/cm;
+cmtex8.mf;fonts/source/public/cm;
+cmtex9.mf;fonts/source/public/cm;
+cmti10.mf;fonts/source/public/cm;
+cmti7.mf;fonts/source/public/cm;
+cmti8.mf;fonts/source/public/cm;
+cmti9.mf;fonts/source/public/cm;
+cmtt10.mf;fonts/source/public/cm;
+cmtt12.mf;fonts/source/public/cm;
+cmtt9.mf;fonts/source/public/cm;
+cmttb10.mf;fonts/source/public/cm;
+cmu10.mf;fonts/source/public/cm;
+cmvtt10.mf;fonts/source/public/cm;
+csc.mf;fonts/source/public/cm;
+cscspu.mf;fonts/source/public/cm;
+cmdunh10.tfm;fonts/tfm/public/cm;
+greekl.mf;fonts/source/public/cm;
+roman.mf;fonts/source/public/cm;
+greeku.mf;fonts/source/public/cm;
+itald.mf;fonts/source/public/cm;
+cmssi10.tfm;fonts/tfm/public/cm;
+itall.mf;fonts/source/public/cm;
+italms.mf;fonts/source/public/cm;
+italp.mf;fonts/source/public/cm;
+cmtt9.tfm;fonts/tfm/public/cm;
+italsp.mf;fonts/source/public/cm;
+mathex.mf;fonts/source/public/cm;
+mathit.mf;fonts/source/public/cm;
+mathsy.mf;fonts/source/public/cm;
+olddig.mf;fonts/source/public/cm;
+punct.mf;fonts/source/public/cm;
+romand.mf;fonts/source/public/cm;
+romanl.mf;fonts/source/public/cm;
+romanp.mf;fonts/source/public/cm;
+romms.mf;fonts/source/public/cm;
+romspl.mf;fonts/source/public/cm;
+romspu.mf;fonts/source/public/cm;
+romsub.mf;fonts/source/public/cm;
+symbol.mf;fonts/source/public/cm;
+texset.mf;fonts/source/public/cm;
+textit.mf;fonts/source/public/cm;
+title.mf;fonts/source/public/cm;
+cmu10.tfm;fonts/tfm/public/cm;
+tset.mf;fonts/source/public/cm;
+tsetsl.mf;fonts/source/public/cm;
+white_setup.mf;fonts/source/public/cm;
+cmb10.tfm;fonts/tfm/public/cm;
+cmbcsc10.tfm;fonts/tfm/public/cm;
+cmbsy10.tfm;fonts/tfm/public/cm;
+cmbx5.tfm;fonts/tfm/public/cm;
+cmbx10.tfm;fonts/tfm/public/cm;
+cmbx7.tfm;fonts/tfm/public/cm;
+cmbx12.tfm;fonts/tfm/public/cm;
+cmbx6.tfm;fonts/tfm/public/cm;
+cmbx8.tfm;fonts/tfm/public/cm;
+cmbx9.tfm;fonts/tfm/public/cm;
+cmbxsl10.tfm;fonts/tfm/public/cm;
+cmbxti10.tfm;fonts/tfm/public/cm;
+cmcsc10.tfm;fonts/tfm/public/cm;
+cmex10.tfm;fonts/tfm/public/cm;
+cmff10.tfm;fonts/tfm/public/cm;
+cmfi10.tfm;fonts/tfm/public/cm;
+cmssq8.tfm;fonts/tfm/public/cm;
+cmfib8.tfm;fonts/tfm/public/cm;
+cmssi12.tfm;fonts/tfm/public/cm;
+cminch.tfm;fonts/tfm/public/cm;
+cmmi10.tfm;fonts/tfm/public/cm;
+cmmi12.tfm;fonts/tfm/public/cm;
+cmmi5.tfm;fonts/tfm/public/cm;
+cmmi6.tfm;fonts/tfm/public/cm;
+cmmi7.tfm;fonts/tfm/public/cm;
+cmmi8.tfm;fonts/tfm/public/cm;
+cmmi9.tfm;fonts/tfm/public/cm;
+cmmib10.tfm;fonts/tfm/public/cm;
+cmr10.tfm;fonts/tfm/public/cm;
+cmr17.tfm;fonts/tfm/public/cm;
+cmr5.tfm;fonts/tfm/public/cm;
+cmr6.tfm;fonts/tfm/public/cm;
+cmr7.tfm;fonts/tfm/public/cm;
+cmr8.tfm;fonts/tfm/public/cm;
+cmr9.tfm;fonts/tfm/public/cm;
+cmsl8.tfm;fonts/tfm/public/cm;
+cmsl9.tfm;fonts/tfm/public/cm;
+cmsltt10.tfm;fonts/tfm/public/cm;
+cmssi8.tfm;fonts/tfm/public/cm;
+cmss10.tfm;fonts/tfm/public/cm;
+cmss12.tfm;fonts/tfm/public/cm;
+cmss17.tfm;fonts/tfm/public/cm;
+cmss8.tfm;fonts/tfm/public/cm;
+cmss9.tfm;fonts/tfm/public/cm;
+cmssbx10.tfm;fonts/tfm/public/cm;
+cmssdc10.tfm;fonts/tfm/public/cm;
+cmssqi8.tfm;fonts/tfm/public/cm;
+cmsy6.tfm;fonts/tfm/public/cm;
+cmsy7.tfm;fonts/tfm/public/cm;
+cmsy8.tfm;fonts/tfm/public/cm;
+cmtcsc10.tfm;fonts/tfm/public/cm;
+cmtex10.tfm;fonts/tfm/public/cm;
+cmtex8.tfm;fonts/tfm/public/cm;
+cmti10.tfm;fonts/tfm/public/cm;
+cmti12.tfm;fonts/tfm/public/cm;
+cmti7.tfm;fonts/tfm/public/cm;
+cmti8.tfm;fonts/tfm/public/cm;
+cmti9.tfm;fonts/tfm/public/cm;
+cmtt10.tfm;fonts/tfm/public/cm;
+cmtt8.tfm;fonts/tfm/public/cm;
+cm.tpm;tpm/packages;
+unicode-data.tpm;tpm/packages;
+Scripts.txt;tex/generic/unicode-data;
+BidiMirroring.txt;tex/generic/unicode-data;
+LineBreak.txt;tex/generic/unicode-data;
+GraphemeBreakProperty.txt;tex/generic/unicode-data;
+PropList.txt;tex/generic/unicode-data;
+load-unicode-xetex-classes.tex;tex/generic/unicode-data;
+MathClass-15.txt;tex/generic/unicode-data;
+CaseFolding.txt;tex/generic/unicode-data;
+ScriptExtensions.txt;tex/generic/unicode-data;
+BidiBrackets.txt;tex/generic/unicode-data;
+emoji-data.txt;tex/generic/unicode-data;
+load-unicode-math-classes.tex;tex/generic/unicode-data;
+WordBreakProperty.txt;tex/generic/unicode-data;
+load-unicode-data.tex;tex/generic/unicode-data;
+UnicodeData.txt;tex/generic/unicode-data;
+BidiMirroring-5-1-0.txt;tex/generic/unicode-data;
+EastAsianWidth.txt;tex/generic/unicode-data;
+SpecialCasing.txt;tex/generic/unicode-data;
+l7x-lmsso12.tfm;fonts/tfm/public/lm;
+GUST-FONT-LICENSE.TXT;doc/fonts/lm;
+lm-hist.txt;doc/fonts/lm;
+lmsans10-bold.otf;fonts/opentype/public/lm;
+lm-rmsc.enc;fonts/enc/dvips/lm;
+lm-info.pdf;doc/fonts/lm;
+lmsy7.pfm;fonts/type1/public/lm;
+lmbsy7.pfm;fonts/type1/public/lm;
+MANIFEST-Latin-Modern.TXT;doc/fonts/lm;
+l7x-lmssqo8.tfm;fonts/tfm/public/lm;
+l7x-lmcsc10.tfm;fonts/tfm/public/lm;
+README-Latin-Modern.TXT;doc/fonts/lm;
+lmtt9.pfm;fonts/type1/public/lm;
+cs-lmri7.tfm;fonts/tfm/public/lm;
+tstlmot1.pdf;doc/fonts/lm;
+t5-lmsso17.tfm;fonts/tfm/public/lm;
+tstlmot1.tex;doc/fonts/lm;
+l7x-lmbx6.tfm;fonts/tfm/public/lm;
+texnansi-lmduno10.tfm;fonts/tfm/public/lm;
+ec-lmtt9.tfm;fonts/tfm/public/lm;
+tstlmot4.pdf;doc/fonts/lm;
+lmmi9.afm;fonts/afm/public/lm;
+texnansi-lmssdc10.tfm;fonts/tfm/public/lm;
+tstlmot4.tex;doc/fonts/lm;
+tstlmqx.pdf;doc/fonts/lm;
+tstlmqx.tex;doc/fonts/lm;
+cs-lmro8.tfm;fonts/tfm/public/lm;
+ts1-lmtt12.tfm;fonts/tfm/public/lm;
+lmsso9.pfm;fonts/type1/public/lm;
+qx-lmssqo8.tfm;fonts/tfm/public/lm;
+t5-lmvtlo10.tfm;fonts/tfm/public/lm;
+tstlmt1.pdf;doc/fonts/lm;
+lmssbo10.pfb;fonts/type1/public/lm;
+tstlmt1.tex;doc/fonts/lm;
+t5-lmcsco10.tfm;fonts/tfm/public/lm;
+rm-lmb10.tfm;fonts/tfm/public/lm;
+rm-lmcsco10.tfm;fonts/tfm/public/lm;
+rm-lmr5.tfm;fonts/tfm/public/lm;
+tstlmts1.pdf;doc/fonts/lm;
+tstlmts1.tex;doc/fonts/lm;
+cs-lmss10.tfm;fonts/tfm/public/lm;
+rm-lmssbx10.tfm;fonts/tfm/public/lm;
+ec-lmri7.tfm;fonts/tfm/public/lm;
+lmb10.afm;fonts/afm/public/lm;
+lmbo10.afm;fonts/afm/public/lm;
+t5-lmsso9.tfm;fonts/tfm/public/lm;
+t5-lmssdo10.tfm;fonts/tfm/public/lm;
+lmbsy10.afm;fonts/afm/public/lm;
+lmbsy10.aft;fonts/afm/public/lm;
+ec-lmsso8.tfm;fonts/tfm/public/lm;
+ec-lmtlo10.tfm;fonts/tfm/public/lm;
+lmbsy5.afm;fonts/afm/public/lm;
+lm-ec.map;fonts/map/dvipdfm/lm;
+lmbsy5.aft;fonts/afm/public/lm;
+lmbx9.pfb;fonts/type1/public/lm;
+lmmonoltcond10-oblique.otf;fonts/opentype/public/lm;
+lmbsy7.afm;fonts/afm/public/lm;
+texnansi-lmro12.tfm;fonts/tfm/public/lm;
+qx-lmss12.tfm;fonts/tfm/public/lm;
+lmsans8-oblique.otf;fonts/opentype/public/lm;
+lmromancaps10-oblique.otf;fonts/opentype/public/lm;
+t5-lmvtk10.tfm;fonts/tfm/public/lm;
+lmr9.pfb;fonts/type1/public/lm;
+lmbsy7.aft;fonts/afm/public/lm;
+lmbx10.afm;fonts/afm/public/lm;
+lmbx12.afm;fonts/afm/public/lm;
+lmri8.pfm;fonts/type1/public/lm;
+lmbx5.afm;fonts/afm/public/lm;
+lmsy10.pfm;fonts/type1/public/lm;
+lmbsy10.pfm;fonts/type1/public/lm;
+lmbx6.afm;fonts/afm/public/lm;
+lmsy10.tfm;fonts/tfm/public/lm;
+lmbx7.afm;fonts/afm/public/lm;
+lmtcsc10.pfm;fonts/type1/public/lm;
+lmvtto10.afm;fonts/afm/public/lm;
+lmbx8.afm;fonts/afm/public/lm;
+t5-lmbx6.tfm;fonts/tfm/public/lm;
+lmmib10.aft;fonts/afm/public/lm;
+lmbx9.afm;fonts/afm/public/lm;
+lm-math.map;fonts/map/dvipdfm/lm;
+lmbxi10.afm;fonts/afm/public/lm;
+lmsy10.aft;fonts/afm/public/lm;
+lmtcso10.pfm;fonts/type1/public/lm;
+lmbxo10.afm;fonts/afm/public/lm;
+lmcsc10.afm;fonts/afm/public/lm;
+ec-lmbx10.tfm;fonts/tfm/public/lm;
+lmmi5.aft;fonts/afm/public/lm;
+lm-ec.enc;fonts/enc/dvips/lm;
+l7x-lmssbx10.tfm;fonts/tfm/public/lm;
+lmcsco10.afm;fonts/afm/public/lm;
+lm-mathex.enc;fonts/enc/dvips/lm;
+lmsy7.afm;fonts/afm/public/lm;
+lmmi6.tfm;fonts/tfm/public/lm;
+lmri10.afm;fonts/afm/public/lm;
+lmdunh10.afm;fonts/afm/public/lm;
+lmduno10.afm;fonts/afm/public/lm;
+lmromanslant17-regular.otf;fonts/opentype/public/lm;
+lmex10.afm;fonts/afm/public/lm;
+lmbx12.pfb;fonts/type1/public/lm;
+lmex10.aft;fonts/afm/public/lm;
+omllmr.fd;tex/latex/lm;
+ec-lmri12.tfm;fonts/tfm/public/lm;
+lmsy8.aft;fonts/afm/public/lm;
+lmmi10.afm;fonts/afm/public/lm;
+lmsy8.afm;fonts/afm/public/lm;
+lmmi10.aft;fonts/afm/public/lm;
+lmmi12.afm;fonts/afm/public/lm;
+lmroman8-regular.otf;fonts/opentype/public/lm;
+cs-lmssbx10.tfm;fonts/tfm/public/lm;
+lmmi12.aft;fonts/afm/public/lm;
+lm-t5.enc;fonts/enc/dvips/lm;
+lmmi5.afm;fonts/afm/public/lm;
+ts1-lmbx9.tfm;fonts/tfm/public/lm;
+lmmi6.afm;fonts/afm/public/lm;
+lmmi6.aft;fonts/afm/public/lm;
+cs-lmri10.tfm;fonts/tfm/public/lm;
+ec-lmr17.tfm;fonts/tfm/public/lm;
+lmmi7.afm;fonts/afm/public/lm;
+lmmi7.aft;fonts/afm/public/lm;
+cs-lmduno10.tfm;fonts/tfm/public/lm;
+lmmi8.afm;fonts/afm/public/lm;
+qx-lmsso10.tfm;fonts/tfm/public/lm;
+lmsso10.afm;fonts/afm/public/lm;
+lmmi8.aft;fonts/afm/public/lm;
+lmmi9.aft;fonts/afm/public/lm;
+lmmib10.afm;fonts/afm/public/lm;
+t5-lmvtl10.tfm;fonts/tfm/public/lm;
+qx-lmr7.tfm;fonts/tfm/public/lm;
+lmmib5.afm;fonts/afm/public/lm;
+texnansi-lmdunh10.tfm;fonts/tfm/public/lm;
+rm-lmtt9.tfm;fonts/tfm/public/lm;
+qx-lmssqbo8.tfm;fonts/tfm/public/lm;
+lmmib5.aft;fonts/afm/public/lm;
+t5-lmssqbx8.tfm;fonts/tfm/public/lm;
+lmsansdemicond10-regular.otf;fonts/opentype/public/lm;
+rm-lmbx9.tfm;fonts/tfm/public/lm;
+lmmib7.afm;fonts/afm/public/lm;
+ec-lmss10.tfm;fonts/tfm/public/lm;
+lmmib7.aft;fonts/afm/public/lm;
+texnansi-lmbx5.tfm;fonts/tfm/public/lm;
+cs-lmtt10.tfm;fonts/tfm/public/lm;
+lm-ts1.map;fonts/map/dvips/lm;
+rm-lmtl10.tfm;fonts/tfm/public/lm;
+lmr10.afm;fonts/afm/public/lm;
+lmr12.afm;fonts/afm/public/lm;
+l7x-lmvtt10.tfm;fonts/tfm/public/lm;
+l7x-lmtlo10.tfm;fonts/tfm/public/lm;
+lmr17.afm;fonts/afm/public/lm;
+qxlmvtt.fd;tex/latex/lm;
+lmroman8-bold.otf;fonts/opentype/public/lm;
+lmr5.afm;fonts/afm/public/lm;
+texnansi-lmvtl10.tfm;fonts/tfm/public/lm;
+lmr6.afm;fonts/afm/public/lm;
+lmr7.afm;fonts/afm/public/lm;
+lmr8.afm;fonts/afm/public/lm;
+texnansi-lmss12.tfm;fonts/tfm/public/lm;
+rm-lmtti10.tfm;fonts/tfm/public/lm;
+lmr9.afm;fonts/afm/public/lm;
+lm-t5.map;fonts/map/dvips/lm;
+lmri12.afm;fonts/afm/public/lm;
+t1lmdh.fd;tex/latex/lm;
+cs-lmbx12.tfm;fonts/tfm/public/lm;
+lmri7.afm;fonts/afm/public/lm;
+ec-lmbx7.tfm;fonts/tfm/public/lm;
+cs-lmssqbx8.tfm;fonts/tfm/public/lm;
+ec-lmsso9.tfm;fonts/tfm/public/lm;
+lmri8.afm;fonts/afm/public/lm;
+lmri9.afm;fonts/afm/public/lm;
+ec-lmcsco10.tfm;fonts/tfm/public/lm;
+cs-lmvtko10.tfm;fonts/tfm/public/lm;
+lmss17.pfm;fonts/type1/public/lm;
+lmro10.afm;fonts/afm/public/lm;
+lm-cs.map;fonts/map/dvips/lm;
+lmtko10.pfb;fonts/type1/public/lm;
+lmro12.afm;fonts/afm/public/lm;
+lmmi12.tfm;fonts/tfm/public/lm;
+ec-lmtcso10.tfm;fonts/tfm/public/lm;
+lmro17.afm;fonts/afm/public/lm;
+lm-qxsc.enc;fonts/enc/dvips/lm;
+lmodern.sty;tex/latex/lm;
+lmro8.afm;fonts/afm/public/lm;
+il2lmss.fd;tex/latex/lm;
+lmro9.afm;fonts/afm/public/lm;
+qx-lmr5.tfm;fonts/tfm/public/lm;
+lmss10.afm;fonts/afm/public/lm;
+qx-lmcsco10.tfm;fonts/tfm/public/lm;
+ec-lmu10.tfm;fonts/tfm/public/lm;
+lmss12.afm;fonts/afm/public/lm;
+lmss8.pfb;fonts/type1/public/lm;
+texnansi-lmr8.tfm;fonts/tfm/public/lm;
+lmss17.afm;fonts/afm/public/lm;
+lmss8.afm;fonts/afm/public/lm;
+lmss9.afm;fonts/afm/public/lm;
+ts1-lmr9.tfm;fonts/tfm/public/lm;
+l7x-lmro12.tfm;fonts/tfm/public/lm;
+lmssbo10.afm;fonts/afm/public/lm;
+lmssbx10.afm;fonts/afm/public/lm;
+cs-lmss12.tfm;fonts/tfm/public/lm;
+ec-lmb10.tfm;fonts/tfm/public/lm;
+lmssdc10.afm;fonts/afm/public/lm;
+lmsy7.aft;fonts/afm/public/lm;
+lmssdo10.afm;fonts/afm/public/lm;
+lmsso12.afm;fonts/afm/public/lm;
+cs-lmssbo10.tfm;fonts/tfm/public/lm;
+lmsansquot8-oblique.otf;fonts/opentype/public/lm;
+lmsans8-regular.otf;fonts/opentype/public/lm;
+lmromancaps10-regular.otf;fonts/opentype/public/lm;
+lmsso17.afm;fonts/afm/public/lm;
+t5-lmtt10.tfm;fonts/tfm/public/lm;
+lmsso8.afm;fonts/afm/public/lm;
+lmsso9.afm;fonts/afm/public/lm;
+qx-lmtk10.tfm;fonts/tfm/public/lm;
+lm-rep-cmitt.enc;fonts/enc/dvips/lm;
+lmssq8.afm;fonts/afm/public/lm;
+l7x-lmbo10.tfm;fonts/tfm/public/lm;
+lmssqbo8.afm;fonts/afm/public/lm;
+rm-lmbxo10.tfm;fonts/tfm/public/lm;
+rm-lmr17.tfm;fonts/tfm/public/lm;
+t5-lmvtt10.tfm;fonts/tfm/public/lm;
+lmssqbx8.afm;fonts/afm/public/lm;
+lmsy7.pfb;fonts/type1/public/lm;
+l7x-lmtto10.tfm;fonts/tfm/public/lm;
+lmbsy7.pfb;fonts/type1/public/lm;
+lmssqo8.afm;fonts/afm/public/lm;
+qx-lmbx10.tfm;fonts/tfm/public/lm;
+lmroman7-bold.otf;fonts/opentype/public/lm;
+lmsy10.afm;fonts/afm/public/lm;
+lmsy7.tfm;fonts/tfm/public/lm;
+lmr12.pfm;fonts/type1/public/lm;
+lmsy5.afm;fonts/afm/public/lm;
+lmsy5.aft;fonts/afm/public/lm;
+lmsansquot8-boldoblique.otf;fonts/opentype/public/lm;
+lmsy6.afm;fonts/afm/public/lm;
+qx-lmbx5.tfm;fonts/tfm/public/lm;
+lmmib10.tfm;fonts/tfm/public/lm;
+lmsy6.aft;fonts/afm/public/lm;
+lmtt10.pfm;fonts/type1/public/lm;
+lmsy9.afm;fonts/afm/public/lm;
+lmsy9.aft;fonts/afm/public/lm;
+lmromanslant9-regular.otf;fonts/opentype/public/lm;
+cs-lmbx5.tfm;fonts/tfm/public/lm;
+lmtcsc10.afm;fonts/afm/public/lm;
+lmtcso10.afm;fonts/afm/public/lm;
+cs-lmri8.tfm;fonts/tfm/public/lm;
+lmtk10.afm;fonts/afm/public/lm;
+lmtlc10.afm;fonts/afm/public/lm;
+lmtk10.pfm;fonts/type1/public/lm;
+texnansi-lmbxi10.tfm;fonts/tfm/public/lm;
+lm-qx.enc;fonts/enc/dvips/lm;
+lmtlco10.afm;fonts/afm/public/lm;
+lmtko10.afm;fonts/afm/public/lm;
+ec-lmbxi10.tfm;fonts/tfm/public/lm;
+lmtl10.afm;fonts/afm/public/lm;
+lmtlo10.afm;fonts/afm/public/lm;
+lmtt10.afm;fonts/afm/public/lm;
+lmmonolt10-oblique.otf;fonts/opentype/public/lm;
+qx-lmsso17.tfm;fonts/tfm/public/lm;
+lm-rmtt.enc;fonts/enc/dvips/lm;
+lmtt12.afm;fonts/afm/public/lm;
+qx-lmbo10.tfm;fonts/tfm/public/lm;
+lmtt8.afm;fonts/afm/public/lm;
+lmtt9.afm;fonts/afm/public/lm;
+qx-lmdunh10.tfm;fonts/tfm/public/lm;
+lmtti10.afm;fonts/afm/public/lm;
+ts1-lmro17.tfm;fonts/tfm/public/lm;
+t5-lmri7.tfm;fonts/tfm/public/lm;
+lmtto10.afm;fonts/afm/public/lm;
+lmu10.afm;fonts/afm/public/lm;
+lmmonoslant10-regular.otf;fonts/opentype/public/lm;
+l7x-lmtlc10.tfm;fonts/tfm/public/lm;
+lmvtk10.afm;fonts/afm/public/lm;
+rm-lmvtk10.tfm;fonts/tfm/public/lm;
+cs-lmbo10.tfm;fonts/tfm/public/lm;
+lmvtko10.afm;fonts/afm/public/lm;
+ts1-lmssbo10.tfm;fonts/tfm/public/lm;
+lmvtl10.afm;fonts/afm/public/lm;
+lmvtlo10.afm;fonts/afm/public/lm;
+qx-lmvtk10.tfm;fonts/tfm/public/lm;
+lmvtt10.afm;fonts/afm/public/lm;
+lmtt8.pfb;fonts/type1/public/lm;
+lmmono10-regular.otf;fonts/opentype/public/lm;
+lmbxo10.pfm;fonts/type1/public/lm;
+lmmi8.pfm;fonts/type1/public/lm;
+lmmi12.pfb;fonts/type1/public/lm;
+lm-cs.enc;fonts/enc/dvips/lm;
+t5-lmsso12.tfm;fonts/tfm/public/lm;
+lm-cssc.enc;fonts/enc/dvips/lm;
+ec-lmss9.tfm;fonts/tfm/public/lm;
+lm-cstt.enc;fonts/enc/dvips/lm;
+cs-lmtt9.tfm;fonts/tfm/public/lm;
+t5-lmsso10.tfm;fonts/tfm/public/lm;
+qx-lmtt12.tfm;fonts/tfm/public/lm;
+lm-l7x.enc;fonts/enc/dvips/lm;
+ot1lmr.fd;tex/latex/lm;
+lm-mathit.enc;fonts/enc/dvips/lm;
+t5-lmr5.tfm;fonts/tfm/public/lm;
+l7x-lmro9.tfm;fonts/tfm/public/lm;
+ts1-lmssqbx8.tfm;fonts/tfm/public/lm;
+lmssqo8.pfm;fonts/type1/public/lm;
+lmr6.pfm;fonts/type1/public/lm;
+lm-mathsy.enc;fonts/enc/dvips/lm;
+t5-lmssq8.tfm;fonts/tfm/public/lm;
+lmmib7.tfm;fonts/tfm/public/lm;
+lm-qxtt.enc;fonts/enc/dvips/lm;
+lm-rep-csrm.enc;fonts/enc/dvips/lm;
+lm-rep-cmin.enc;fonts/enc/dvips/lm;
+l7x-lmro8.tfm;fonts/tfm/public/lm;
+lm-rep-cstext.map;fonts/map/dvips/lm;
+l7x-lmr10.tfm;fonts/tfm/public/lm;
+lmri10.pfb;fonts/type1/public/lm;
+lm-rep-cmit.enc;fonts/enc/dvips/lm;
+ec-lmssbo10.tfm;fonts/tfm/public/lm;
+lmb10.pfm;fonts/type1/public/lm;
+lm-rep-cmrm.enc;fonts/enc/dvips/lm;
+lm-rep-cmsc.enc;fonts/enc/dvips/lm;
+lmromandunh10-oblique.otf;fonts/opentype/public/lm;
+lm-rep-cmtt.enc;fonts/enc/dvips/lm;
+qx-lmri12.tfm;fonts/tfm/public/lm;
+lm-rep-csin.enc;fonts/enc/dvips/lm;
+l7x-lmss8.tfm;fonts/tfm/public/lm;
+t5-lmu10.tfm;fonts/tfm/public/lm;
+ts1-lmsso8.tfm;fonts/tfm/public/lm;
+texnansi-lmbx10.tfm;fonts/tfm/public/lm;
+lm-rep-cssc.enc;fonts/enc/dvips/lm;
+lmvtko10.pfb;fonts/type1/public/lm;
+qx-lmtto10.tfm;fonts/tfm/public/lm;
+lm-rep-cstt.enc;fonts/enc/dvips/lm;
+l7x-lmr12.tfm;fonts/tfm/public/lm;
+lm-rep-plin.enc;fonts/enc/dvips/lm;
+lm-rep-plit.enc;fonts/enc/dvips/lm;
+qx-lmro17.tfm;fonts/tfm/public/lm;
+t5-lmtt9.tfm;fonts/tfm/public/lm;
+t5lmssq.fd;tex/latex/lm;
+l7x-lmssqbx8.tfm;fonts/tfm/public/lm;
+ec-lmri10.tfm;fonts/tfm/public/lm;
+cs-lmvtk10.tfm;fonts/tfm/public/lm;
+lm-rep-plitt.enc;fonts/enc/dvips/lm;
+qx-lmvtko10.tfm;fonts/tfm/public/lm;
+ly1lmdh.fd;tex/latex/lm;
+qx-lmro8.tfm;fonts/tfm/public/lm;
+lmmi10.tfm;fonts/tfm/public/lm;
+lm-rep-plrm.enc;fonts/enc/dvips/lm;
+ec-lmvtl10.tfm;fonts/tfm/public/lm;
+lmmonoprop10-oblique.otf;fonts/opentype/public/lm;
+t5-lmvtto10.tfm;fonts/tfm/public/lm;
+ec-lmsso17.tfm;fonts/tfm/public/lm;
+lm-rep-plsc.enc;fonts/enc/dvips/lm;
+l7xlmr.fd;tex/latex/lm;
+ec-lmbx9.tfm;fonts/tfm/public/lm;
+lm-rep-pltt.enc;fonts/enc/dvips/lm;
+t5-lmtk10.tfm;fonts/tfm/public/lm;
+rm-lmsso12.tfm;fonts/tfm/public/lm;
+lm-rep-t5psn.enc;fonts/enc/dvips/lm;
+lm.map;fonts/map/dvips/lm;
+ec-lmssdc10.tfm;fonts/tfm/public/lm;
+lm-rep-vntext.map;fonts/map/dvips/lm;
+lm-rm.enc;fonts/enc/dvips/lm;
+ec-lmssbx10.tfm;fonts/tfm/public/lm;
+ts1-lmbx5.tfm;fonts/tfm/public/lm;
+lm-texnansi.enc;fonts/enc/dvips/lm;
+rm-lmbx8.tfm;fonts/tfm/public/lm;
+cs-lmr12.tfm;fonts/tfm/public/lm;
+lm-ts1.enc;fonts/enc/dvips/lm;
+lm-rm.map;fonts/map/dvipdfm/lm;
+cs-lmtlco10.tfm;fonts/tfm/public/lm;
+lm-texnansi.map;fonts/map/dvipdfm/lm;
+lm-ec.map;fonts/map/dvips/lm;
+lmcsc10.pfb;fonts/type1/public/lm;
+lm-l7x.map;fonts/map/dvips/lm;
+cs-lmro17.tfm;fonts/tfm/public/lm;
+lm-math.map;fonts/map/dvips/lm;
+lm-qx.map;fonts/map/dvips/lm;
+lm-rep-cmother.map;fonts/map/dvips/lm;
+lm-rep-cmtext-interpolated.map;fonts/map/dvips/lm;
+lmmonoproplt10-boldoblique.otf;fonts/opentype/public/lm;
+lm-rep-cmtext.map;fonts/map/dvips/lm;
+l7x-lmbx5.tfm;fonts/tfm/public/lm;
+ec-lmro9.tfm;fonts/tfm/public/lm;
+rm-lmsso17.tfm;fonts/tfm/public/lm;
+lm-rep-pltext.map;fonts/map/dvips/lm;
+lm-rm.map;fonts/map/dvips/lm;
+lm-texnansi.map;fonts/map/dvips/lm;
+l7x-lmu10.tfm;fonts/tfm/public/lm;
+lmmono10-italic.otf;fonts/opentype/public/lm;
+t5-lmtt8.tfm;fonts/tfm/public/lm;
+cs-lmtl10.tfm;fonts/tfm/public/lm;
+lmmono12-regular.otf;fonts/opentype/public/lm;
+lmmono8-regular.otf;fonts/opentype/public/lm;
+t5-lmss10.tfm;fonts/tfm/public/lm;
+cs-lmri9.tfm;fonts/tfm/public/lm;
+lmmono9-regular.otf;fonts/opentype/public/lm;
+lmmonocaps10-oblique.otf;fonts/opentype/public/lm;
+cs-lmsso9.tfm;fonts/tfm/public/lm;
+lmmonocaps10-regular.otf;fonts/opentype/public/lm;
+cs-lmri12.tfm;fonts/tfm/public/lm;
+lmmonolt10-bold.otf;fonts/opentype/public/lm;
+t5-lmtko10.tfm;fonts/tfm/public/lm;
+lmsy6.pfb;fonts/type1/public/lm;
+lmmonolt10-boldoblique.otf;fonts/opentype/public/lm;
+lmmonolt10-regular.otf;fonts/opentype/public/lm;
+qx-lmr8.tfm;fonts/tfm/public/lm;
+lmmonoltcond10-regular.otf;fonts/opentype/public/lm;
+texnansi-lmbx8.tfm;fonts/tfm/public/lm;
+lmmonoprop10-regular.otf;fonts/opentype/public/lm;
+lmmonoproplt10-bold.otf;fonts/opentype/public/lm;
+texnansi-lmtt10.tfm;fonts/tfm/public/lm;
+lmmonoproplt10-oblique.otf;fonts/opentype/public/lm;
+lmmonoproplt10-regular.otf;fonts/opentype/public/lm;
+qx-lmr12.tfm;fonts/tfm/public/lm;
+rm-lmduno10.tfm;fonts/tfm/public/lm;
+lmroman10-bold.otf;fonts/opentype/public/lm;
+lmroman10-bolditalic.otf;fonts/opentype/public/lm;
+lmroman10-italic.otf;fonts/opentype/public/lm;
+lmromanslant12-regular.otf;fonts/opentype/public/lm;
+qx-lmri10.tfm;fonts/tfm/public/lm;
+lmroman10-regular.otf;fonts/opentype/public/lm;
+lmssqo8.pfb;fonts/type1/public/lm;
+lmromanslant10-bold.otf;fonts/opentype/public/lm;
+rm-lmbx5.tfm;fonts/tfm/public/lm;
+lmr6.pfb;fonts/type1/public/lm;
+lmroman12-bold.otf;fonts/opentype/public/lm;
+t5-lmtcso10.tfm;fonts/tfm/public/lm;
+lmroman9-regular.otf;fonts/opentype/public/lm;
+lmroman12-italic.otf;fonts/opentype/public/lm;
+lmsy8.tfm;fonts/tfm/public/lm;
+lmromanslant10-regular.otf;fonts/opentype/public/lm;
+ec-lmduno10.tfm;fonts/tfm/public/lm;
+lmroman12-regular.otf;fonts/opentype/public/lm;
+lmsy6.pfm;fonts/type1/public/lm;
+ec-lmvtto10.tfm;fonts/tfm/public/lm;
+lmroman17-regular.otf;fonts/opentype/public/lm;
+lmroman5-bold.otf;fonts/opentype/public/lm;
+lmtlc10.pfm;fonts/type1/public/lm;
+lmroman5-regular.otf;fonts/opentype/public/lm;
+qx-lmu10.tfm;fonts/tfm/public/lm;
+ec-lmbx12.tfm;fonts/tfm/public/lm;
+lmroman6-bold.otf;fonts/opentype/public/lm;
+t5-lmbxo10.tfm;fonts/tfm/public/lm;
+ec-lmbx8.tfm;fonts/tfm/public/lm;
+t5-lmtlco10.tfm;fonts/tfm/public/lm;
+lmroman6-regular.otf;fonts/opentype/public/lm;
+lmroman7-italic.otf;fonts/opentype/public/lm;
+lmssq8.pfb;fonts/type1/public/lm;
+cs-lmb10.tfm;fonts/tfm/public/lm;
+qx-lmsso9.tfm;fonts/tfm/public/lm;
+ts1-lmss12.tfm;fonts/tfm/public/lm;
+lmroman7-regular.otf;fonts/opentype/public/lm;
+cs-lmcsc10.tfm;fonts/tfm/public/lm;
+lmroman8-italic.otf;fonts/opentype/public/lm;
+lmroman9-bold.otf;fonts/opentype/public/lm;
+ts1-lmtt10.tfm;fonts/tfm/public/lm;
+lmroman9-italic.otf;fonts/opentype/public/lm;
+lmromandemi10-oblique.otf;fonts/opentype/public/lm;
+lmromandemi10-regular.otf;fonts/opentype/public/lm;
+l7x-lmbx9.tfm;fonts/tfm/public/lm;
+lmromandunh10-regular.otf;fonts/opentype/public/lm;
+ec-lmbxo10.tfm;fonts/tfm/public/lm;
+qx-lmb10.tfm;fonts/tfm/public/lm;
+ts1-lmu10.tfm;fonts/tfm/public/lm;
+lmromanslant8-regular.otf;fonts/opentype/public/lm;
+lmromanunsl10-regular.otf;fonts/opentype/public/lm;
+il2lmr.fd;tex/latex/lm;
+l7x-lmri12.tfm;fonts/tfm/public/lm;
+lmsans10-boldoblique.otf;fonts/opentype/public/lm;
+lmtcsc10.pfb;fonts/type1/public/lm;
+l7x-lmssq8.tfm;fonts/tfm/public/lm;
+ts1-lmvtk10.tfm;fonts/tfm/public/lm;
+ec-lmbo10.tfm;fonts/tfm/public/lm;
+lmsans10-oblique.otf;fonts/opentype/public/lm;
+lmsans10-regular.otf;fonts/opentype/public/lm;
+lmsans12-oblique.otf;fonts/opentype/public/lm;
+ec-lmvtt10.tfm;fonts/tfm/public/lm;
+lmsans12-regular.otf;fonts/opentype/public/lm;
+qxlmss.fd;tex/latex/lm;
+qx-lmro9.tfm;fonts/tfm/public/lm;
+lmbo10.pfm;fonts/type1/public/lm;
+ec-lmtlco10.tfm;fonts/tfm/public/lm;
+texnansi-lmvtko10.tfm;fonts/tfm/public/lm;
+lmsans17-oblique.otf;fonts/opentype/public/lm;
+cs-lmr17.tfm;fonts/tfm/public/lm;
+lmsans17-regular.otf;fonts/opentype/public/lm;
+lmbxo10.pfb;fonts/type1/public/lm;
+lmmi8.pfb;fonts/type1/public/lm;
+lmmi12.pfm;fonts/type1/public/lm;
+cs-lmbx6.tfm;fonts/tfm/public/lm;
+lmsans9-oblique.otf;fonts/opentype/public/lm;
+lmsans9-regular.otf;fonts/opentype/public/lm;
+ot4lmss.fd;tex/latex/lm;
+lmsansdemicond10-oblique.otf;fonts/opentype/public/lm;
+lmsy6.tfm;fonts/tfm/public/lm;
+lmsansquot8-bold.otf;fonts/opentype/public/lm;
+cs-lmssdo10.tfm;fonts/tfm/public/lm;
+ot4lmtt.fd;tex/latex/lm;
+lmsansquot8-regular.otf;fonts/opentype/public/lm;
+qx-lmbxi10.tfm;fonts/tfm/public/lm;
+cs-lmbx10.tfm;fonts/tfm/public/lm;
+ec-lmbx5.tfm;fonts/tfm/public/lm;
+cs-lmbx7.tfm;fonts/tfm/public/lm;
+lmsso17.pfb;fonts/type1/public/lm;
+cs-lmvtlo10.tfm;fonts/tfm/public/lm;
+cs-lmbx8.tfm;fonts/tfm/public/lm;
+lmvtto10.pfm;fonts/type1/public/lm;
+cs-lmbx9.tfm;fonts/tfm/public/lm;
+cs-lmbxi10.tfm;fonts/tfm/public/lm;
+cs-lmbxo10.tfm;fonts/tfm/public/lm;
+cs-lmcsco10.tfm;fonts/tfm/public/lm;
+qx-lmssbx10.tfm;fonts/tfm/public/lm;
+cs-lmdunh10.tfm;fonts/tfm/public/lm;
+l7x-lmvtk10.tfm;fonts/tfm/public/lm;
+cs-lmr10.tfm;fonts/tfm/public/lm;
+cs-lmr5.tfm;fonts/tfm/public/lm;
+cs-lmr6.tfm;fonts/tfm/public/lm;
+cs-lmr7.tfm;fonts/tfm/public/lm;
+qx-lmssq8.tfm;fonts/tfm/public/lm;
+lmbsy7.tfm;fonts/tfm/public/lm;
+cs-lmr8.tfm;fonts/tfm/public/lm;
+cs-lmr9.tfm;fonts/tfm/public/lm;
+lmro8.pfb;fonts/type1/public/lm;
+l7x-lmvtko10.tfm;fonts/tfm/public/lm;
+cs-lmro10.tfm;fonts/tfm/public/lm;
+cs-lmro12.tfm;fonts/tfm/public/lm;
+cs-lmro9.tfm;fonts/tfm/public/lm;
+rm-lmr12.tfm;fonts/tfm/public/lm;
+cs-lmss17.tfm;fonts/tfm/public/lm;
+cs-lmss8.tfm;fonts/tfm/public/lm;
+texnansi-lmro10.tfm;fonts/tfm/public/lm;
+qx-lmss10.tfm;fonts/tfm/public/lm;
+l7xlmtt.fd;tex/latex/lm;
+cs-lmss9.tfm;fonts/tfm/public/lm;
+cs-lmssdc10.tfm;fonts/tfm/public/lm;
+cs-lmssqbo8.tfm;fonts/tfm/public/lm;
+cs-lmsso10.tfm;fonts/tfm/public/lm;
+ec-lmvtlo10.tfm;fonts/tfm/public/lm;
+qx-lmri8.tfm;fonts/tfm/public/lm;
+cs-lmsso12.tfm;fonts/tfm/public/lm;
+cs-lmsso17.tfm;fonts/tfm/public/lm;
+cs-lmsso8.tfm;fonts/tfm/public/lm;
+lmex10.pfm;fonts/type1/public/lm;
+l7x-lmbx8.tfm;fonts/tfm/public/lm;
+cs-lmssq8.tfm;fonts/tfm/public/lm;
+l7x-lmduno10.tfm;fonts/tfm/public/lm;
+cs-lmssqo8.tfm;fonts/tfm/public/lm;
+l7x-lmss12.tfm;fonts/tfm/public/lm;
+cs-lmtcsc10.tfm;fonts/tfm/public/lm;
+ts1-lmsso12.tfm;fonts/tfm/public/lm;
+cs-lmtcso10.tfm;fonts/tfm/public/lm;
+t5-lmvtko10.tfm;fonts/tfm/public/lm;
+cs-lmtk10.tfm;fonts/tfm/public/lm;
+t5-lmr7.tfm;fonts/tfm/public/lm;
+cs-lmtko10.tfm;fonts/tfm/public/lm;
+ts1-lmr5.tfm;fonts/tfm/public/lm;
+ts1-lmro8.tfm;fonts/tfm/public/lm;
+cs-lmtlc10.tfm;fonts/tfm/public/lm;
+rm-lmvtl10.tfm;fonts/tfm/public/lm;
+lmr8.pfb;fonts/type1/public/lm;
+cs-lmtlo10.tfm;fonts/tfm/public/lm;
+ec-lmss12.tfm;fonts/tfm/public/lm;
+lmr17.pfm;fonts/type1/public/lm;
+texnansi-lmbx7.tfm;fonts/tfm/public/lm;
+cs-lmtt12.tfm;fonts/tfm/public/lm;
+ec-lmss8.tfm;fonts/tfm/public/lm;
+cs-lmtt8.tfm;fonts/tfm/public/lm;
+rm-lmssqbx8.tfm;fonts/tfm/public/lm;
+lmmi5.tfm;fonts/tfm/public/lm;
+ec-lmdunh10.tfm;fonts/tfm/public/lm;
+cs-lmtti10.tfm;fonts/tfm/public/lm;
+ec-lmsso10.tfm;fonts/tfm/public/lm;
+ts1-lmss8.tfm;fonts/tfm/public/lm;
+lmss9.pfm;fonts/type1/public/lm;
+qxlmssq.fd;tex/latex/lm;
+cs-lmtto10.tfm;fonts/tfm/public/lm;
+l7x-lmvtl10.tfm;fonts/tfm/public/lm;
+ec-lmtt8.tfm;fonts/tfm/public/lm;
+l7x-lmbx7.tfm;fonts/tfm/public/lm;
+cs-lmu10.tfm;fonts/tfm/public/lm;
+cs-lmvtl10.tfm;fonts/tfm/public/lm;
+ts1-lmduno10.tfm;fonts/tfm/public/lm;
+cs-lmvtt10.tfm;fonts/tfm/public/lm;
+cs-lmvtto10.tfm;fonts/tfm/public/lm;
+ec-lmbx6.tfm;fonts/tfm/public/lm;
+ec-lmcsc10.tfm;fonts/tfm/public/lm;
+ec-lmr10.tfm;fonts/tfm/public/lm;
+t5-lmri9.tfm;fonts/tfm/public/lm;
+ec-lmri8.tfm;fonts/tfm/public/lm;
+ec-lmr12.tfm;fonts/tfm/public/lm;
+ec-lmr5.tfm;fonts/tfm/public/lm;
+ec-lmr6.tfm;fonts/tfm/public/lm;
+lmri7.pfb;fonts/type1/public/lm;
+lmsso8.pfm;fonts/type1/public/lm;
+ec-lmr7.tfm;fonts/tfm/public/lm;
+rm-lmcsc10.tfm;fonts/tfm/public/lm;
+ec-lmr8.tfm;fonts/tfm/public/lm;
+lmbx10.pfm;fonts/type1/public/lm;
+ec-lmr9.tfm;fonts/tfm/public/lm;
+lmssqbx8.pfb;fonts/type1/public/lm;
+t5-lmri8.tfm;fonts/tfm/public/lm;
+ec-lmri9.tfm;fonts/tfm/public/lm;
+lmro10.pfb;fonts/type1/public/lm;
+l7x-lmtt12.tfm;fonts/tfm/public/lm;
+ec-lmro10.tfm;fonts/tfm/public/lm;
+lmbx5.pfm;fonts/type1/public/lm;
+l7x-lmtt10.tfm;fonts/tfm/public/lm;
+ec-lmro12.tfm;fonts/tfm/public/lm;
+texnansi-lmbxo10.tfm;fonts/tfm/public/lm;
+lmbx7.pfm;fonts/type1/public/lm;
+texnansi-lmbx12.tfm;fonts/tfm/public/lm;
+texnansi-lmss9.tfm;fonts/tfm/public/lm;
+ec-lmro17.tfm;fonts/tfm/public/lm;
+ec-lmro8.tfm;fonts/tfm/public/lm;
+ec-lmss17.tfm;fonts/tfm/public/lm;
+texnansi-lmsso12.tfm;fonts/tfm/public/lm;
+qx-lmr9.tfm;fonts/tfm/public/lm;
+ec-lmssdo10.tfm;fonts/tfm/public/lm;
+ec-lmsso12.tfm;fonts/tfm/public/lm;
+ec-lmssq8.tfm;fonts/tfm/public/lm;
+ec-lmssqbo8.tfm;fonts/tfm/public/lm;
+ec-lmssqbx8.tfm;fonts/tfm/public/lm;
+ec-lmssqo8.tfm;fonts/tfm/public/lm;
+lmssdo10.pfb;fonts/type1/public/lm;
+ec-lmtcsc10.tfm;fonts/tfm/public/lm;
+ec-lmtk10.tfm;fonts/tfm/public/lm;
+l7x-lmr8.tfm;fonts/tfm/public/lm;
+ec-lmtko10.tfm;fonts/tfm/public/lm;
+l7x-lmri9.tfm;fonts/tfm/public/lm;
+ec-lmtl10.tfm;fonts/tfm/public/lm;
+ec-lmtlc10.tfm;fonts/tfm/public/lm;
+texnansi-lmvtk10.tfm;fonts/tfm/public/lm;
+texnansi-lmvtlo10.tfm;fonts/tfm/public/lm;
+lmex10.pfb;fonts/type1/public/lm;
+ot4lmdh.fd;tex/latex/lm;
+ts1-lmcsco10.tfm;fonts/tfm/public/lm;
+ec-lmtt10.tfm;fonts/tfm/public/lm;
+ec-lmtt12.tfm;fonts/tfm/public/lm;
+ec-lmtti10.tfm;fonts/tfm/public/lm;
+l7x-lmri8.tfm;fonts/tfm/public/lm;
+ec-lmtto10.tfm;fonts/tfm/public/lm;
+texnansi-lmu10.tfm;fonts/tfm/public/lm;
+l7x-lmr9.tfm;fonts/tfm/public/lm;
+ec-lmvtk10.tfm;fonts/tfm/public/lm;
+texnansi-lmtlc10.tfm;fonts/tfm/public/lm;
+ec-lmvtko10.tfm;fonts/tfm/public/lm;
+texnansi-lmtlco10.tfm;fonts/tfm/public/lm;
+ts1-lmr12.tfm;fonts/tfm/public/lm;
+l7x-lmb10.tfm;fonts/tfm/public/lm;
+lmvtk10.pfb;fonts/type1/public/lm;
+l7x-lmbx10.tfm;fonts/tfm/public/lm;
+ts1-lmro9.tfm;fonts/tfm/public/lm;
+ts1-lmtt8.tfm;fonts/tfm/public/lm;
+l7x-lmbx12.tfm;fonts/tfm/public/lm;
+ts1-lmr6.tfm;fonts/tfm/public/lm;
+l7x-lmbxi10.tfm;fonts/tfm/public/lm;
+l7x-lmbxo10.tfm;fonts/tfm/public/lm;
+l7x-lmcsco10.tfm;fonts/tfm/public/lm;
+lmsso17.pfm;fonts/type1/public/lm;
+l7x-lmdunh10.tfm;fonts/tfm/public/lm;
+l7x-lmssbo10.tfm;fonts/tfm/public/lm;
+l7x-lmri10.tfm;fonts/tfm/public/lm;
+texnansi-lmssq8.tfm;fonts/tfm/public/lm;
+l7x-lmr17.tfm;fonts/tfm/public/lm;
+l7x-lmr5.tfm;fonts/tfm/public/lm;
+l7x-lmri7.tfm;fonts/tfm/public/lm;
+rm-lmtlo10.tfm;fonts/tfm/public/lm;
+lmro9.pfm;fonts/type1/public/lm;
+l7x-lmr6.tfm;fonts/tfm/public/lm;
+l7x-lmr7.tfm;fonts/tfm/public/lm;
+ts1-lmr17.tfm;fonts/tfm/public/lm;
+l7x-lmro10.tfm;fonts/tfm/public/lm;
+l7x-lmro17.tfm;fonts/tfm/public/lm;
+l7x-lmss10.tfm;fonts/tfm/public/lm;
+ts1-lmsso10.tfm;fonts/tfm/public/lm;
+l7x-lmss17.tfm;fonts/tfm/public/lm;
+ts1-lmsso17.tfm;fonts/tfm/public/lm;
+texnansi-lmbx9.tfm;fonts/tfm/public/lm;
+lmsy8.pfb;fonts/type1/public/lm;
+l7x-lmss9.tfm;fonts/tfm/public/lm;
+ts1-lmsso9.tfm;fonts/tfm/public/lm;
+lmro10.pfm;fonts/type1/public/lm;
+l7x-lmtcso10.tfm;fonts/tfm/public/lm;
+ts1-lmvtt10.tfm;fonts/tfm/public/lm;
+lmbx5.pfb;fonts/type1/public/lm;
+l7x-lmssdc10.tfm;fonts/tfm/public/lm;
+texnansi-lmssqbx8.tfm;fonts/tfm/public/lm;
+l7x-lmtcsc10.tfm;fonts/tfm/public/lm;
+l7x-lmssdo10.tfm;fonts/tfm/public/lm;
+l7x-lmsso10.tfm;fonts/tfm/public/lm;
+l7x-lmsso17.tfm;fonts/tfm/public/lm;
+t5-lmbx7.tfm;fonts/tfm/public/lm;
+l7x-lmsso8.tfm;fonts/tfm/public/lm;
+lmmi5.pfb;fonts/type1/public/lm;
+l7x-lmsso9.tfm;fonts/tfm/public/lm;
+l7x-lmssqbo8.tfm;fonts/tfm/public/lm;
+l7x-lmtk10.tfm;fonts/tfm/public/lm;
+l7x-lmtko10.tfm;fonts/tfm/public/lm;
+ts1-lmri10.tfm;fonts/tfm/public/lm;
+l7x-lmtl10.tfm;fonts/tfm/public/lm;
+ts1-lmri7.tfm;fonts/tfm/public/lm;
+l7x-lmtlco10.tfm;fonts/tfm/public/lm;
+rm-lmvtko10.tfm;fonts/tfm/public/lm;
+l7x-lmtt8.tfm;fonts/tfm/public/lm;
+l7x-lmtt9.tfm;fonts/tfm/public/lm;
+l7x-lmtti10.tfm;fonts/tfm/public/lm;
+lmmi6.pfm;fonts/type1/public/lm;
+l7x-lmvtlo10.tfm;fonts/tfm/public/lm;
+l7x-lmvtto10.tfm;fonts/tfm/public/lm;
+t5-lmbxi10.tfm;fonts/tfm/public/lm;
+lmsso12.pfb;fonts/type1/public/lm;
+lmbsy10.tfm;fonts/tfm/public/lm;
+lmbsy5.tfm;fonts/tfm/public/lm;
+lmex10.tfm;fonts/tfm/public/lm;
+lmtto10.pfb;fonts/type1/public/lm;
+lmmi7.tfm;fonts/tfm/public/lm;
+lmmi8.tfm;fonts/tfm/public/lm;
+lmmi9.tfm;fonts/tfm/public/lm;
+lmmib5.tfm;fonts/tfm/public/lm;
+lmsy5.tfm;fonts/tfm/public/lm;
+qx-lmbx12.tfm;fonts/tfm/public/lm;
+lmsy9.tfm;fonts/tfm/public/lm;
+texnansi-lmss10.tfm;fonts/tfm/public/lm;
+qx-lmbx6.tfm;fonts/tfm/public/lm;
+t5-lmro17.tfm;fonts/tfm/public/lm;
+qx-lmbx7.tfm;fonts/tfm/public/lm;
+qx-lmbx8.tfm;fonts/tfm/public/lm;
+qx-lmbx9.tfm;fonts/tfm/public/lm;
+ts1-lmdunh10.tfm;fonts/tfm/public/lm;
+qx-lmbxo10.tfm;fonts/tfm/public/lm;
+qx-lmcsc10.tfm;fonts/tfm/public/lm;
+qx-lmduno10.tfm;fonts/tfm/public/lm;
+qx-lmr10.tfm;fonts/tfm/public/lm;
+texnansi-lmtt8.tfm;fonts/tfm/public/lm;
+ts1-lmss17.tfm;fonts/tfm/public/lm;
+t5-lmtlo10.tfm;fonts/tfm/public/lm;
+lmss10.pfb;fonts/type1/public/lm;
+qx-lmr17.tfm;fonts/tfm/public/lm;
+ts1-lmss10.tfm;fonts/tfm/public/lm;
+qx-lmr6.tfm;fonts/tfm/public/lm;
+rm-lmdunh10.tfm;fonts/tfm/public/lm;
+qx-lmri7.tfm;fonts/tfm/public/lm;
+qx-lmri9.tfm;fonts/tfm/public/lm;
+qx-lmro10.tfm;fonts/tfm/public/lm;
+qx-lmtti10.tfm;fonts/tfm/public/lm;
+qx-lmro12.tfm;fonts/tfm/public/lm;
+qx-lmss17.tfm;fonts/tfm/public/lm;
+ts1-lmbx12.tfm;fonts/tfm/public/lm;
+texnansi-lmro17.tfm;fonts/tfm/public/lm;
+texnansi-lmro8.tfm;fonts/tfm/public/lm;
+qx-lmss8.tfm;fonts/tfm/public/lm;
+rm-lmri7.tfm;fonts/tfm/public/lm;
+rm-lmssbo10.tfm;fonts/tfm/public/lm;
+texnansi-lmro9.tfm;fonts/tfm/public/lm;
+qx-lmss9.tfm;fonts/tfm/public/lm;
+qx-lmssbo10.tfm;fonts/tfm/public/lm;
+t5-lmr8.tfm;fonts/tfm/public/lm;
+t5-lmri12.tfm;fonts/tfm/public/lm;
+qx-lmssdc10.tfm;fonts/tfm/public/lm;
+lmr5.pfb;fonts/type1/public/lm;
+qx-lmssdo10.tfm;fonts/tfm/public/lm;
+lmu10.pfm;fonts/type1/public/lm;
+qx-lmsso12.tfm;fonts/tfm/public/lm;
+qx-lmsso8.tfm;fonts/tfm/public/lm;
+qx-lmssqbx8.tfm;fonts/tfm/public/lm;
+qx-lmtcsc10.tfm;fonts/tfm/public/lm;
+lmro12.pfm;fonts/type1/public/lm;
+qx-lmtcso10.tfm;fonts/tfm/public/lm;
+qx-lmtko10.tfm;fonts/tfm/public/lm;
+qx-lmtl10.tfm;fonts/tfm/public/lm;
+qx-lmtlc10.tfm;fonts/tfm/public/lm;
+rm-lmvtto10.tfm;fonts/tfm/public/lm;
+qx-lmtlco10.tfm;fonts/tfm/public/lm;
+qx-lmtlo10.tfm;fonts/tfm/public/lm;
+lmvtlo10.pfb;fonts/type1/public/lm;
+texnansi-lmtto10.tfm;fonts/tfm/public/lm;
+qx-lmtt10.tfm;fonts/tfm/public/lm;
+qx-lmtt8.tfm;fonts/tfm/public/lm;
+texnansi-lmssbo10.tfm;fonts/tfm/public/lm;
+qx-lmtt9.tfm;fonts/tfm/public/lm;
+texnansi-lmbx6.tfm;fonts/tfm/public/lm;
+qx-lmvtl10.tfm;fonts/tfm/public/lm;
+qx-lmvtlo10.tfm;fonts/tfm/public/lm;
+qx-lmvtt10.tfm;fonts/tfm/public/lm;
+texnansi-lmvtt10.tfm;fonts/tfm/public/lm;
+qx-lmvtto10.tfm;fonts/tfm/public/lm;
+rm-lmbo10.tfm;fonts/tfm/public/lm;
+rm-lmbx10.tfm;fonts/tfm/public/lm;
+rm-lmbx12.tfm;fonts/tfm/public/lm;
+rm-lmbx6.tfm;fonts/tfm/public/lm;
+rm-lmbx7.tfm;fonts/tfm/public/lm;
+rm-lmbxi10.tfm;fonts/tfm/public/lm;
+rm-lmr10.tfm;fonts/tfm/public/lm;
+rm-lmr6.tfm;fonts/tfm/public/lm;
+t5-lmssqbo8.tfm;fonts/tfm/public/lm;
+lmr8.pfm;fonts/type1/public/lm;
+lmtk10.pfb;fonts/type1/public/lm;
+rm-lmr7.tfm;fonts/tfm/public/lm;
+rm-lmr8.tfm;fonts/tfm/public/lm;
+rm-lmr9.tfm;fonts/tfm/public/lm;
+rm-lmri10.tfm;fonts/tfm/public/lm;
+rm-lmri12.tfm;fonts/tfm/public/lm;
+rm-lmri8.tfm;fonts/tfm/public/lm;
+rm-lmri9.tfm;fonts/tfm/public/lm;
+il2lmdh.fd;tex/latex/lm;
+rm-lmro10.tfm;fonts/tfm/public/lm;
+rm-lmro12.tfm;fonts/tfm/public/lm;
+ly1lmr.fd;tex/latex/lm;
+rm-lmro17.tfm;fonts/tfm/public/lm;
+rm-lmro8.tfm;fonts/tfm/public/lm;
+rm-lmro9.tfm;fonts/tfm/public/lm;
+lmr7.pfb;fonts/type1/public/lm;
+rm-lmss10.tfm;fonts/tfm/public/lm;
+rm-lmss12.tfm;fonts/tfm/public/lm;
+rm-lmss17.tfm;fonts/tfm/public/lm;
+rm-lmss8.tfm;fonts/tfm/public/lm;
+rm-lmss9.tfm;fonts/tfm/public/lm;
+rm-lmssdc10.tfm;fonts/tfm/public/lm;
+rm-lmssdo10.tfm;fonts/tfm/public/lm;
+rm-lmsso10.tfm;fonts/tfm/public/lm;
+rm-lmsso8.tfm;fonts/tfm/public/lm;
+rm-lmsso9.tfm;fonts/tfm/public/lm;
+rm-lmssq8.tfm;fonts/tfm/public/lm;
+texnansi-lmri7.tfm;fonts/tfm/public/lm;
+rm-lmssqbo8.tfm;fonts/tfm/public/lm;
+rm-lmssqo8.tfm;fonts/tfm/public/lm;
+rm-lmtcsc10.tfm;fonts/tfm/public/lm;
+rm-lmtcso10.tfm;fonts/tfm/public/lm;
+rm-lmtk10.tfm;fonts/tfm/public/lm;
+rm-lmtko10.tfm;fonts/tfm/public/lm;
+rm-lmtlc10.tfm;fonts/tfm/public/lm;
+rm-lmtlco10.tfm;fonts/tfm/public/lm;
+texnansi-lmri9.tfm;fonts/tfm/public/lm;
+rm-lmtt10.tfm;fonts/tfm/public/lm;
+rm-lmtt12.tfm;fonts/tfm/public/lm;
+rm-lmtt8.tfm;fonts/tfm/public/lm;
+rm-lmtto10.tfm;fonts/tfm/public/lm;
+rm-lmu10.tfm;fonts/tfm/public/lm;
+rm-lmvtlo10.tfm;fonts/tfm/public/lm;
+rm-lmvtt10.tfm;fonts/tfm/public/lm;
+l7xlmssq.fd;tex/latex/lm;
+texnansi-lmbo10.tfm;fonts/tfm/public/lm;
+t5-lmb10.tfm;fonts/tfm/public/lm;
+t5-lmbo10.tfm;fonts/tfm/public/lm;
+t5-lmbx10.tfm;fonts/tfm/public/lm;
+t1lmssq.fd;tex/latex/lm;
+t5-lmbx12.tfm;fonts/tfm/public/lm;
+texnansi-lmssdo10.tfm;fonts/tfm/public/lm;
+t5-lmbx5.tfm;fonts/tfm/public/lm;
+t5-lmbx8.tfm;fonts/tfm/public/lm;
+t5-lmbx9.tfm;fonts/tfm/public/lm;
+t5-lmcsc10.tfm;fonts/tfm/public/lm;
+t5-lmdunh10.tfm;fonts/tfm/public/lm;
+lmri7.pfm;fonts/type1/public/lm;
+lmsso8.pfb;fonts/type1/public/lm;
+t5-lmduno10.tfm;fonts/tfm/public/lm;
+t5-lmr10.tfm;fonts/tfm/public/lm;
+t5-lmr12.tfm;fonts/tfm/public/lm;
+texnansi-lmri8.tfm;fonts/tfm/public/lm;
+t5-lmr17.tfm;fonts/tfm/public/lm;
+t5-lmr6.tfm;fonts/tfm/public/lm;
+t5-lmr9.tfm;fonts/tfm/public/lm;
+t5-lmri10.tfm;fonts/tfm/public/lm;
+texnansi-lmr5.tfm;fonts/tfm/public/lm;
+t5-lmro10.tfm;fonts/tfm/public/lm;
+texnansi-lmr7.tfm;fonts/tfm/public/lm;
+t5-lmro12.tfm;fonts/tfm/public/lm;
+lmr7.pfm;fonts/type1/public/lm;
+t5-lmro8.tfm;fonts/tfm/public/lm;
+t5-lmro9.tfm;fonts/tfm/public/lm;
+t5-lmss12.tfm;fonts/tfm/public/lm;
+t5-lmss17.tfm;fonts/tfm/public/lm;
+t5-lmss8.tfm;fonts/tfm/public/lm;
+t5-lmss9.tfm;fonts/tfm/public/lm;
+lmbx6.pfb;fonts/type1/public/lm;
+t5-lmssbo10.tfm;fonts/tfm/public/lm;
+t5-lmssbx10.tfm;fonts/tfm/public/lm;
+ts1-lmtt9.tfm;fonts/tfm/public/lm;
+t5-lmssdc10.tfm;fonts/tfm/public/lm;
+ts1-lmr7.tfm;fonts/tfm/public/lm;
+t5-lmsso8.tfm;fonts/tfm/public/lm;
+lmri10.pfm;fonts/type1/public/lm;
+t5-lmssqo8.tfm;fonts/tfm/public/lm;
+lmr12.pfb;fonts/type1/public/lm;
+t5-lmtcsc10.tfm;fonts/tfm/public/lm;
+t5-lmtl10.tfm;fonts/tfm/public/lm;
+t5-lmtlc10.tfm;fonts/tfm/public/lm;
+t5-lmtt12.tfm;fonts/tfm/public/lm;
+t5-lmtti10.tfm;fonts/tfm/public/lm;
+t5-lmtto10.tfm;fonts/tfm/public/lm;
+texnansi-lmb10.tfm;fonts/tfm/public/lm;
+texnansi-lmtcsc10.tfm;fonts/tfm/public/lm;
+texnansi-lmcsc10.tfm;fonts/tfm/public/lm;
+texnansi-lmcsco10.tfm;fonts/tfm/public/lm;
+omllmm.fd;tex/latex/lm;
+texnansi-lmr10.tfm;fonts/tfm/public/lm;
+texnansi-lmr12.tfm;fonts/tfm/public/lm;
+texnansi-lmr17.tfm;fonts/tfm/public/lm;
+ts1-lmtlo10.tfm;fonts/tfm/public/lm;
+texnansi-lmr6.tfm;fonts/tfm/public/lm;
+texnansi-lmr9.tfm;fonts/tfm/public/lm;
+texnansi-lmri10.tfm;fonts/tfm/public/lm;
+ts1-lmr8.tfm;fonts/tfm/public/lm;
+lmtti10.pfb;fonts/type1/public/lm;
+texnansi-lmri12.tfm;fonts/tfm/public/lm;
+texnansi-lmss17.tfm;fonts/tfm/public/lm;
+texnansi-lmss8.tfm;fonts/tfm/public/lm;
+il2lmvtt.fd;tex/latex/lm;
+texnansi-lmssbx10.tfm;fonts/tfm/public/lm;
+texnansi-lmsso10.tfm;fonts/tfm/public/lm;
+texnansi-lmsso17.tfm;fonts/tfm/public/lm;
+texnansi-lmsso8.tfm;fonts/tfm/public/lm;
+texnansi-lmsso9.tfm;fonts/tfm/public/lm;
+texnansi-lmssqbo8.tfm;fonts/tfm/public/lm;
+texnansi-lmssqo8.tfm;fonts/tfm/public/lm;
+texnansi-lmtcso10.tfm;fonts/tfm/public/lm;
+lmsy9.pfm;fonts/type1/public/lm;
+texnansi-lmtk10.tfm;fonts/tfm/public/lm;
+texnansi-lmtko10.tfm;fonts/tfm/public/lm;
+texnansi-lmtl10.tfm;fonts/tfm/public/lm;
+texnansi-lmtlo10.tfm;fonts/tfm/public/lm;
+texnansi-lmtt12.tfm;fonts/tfm/public/lm;
+texnansi-lmtt9.tfm;fonts/tfm/public/lm;
+texnansi-lmtti10.tfm;fonts/tfm/public/lm;
+texnansi-lmvtto10.tfm;fonts/tfm/public/lm;
+ts1-lmb10.tfm;fonts/tfm/public/lm;
+ts1-lmbo10.tfm;fonts/tfm/public/lm;
+ts1-lmbx10.tfm;fonts/tfm/public/lm;
+ts1-lmbx6.tfm;fonts/tfm/public/lm;
+ts1-lmbx7.tfm;fonts/tfm/public/lm;
+ts1-lmbx8.tfm;fonts/tfm/public/lm;
+ts1-lmbxi10.tfm;fonts/tfm/public/lm;
+ts1-lmbxo10.tfm;fonts/tfm/public/lm;
+ts1-lmcsc10.tfm;fonts/tfm/public/lm;
+ts1-lmri8.tfm;fonts/tfm/public/lm;
+ts1-lmr10.tfm;fonts/tfm/public/lm;
+ts1-lmri12.tfm;fonts/tfm/public/lm;
+ts1-lmri9.tfm;fonts/tfm/public/lm;
+ts1-lmro10.tfm;fonts/tfm/public/lm;
+ts1-lmro12.tfm;fonts/tfm/public/lm;
+ts1-lmss9.tfm;fonts/tfm/public/lm;
+lmb10.pfb;fonts/type1/public/lm;
+ts1-lmssbx10.tfm;fonts/tfm/public/lm;
+ts1-lmssdc10.tfm;fonts/tfm/public/lm;
+lmbxi10.pfb;fonts/type1/public/lm;
+ts1-lmssdo10.tfm;fonts/tfm/public/lm;
+ts1-lmtti10.tfm;fonts/tfm/public/lm;
+ts1-lmssq8.tfm;fonts/tfm/public/lm;
+ts1-lmssqbo8.tfm;fonts/tfm/public/lm;
+ts1-lmssqo8.tfm;fonts/tfm/public/lm;
+lmbo10.pfb;fonts/type1/public/lm;
+ts1-lmtcsc10.tfm;fonts/tfm/public/lm;
+lmmib5.pfm;fonts/type1/public/lm;
+ts1-lmtcso10.tfm;fonts/tfm/public/lm;
+ts1-lmtk10.tfm;fonts/tfm/public/lm;
+ts1-lmtko10.tfm;fonts/tfm/public/lm;
+ts1-lmtl10.tfm;fonts/tfm/public/lm;
+lmsy5.pfm;fonts/type1/public/lm;
+ts1-lmtlc10.tfm;fonts/tfm/public/lm;
+lmbsy5.pfm;fonts/type1/public/lm;
+lmri9.pfm;fonts/type1/public/lm;
+ts1-lmtlco10.tfm;fonts/tfm/public/lm;
+ts1-lmtto10.tfm;fonts/tfm/public/lm;
+ts1-lmvtko10.tfm;fonts/tfm/public/lm;
+ts1-lmvtl10.tfm;fonts/tfm/public/lm;
+ts1-lmvtlo10.tfm;fonts/tfm/public/lm;
+ts1-lmvtto10.tfm;fonts/tfm/public/lm;
+lmsy10.pfb;fonts/type1/public/lm;
+lmbsy10.pfb;fonts/type1/public/lm;
+lmsy5.pfb;fonts/type1/public/lm;
+lmbsy5.pfb;fonts/type1/public/lm;
+lmbx10.pfb;fonts/type1/public/lm;
+lmbx12.pfm;fonts/type1/public/lm;
+lmbx6.pfm;fonts/type1/public/lm;
+lmbx7.pfb;fonts/type1/public/lm;
+lmbx8.pfb;fonts/type1/public/lm;
+ly1lmssq.fd;tex/latex/lm;
+lmbx8.pfm;fonts/type1/public/lm;
+lmbx9.pfm;fonts/type1/public/lm;
+lmbxi10.pfm;fonts/type1/public/lm;
+lmcsc10.pfm;fonts/type1/public/lm;
+lmcsco10.pfb;fonts/type1/public/lm;
+lmcsco10.pfm;fonts/type1/public/lm;
+lmdunh10.pfb;fonts/type1/public/lm;
+lmdunh10.pfm;fonts/type1/public/lm;
+omxlmex.fd;tex/latex/lm;
+lmduno10.pfb;fonts/type1/public/lm;
+lmduno10.pfm;fonts/type1/public/lm;
+lmmi10.pfb;fonts/type1/public/lm;
+lmmi10.pfm;fonts/type1/public/lm;
+lmmi5.pfm;fonts/type1/public/lm;
+lmmi6.pfb;fonts/type1/public/lm;
+lmmi7.pfb;fonts/type1/public/lm;
+lmmi7.pfm;fonts/type1/public/lm;
+lmmi9.pfb;fonts/type1/public/lm;
+lmmi9.pfm;fonts/type1/public/lm;
+lmmib10.pfb;fonts/type1/public/lm;
+lmmib10.pfm;fonts/type1/public/lm;
+lmmib5.pfb;fonts/type1/public/lm;
+lmmib7.pfb;fonts/type1/public/lm;
+lmmib7.pfm;fonts/type1/public/lm;
+lmr10.pfb;fonts/type1/public/lm;
+lmr10.pfm;fonts/type1/public/lm;
+lmr17.pfb;fonts/type1/public/lm;
+lmr5.pfm;fonts/type1/public/lm;
+lmr9.pfm;fonts/type1/public/lm;
+lmri12.pfb;fonts/type1/public/lm;
+lmri12.pfm;fonts/type1/public/lm;
+lmri8.pfb;fonts/type1/public/lm;
+lmri9.pfb;fonts/type1/public/lm;
+lmro12.pfb;fonts/type1/public/lm;
+lmro17.pfb;fonts/type1/public/lm;
+lmro17.pfm;fonts/type1/public/lm;
+lmro8.pfm;fonts/type1/public/lm;
+lmro9.pfb;fonts/type1/public/lm;
+lmss10.pfm;fonts/type1/public/lm;
+lmss12.pfb;fonts/type1/public/lm;
+lmss12.pfm;fonts/type1/public/lm;
+lmss17.pfb;fonts/type1/public/lm;
+lmss8.pfm;fonts/type1/public/lm;
+lmss9.pfb;fonts/type1/public/lm;
+qxlmtt.fd;tex/latex/lm;
+lmssbo10.pfm;fonts/type1/public/lm;
+lmssbx10.pfb;fonts/type1/public/lm;
+lmssbx10.pfm;fonts/type1/public/lm;
+lmssdc10.pfb;fonts/type1/public/lm;
+lmssdc10.pfm;fonts/type1/public/lm;
+lmssdo10.pfm;fonts/type1/public/lm;
+lmsso10.pfb;fonts/type1/public/lm;
+lmsso10.pfm;fonts/type1/public/lm;
+lmsso12.pfm;fonts/type1/public/lm;
+lmsso9.pfb;fonts/type1/public/lm;
+lmssq8.pfm;fonts/type1/public/lm;
+lmssqbo8.pfb;fonts/type1/public/lm;
+lmssqbo8.pfm;fonts/type1/public/lm;
+lmssqbx8.pfm;fonts/type1/public/lm;
+lmsy8.pfm;fonts/type1/public/lm;
+lmsy9.pfb;fonts/type1/public/lm;
+lmtcso10.pfb;fonts/type1/public/lm;
+lmtko10.pfm;fonts/type1/public/lm;
+lmtl10.pfb;fonts/type1/public/lm;
+ly1lmvtt.fd;tex/latex/lm;
+lmtl10.pfm;fonts/type1/public/lm;
+lmtlc10.pfb;fonts/type1/public/lm;
+lmtlco10.pfb;fonts/type1/public/lm;
+lmtlco10.pfm;fonts/type1/public/lm;
+lmtlo10.pfb;fonts/type1/public/lm;
+ts1lmssq.fd;tex/latex/lm;
+lmtlo10.pfm;fonts/type1/public/lm;
+lmtt10.pfb;fonts/type1/public/lm;
+lmtt12.pfb;fonts/type1/public/lm;
+lmtt12.pfm;fonts/type1/public/lm;
+lmtt8.pfm;fonts/type1/public/lm;
+lmtt9.pfb;fonts/type1/public/lm;
+lmtti10.pfm;fonts/type1/public/lm;
+lmtto10.pfm;fonts/type1/public/lm;
+lmu10.pfb;fonts/type1/public/lm;
+lmvtk10.pfm;fonts/type1/public/lm;
+lmvtko10.pfm;fonts/type1/public/lm;
+lmvtl10.pfb;fonts/type1/public/lm;
+lmvtl10.pfm;fonts/type1/public/lm;
+lmvtlo10.pfm;fonts/type1/public/lm;
+lmvtt10.pfb;fonts/type1/public/lm;
+lmvtt10.pfm;fonts/type1/public/lm;
+lmvtto10.pfb;fonts/type1/public/lm;
+il2lmssq.fd;tex/latex/lm;
+il2lmtt.fd;tex/latex/lm;
+l7xlmdh.fd;tex/latex/lm;
+l7xlmss.fd;tex/latex/lm;
+l7xlmvtt.fd;tex/latex/lm;
+ly1lmss.fd;tex/latex/lm;
+ly1lmtt.fd;tex/latex/lm;
+omslmr.fd;tex/latex/lm;
+omslmsy.fd;tex/latex/lm;
+ot1lmdh.fd;tex/latex/lm;
+ot1lmss.fd;tex/latex/lm;
+ot1lmssq.fd;tex/latex/lm;
+ot1lmtt.fd;tex/latex/lm;
+ot1lmvtt.fd;tex/latex/lm;
+ot4lmr.fd;tex/latex/lm;
+ts1lmdh.fd;tex/latex/lm;
+ot4lmssq.fd;tex/latex/lm;
+ot4lmvtt.fd;tex/latex/lm;
+qxlmdh.fd;tex/latex/lm;
+qxlmr.fd;tex/latex/lm;
+t1lmr.fd;tex/latex/lm;
+t1lmss.fd;tex/latex/lm;
+t1lmtt.fd;tex/latex/lm;
+t1lmvtt.fd;tex/latex/lm;
+t5lmdh.fd;tex/latex/lm;
+t5lmr.fd;tex/latex/lm;
+t5lmss.fd;tex/latex/lm;
+t5lmtt.fd;tex/latex/lm;
+t5lmvtt.fd;tex/latex/lm;
+ts1lmr.fd;tex/latex/lm;
+ts1lmss.fd;tex/latex/lm;
+ts1lmtt.fd;tex/latex/lm;
+ts1lmvtt.fd;tex/latex/lm;
+lm.tpm;tpm/packages;
+circle.mf;fonts/source/public/latex-fonts;
+icmcsc10.mf;fonts/source/public/latex-fonts;
+icmex10.mf;fonts/source/public/latex-fonts;
+icmmi8.mf;fonts/source/public/latex-fonts;
+icmsy8.mf;fonts/source/public/latex-fonts;
+icmtt8.mf;fonts/source/public/latex-fonts;
+ilasy8.mf;fonts/source/public/latex-fonts;
+ilcmss8.mf;fonts/source/public/latex-fonts;
+ilcmssb8.mf;fonts/source/public/latex-fonts;
+ilcmssi8.mf;fonts/source/public/latex-fonts;
+lasy.mf;fonts/source/public/latex-fonts;
+lasy10.mf;fonts/source/public/latex-fonts;
+lasy5.mf;fonts/source/public/latex-fonts;
+lasy6.mf;fonts/source/public/latex-fonts;
+lasy7.mf;fonts/source/public/latex-fonts;
+lasy8.mf;fonts/source/public/latex-fonts;
+lasy9.mf;fonts/source/public/latex-fonts;
+lasyb10.mf;fonts/source/public/latex-fonts;
+lcircle.mf;fonts/source/public/latex-fonts;
+lcircle10.mf;fonts/source/public/latex-fonts;
+lcirclew10.mf;fonts/source/public/latex-fonts;
+lcmss8.mf;fonts/source/public/latex-fonts;
+lcmssb8.mf;fonts/source/public/latex-fonts;
+lcmssi8.mf;fonts/source/public/latex-fonts;
+legal.txt;fonts/source/public/latex-fonts;
+line.mf;fonts/source/public/latex-fonts;
+line10.mf;fonts/source/public/latex-fonts;
+linew10.mf;fonts/source/public/latex-fonts;
+sroman.mf;fonts/source/public/latex-fonts;
+sromanu.mf;fonts/source/public/latex-fonts;
+desktop.ini;fonts/tfm/public/latex-fonts;
+icmcsc10.tfm;fonts/tfm/public/latex-fonts;
+icmex10.tfm;fonts/tfm/public/latex-fonts;
+icmmi8.tfm;fonts/tfm/public/latex-fonts;
+icmsy8.tfm;fonts/tfm/public/latex-fonts;
+icmtt8.tfm;fonts/tfm/public/latex-fonts;
+ilasy8.tfm;fonts/tfm/public/latex-fonts;
+ilcmss8.tfm;fonts/tfm/public/latex-fonts;
+ilcmssb8.tfm;fonts/tfm/public/latex-fonts;
+ilcmssi8.tfm;fonts/tfm/public/latex-fonts;
+lasy10.tfm;fonts/tfm/public/latex-fonts;
+lasy5.tfm;fonts/tfm/public/latex-fonts;
+lasy6.tfm;fonts/tfm/public/latex-fonts;
+lasy7.tfm;fonts/tfm/public/latex-fonts;
+lasy8.tfm;fonts/tfm/public/latex-fonts;
+lasy9.tfm;fonts/tfm/public/latex-fonts;
+lasyb10.tfm;fonts/tfm/public/latex-fonts;
+lcircle10.tfm;fonts/tfm/public/latex-fonts;
+lcirclew10.tfm;fonts/tfm/public/latex-fonts;
+lcmss8.tfm;fonts/tfm/public/latex-fonts;
+lcmssb8.tfm;fonts/tfm/public/latex-fonts;
+lcmssi8.tfm;fonts/tfm/public/latex-fonts;
+line10.tfm;fonts/tfm/public/latex-fonts;
+linew10.tfm;fonts/tfm/public/latex-fonts;
+latex-fonts.tpm;tpm/packages;
+atveryend.tpm;tpm/packages;
+atveryend.sty;tex/latex/atveryend;
+atbegshi.sty;tex/generic/atbegshi;
+atbegshi.tpm;tpm/packages;
+logo.mf;fonts/source/public/knuth-lib;
+3test.mf;fonts/source/public/knuth-lib;
+6test.mf;fonts/source/public/knuth-lib;
+expr.mf;fonts/source/public/knuth-lib;
+grayf.mf;fonts/source/public/knuth-lib;
+io.mf;fonts/source/public/knuth-lib;
+logo10.mf;fonts/source/public/knuth-lib;
+logo8.mf;fonts/source/public/knuth-lib;
+logo9.mf;fonts/source/public/knuth-lib;
+logobf10.mf;fonts/source/public/knuth-lib;
+logosl10.mf;fonts/source/public/knuth-lib;
+manfnt.mf;fonts/source/public/knuth-lib;
+null.mf;fonts/source/public/knuth-lib;
+rtest.mf;fonts/source/public/knuth-lib;
+slant.mf;fonts/source/public/knuth-lib;
+test.mf;fonts/source/public/knuth-lib;
+waits.mf;fonts/source/public/knuth-lib;
+ztest.mf;fonts/source/public/knuth-lib;
+hyphen.tex;tex/generic/knuth-lib;
+null.tex;tex/generic/knuth-lib;
+manmac.tex;tex/plain/knuth-lib;
+mftmac.tex;tex/plain/knuth-lib;
+story.tex;tex/plain/knuth-lib;
+testfont.tex;tex/plain/knuth-lib;
+webmac.tex;tex/plain/knuth-lib;
+knuth-lib.tpm;tpm/packages;
+bbind.ist;makeindex/babel;
+bbglo.ist;makeindex/babel;
+babel.tpm;tpm/packages;
+naustrian.sty;tex/generic/babel;
+babel-zu.ini;tex/generic/babel/locale/zu;
+babel-ca-persian.tex;tex/generic/babel;
+slovak.sty;tex/generic/babel;
+babel-french-belgium.tex;tex/generic/babel/locale/fr;
+babel-melayu.tex;tex/generic/babel/locale/invalid;
+slovene.sty;tex/generic/babel;
+italian.sty;tex/generic/babel;
+magyar.sty;tex/generic/babel;
+bulgarian.sty;tex/generic/babel;
+american.sty;tex/generic/babel;
+latin.sty;tex/generic/babel;
+greek.sty;tex/generic/babel;
+babel-bavarian.tex;tex/generic/babel/locale/bar;
+babel-cop.ini;tex/generic/babel/locale/cop;
+babel-kab.ini;tex/generic/babel/locale/kab;
+babel-french-canada.tex;tex/generic/babel/locale/fr;
+nil.ldf;tex/generic/babel;
+babel-chakma.tex;tex/generic/babel/locale/ccp;
+babel-en.ini;tex/generic/babel/locale/en;
+babel-lu.ini;tex/generic/babel/locale/lu;
+babel-lubakatanga.tex;tex/generic/babel/locale/lu;
+babel-arabic-tunisia.tex;tex/generic/babel/locale/ar;
+babel-ar-SY.ini;tex/generic/babel/locale/ar;
+babel-ar-TN.ini;tex/generic/babel/locale/ar;
+babel-arabic-dz.tex;tex/generic/babel/locale/ar;
+babel-azerbaijani.tex;tex/generic/babel/locale/az;
+babel-ar-PS.ini;tex/generic/babel/locale/ar;
+babel-arabic-jordan.tex;tex/generic/babel/locale/ar;
+babel-swisshighgerman.tex;tex/generic/babel/locale/de;
+babel-arabic-lb.tex;tex/generic/babel/locale/ar;
+babel-ar-EG.ini;tex/generic/babel/locale/ar;
+babel-arabic-lebanon.tex;tex/generic/babel/locale/ar;
+babel-classicalmandaic.tex;tex/generic/babel/locale/myz;
+babel-sanskrit-deva.tex;tex/generic/babel/locale/sa;
+babel-arabic-saudiarabia.tex;tex/generic/babel/locale/ar;
+babel-ar-IQ.ini;tex/generic/babel/locale/ar;
+babel-arabic-ps.tex;tex/generic/babel/locale/ar;
+babel-cs.ini;tex/generic/babel/locale/cs;
+babel-jgo.ini;tex/generic/babel/locale/jgo;
+babel-arabic-iraq.tex;tex/generic/babel/locale/ar;
+babel-Hani.ini;tex/generic/babel/locale/shared;
+babel-ar-DZ.ini;tex/generic/babel/locale/ar;
+babel-ar-MA.ini;tex/generic/babel/locale/ar;
+babel-ukraineb.tex;tex/generic/babel/locale/invalid;
+babel-arabic-sy.tex;tex/generic/babel/locale/ar;
+babel-arabic-egypt.tex;tex/generic/babel/locale/ar;
+babel-arabic-tn.tex;tex/generic/babel/locale/ar;
+babel-arabic-ma.tex;tex/generic/babel/locale/ar;
+babel-oromo.tex;tex/generic/babel/locale/om;
+babel-arabic-syria.tex;tex/generic/babel/locale/ar;
+babel-cu-Cyrs.ini;tex/generic/babel/locale/cu;
+babel-arabic.tex;tex/generic/babel/locale/ar;
+babel-arabic-algeria.tex;tex/generic/babel/locale/ar;
+babel-masai.tex;tex/generic/babel/locale/mas;
+babel-arabic-sa.tex;tex/generic/babel/locale/ar;
+babel-ar.ini;tex/generic/babel/locale/ar;
+babel-arabic-jo.tex;tex/generic/babel/locale/ar;
+babel-ar-JO.ini;tex/generic/babel/locale/ar;
+babel-arabic-eg.tex;tex/generic/babel/locale/ar;
+babel-arabic-palestinianterritories.tex;tex/generic/babel/locale/ar;
+babel-ar-SA.ini;tex/generic/babel/locale/ar;
+babel-uzbek.tex;tex/generic/babel/locale/uz;
+babel-ar-LB.ini;tex/generic/babel/locale/ar;
+babel-arabic-morocco.tex;tex/generic/babel/locale/ar;
+babel-arabic-iq.tex;tex/generic/babel/locale/ar;
+babel-hebrew.tex;tex/generic/babel/locale/he;
+babel-churchslavic-glagolitic.tex;tex/generic/babel/locale/cu;
+babel-he.ini;tex/generic/babel/locale/he;
+babel-no.ini;tex/generic/babel/locale/no;
+babel-norsk.tex;tex/generic/babel/locale/no;
+babel-norwegian.tex;tex/generic/babel/locale/no;
+babel-algerianarabic.tex;tex/generic/babel/locale/arq;
+babel-bbc.ini;tex/generic/babel/locale/bbc;
+babel-arq.ini;tex/generic/babel/locale/arq;
+babel-ml.ini;tex/generic/babel/locale/ml;
+babel-malayalam.tex;tex/generic/babel/locale/ml;
+babel-akan.tex;tex/generic/babel/locale/ak;
+babel-belarusian-taraskievica.tex;tex/generic/babel/locale/be;
+babel-new.ini;tex/generic/babel/locale/new;
+babel-mg.ini;tex/generic/babel/locale/mg;
+babel-ak.ini;tex/generic/babel/locale/ak;
+babel-ukrainian.tex;tex/generic/babel/locale/uk;
+babel-uk.ini;tex/generic/babel/locale/uk;
+babel-assamese.tex;tex/generic/babel/locale/as;
+babel-isv.ini;tex/generic/babel/locale/isv;
+babel-as.ini;tex/generic/babel/locale/as;
+babel-sc.ini;tex/generic/babel/locale/sc;
+babel-churchslavic-cyrs.tex;tex/generic/babel/locale/cu;
+babel-sardinian.tex;tex/generic/babel/locale/sc;
+babel-northernsami.tex;tex/generic/babel/locale/se;
+babel-latin.tex;tex/generic/babel/locale/la;
+babel-se.ini;tex/generic/babel/locale/se;
+babel-dz.ini;tex/generic/babel/locale/dz;
+babel-pap.ini;tex/generic/babel/locale/pap;
+babel-papiamento.tex;tex/generic/babel/locale/pap;
+babel-ligurian.tex;tex/generic/babel/locale/lij;
+babel-yiddish.tex;tex/generic/babel/locale/yi;
+babel-yi.ini;tex/generic/babel/locale/yi;
+babel-tsonga.tex;tex/generic/babel/locale/ts;
+babel-ts.ini;tex/generic/babel/locale/ts;
+babel-teso.tex;tex/generic/babel/locale/teo;
+babel-nb.ini;tex/generic/babel/locale/nb;
+errbabel.def;tex/generic/babel;
+babel-norwegianbokmal.tex;tex/generic/babel/locale/nb;
+babel-aramaic-palm.tex;tex/generic/babel/locale/arc;
+babel-arc-Palm.ini;tex/generic/babel/locale/arc;
+babel-betawi.tex;tex/generic/babel/locale/bew;
+babel-british.tex;tex/generic/babel/locale/en;
+babel-aramaic-palmyrene.tex;tex/generic/babel/locale/arc;
+babel-aramaic.tex;tex/generic/babel/locale/arc;
+babel-hbo.ini;tex/generic/babel/locale/hbo;
+babel-arc-Nbat.ini;tex/generic/babel/locale/arc;
+babel-portuguese-brazil.tex;tex/generic/babel/locale/pt;
+babel-aramaic-nbat.tex;tex/generic/babel/locale/arc;
+babel-arc.ini;tex/generic/babel/locale/arc;
+babel-aramaic-nabataean.tex;tex/generic/babel/locale/arc;
+babel-nr.ini;tex/generic/babel/locale/nr;
+babel-nigerianpidgin.tex;tex/generic/babel/locale/pcm;
+babel-southndebele.tex;tex/generic/babel/locale/nr;
+babel-interlingua.tex;tex/generic/babel/locale/ia;
+babel-gujarati.tex;tex/generic/babel/locale/gu;
+babel-pms.ini;tex/generic/babel/locale/pms;
+babel-ia.ini;tex/generic/babel/locale/ia;
+babel-pa-Arab.ini;tex/generic/babel/locale/pa;
+babel-northndebele.tex;tex/generic/babel/locale/nd;
+babel-nd.ini;tex/generic/babel/locale/nd;
+babel-punjabi-arab.tex;tex/generic/babel/locale/pa;
+babel-kln.ini;tex/generic/babel/locale/kln;
+babel-kalenjin.tex;tex/generic/babel/locale/kln;
+babel-balinese.tex;tex/generic/babel/locale/ban;
+babel-ban.ini;tex/generic/babel/locale/ban;
+finnish.sty;tex/generic/babel;
+babel-smn.ini;tex/generic/babel/locale/smn;
+babel-sanskrit.tex;tex/generic/babel/locale/sa;
+babel-inarisami.tex;tex/generic/babel/locale/smn;
+babel-fr-CA.ini;tex/generic/babel/locale/fr;
+babel-sakha.tex;tex/generic/babel/locale/sah;
+babel-skr.ini;tex/generic/babel/locale/skr;
+babel-sah.ini;tex/generic/babel/locale/sah;
+babel-bosnian-latin.tex;tex/generic/babel/locale/bs;
+babel-tajik.tex;tex/generic/babel/locale/tg;
+babel-tg.ini;tex/generic/babel/locale/tg;
+babel-ab.ini;tex/generic/babel/locale/ab;
+babel-abkhazian.tex;tex/generic/babel/locale/ab;
+babel-polutonikogreek.tex;tex/generic/babel/locale/invalid;
+babel-egyptianarabic.tex;tex/generic/babel/locale/arz;
+babel-serbianc.tex;tex/generic/babel/locale/invalid;
+babel-volapuk.tex;tex/generic/babel/locale/vo;
+babel-classiclatin.tex;tex/generic/babel/locale/invalid;
+babel-luxembourgish.tex;tex/generic/babel/locale/lb;
+babel-usorbian.tex;tex/generic/babel/locale/invalid;
+babel-russianb.tex;tex/generic/babel/locale/invalid;
+babel-os.ini;tex/generic/babel/locale/os;
+babel-indon.tex;tex/generic/babel/locale/invalid;
+babel-samin.tex;tex/generic/babel/locale/invalid;
+babel-bahasa.tex;tex/generic/babel/locale/invalid;
+babel-friulan.tex;tex/generic/babel/locale/invalid;
+babel-bahasai.tex;tex/generic/babel/locale/invalid;
+babel-serbian-cyrl-xk.tex;tex/generic/babel/locale/sr;
+babel-bahasam.tex;tex/generic/babel/locale/invalid;
+babel-nswissgerman.tex;tex/generic/babel/locale/invalid;
+babel-ingush.tex;tex/generic/babel/locale/inh;
+babel-ps.ini;tex/generic/babel/locale/ps;
+babel-cv.ini;tex/generic/babel/locale/cv;
+babel-lsorbian.tex;tex/generic/babel/locale/invalid;
+babel-ca-buddhist.tex;tex/generic/babel;
+babel-portuges.tex;tex/generic/babel/locale/invalid;
+babel-naustrian.tex;tex/generic/babel/locale/invalid;
+babel-ay.ini;tex/generic/babel/locale/ay;
+babel-germanb.tex;tex/generic/babel/locale/invalid;
+babel-ckb.ini;tex/generic/babel/locale/ckb;
+babel-ngerman.tex;tex/generic/babel/locale/invalid;
+babel-kkj.ini;tex/generic/babel/locale/kkj;
+babel-ecclesiasticlatin.tex;tex/generic/babel/locale/invalid;
+babel-ngermanb.tex;tex/generic/babel/locale/invalid;
+babel-swissfrench.tex;tex/generic/babel/locale/fr;
+babel-brazil.tex;tex/generic/babel/locale/invalid;
+babel-bo.ini;tex/generic/babel/locale/bo;
+babel-tibetan.tex;tex/generic/babel/locale/bo;
+babel-somali.tex;tex/generic/babel/locale/so;
+babel-filipino.tex;tex/generic/babel/locale/fil;
+babel-am.ini;tex/generic/babel/locale/am;
+babel-fil.ini;tex/generic/babel/locale/fil;
+babel-bal.ini;tex/generic/babel/locale/bal;
+babel-baluchi.tex;tex/generic/babel/locale/bal;
+babel-icelandic.tex;tex/generic/babel/locale/is;
+babel-th.ini;tex/generic/babel/locale/th;
+babel-is.ini;tex/generic/babel/locale/is;
+babel-venetian.tex;tex/generic/babel/locale/vec;
+babel-vec.ini;tex/generic/babel/locale/vec;
+babel-guarani.tex;tex/generic/babel/locale/gn;
+babel-gn.ini;tex/generic/babel/locale/gn;
+babel-tk.ini;tex/generic/babel/locale/tk;
+babel-ms.ini;tex/generic/babel/locale/ms;
+babel-gez.ini;tex/generic/babel/locale/gez;
+babel-turkmen.tex;tex/generic/babel/locale/tk;
+babel-si.ini;tex/generic/babel/locale/si;
+babel-dje.ini;tex/generic/babel/locale/dje;
+babel-zarma.tex;tex/generic/babel/locale/dje;
+babel-asa.ini;tex/generic/babel/locale/asa;
+babel-zh.ini;tex/generic/babel/locale/zh;
+babel-igbo.tex;tex/generic/babel/locale/ig;
+babel-ig.ini;tex/generic/babel/locale/ig;
+babel-sundanese.tex;tex/generic/babel/locale/su;
+babel-trv.ini;tex/generic/babel/locale/trv;
+babel-su.ini;tex/generic/babel/locale/su;
+babel-tt.ini;tex/generic/babel/locale/tt;
+babel-jmc.ini;tex/generic/babel/locale/jmc;
+babel-machame.tex;tex/generic/babel/locale/jmc;
+babel-twq.ini;tex/generic/babel/locale/twq;
+babel-lij.ini;tex/generic/babel/locale/lij;
+babel-sa-Telu.ini;tex/generic/babel/locale/sa;
+babel-sanskrit-telugu.tex;tex/generic/babel/locale/sa;
+babel-sanskrit-gujarati.tex;tex/generic/babel/locale/sa;
+babel-sa-Knda.ini;tex/generic/babel/locale/sa;
+babel-sa-Deva.ini;tex/generic/babel/locale/sa;
+babel-makhuwameetto.tex;tex/generic/babel/locale/mgh;
+babel-sa-Gujr.ini;tex/generic/babel/locale/sa;
+babel-tachelhit-tfng.tex;tex/generic/babel/locale/shi;
+babel-britishenglish.tex;tex/generic/babel/locale/en;
+babel-sanskrit-gujr.tex;tex/generic/babel/locale/sa;
+babel-sa.ini;tex/generic/babel/locale/sa;
+babel-sanskrit-telu.tex;tex/generic/babel/locale/sa;
+babel-sanskrit-bengali.tex;tex/generic/babel/locale/sa;
+babel-german-switzerland-1901.tex;tex/generic/babel/locale/de;
+babel-sanskrit-bangla.tex;tex/generic/babel/locale/sa;
+babel-sanskrit-mlym.tex;tex/generic/babel/locale/sa;
+babel-sanskrit-devanagari.tex;tex/generic/babel/locale/sa;
+babel-sa-Beng.ini;tex/generic/babel/locale/sa;
+babel-bg.ini;tex/generic/babel/locale/bg;
+babel-manipuri.tex;tex/generic/babel/locale/mni;
+babel-sanskrit-malayalam.tex;tex/generic/babel/locale/sa;
+babel-sanskrit-beng.tex;tex/generic/babel/locale/sa;
+babel-sanskrit-knda.tex;tex/generic/babel/locale/sa;
+babel-sanskrit-kannada.tex;tex/generic/babel/locale/sa;
+babel-akkadian.tex;tex/generic/babel/locale/akk;
+babel-sa-Mlym.ini;tex/generic/babel/locale/sa;
+babel-japanese.tex;tex/generic/babel/locale/ja;
+babel-ja.ini;tex/generic/babel/locale/ja;
+babel-lkt.ini;tex/generic/babel/locale/lkt;
+babel-yrl.ini;tex/generic/babel/locale/yrl;
+babel-nheengatu.tex;tex/generic/babel/locale/yrl;
+babel-southernaltai.tex;tex/generic/babel/locale/alt;
+babel-bafia.tex;tex/generic/babel/locale/ksf;
+babel-alt.ini;tex/generic/babel/locale/alt;
+babel-malay-brunei.tex;tex/generic/babel/locale/ms;
+babel-korean.tex;tex/generic/babel/locale/ko;
+babel-nuer.tex;tex/generic/babel/locale/nus;
+babel-nus.ini;tex/generic/babel/locale/nus;
+babel-zh-Hant-MO.ini;tex/generic/babel/locale/zh;
+babel-chinese-simplified-hongkongsarchina.tex;tex/generic/babel/locale/zh;
+babel-zh-Hant-HK.ini;tex/generic/babel/locale/zh;
+babel-chinese-simplified.tex;tex/generic/babel/locale/zh;
+babel-zh-Hant.ini;tex/generic/babel/locale/zh;
+babel-chinese-simplified-singapore.tex;tex/generic/babel/locale/zh;
+babel-bs.ini;tex/generic/babel/locale/bs;
+babel-ukenglish.tex;tex/generic/babel/locale/en;
+babel-zh-Hans-MO.ini;tex/generic/babel/locale/zh;
+babel-xlc.ini;tex/generic/babel/locale/xlc;
+babel-chinese-simplified-macausarchina.tex;tex/generic/babel/locale/zh;
+babel-chinese-hans.tex;tex/generic/babel/locale/zh;
+babel-zh-Hans.ini;tex/generic/babel/locale/zh;
+babel-zhuang.tex;tex/generic/babel/locale/za;
+babel-tachelhit-latn.tex;tex/generic/babel/locale/shi;
+babel-chinese-hans-hk.tex;tex/generic/babel/locale/zh;
+babel-de-DE-1901.ini;tex/generic/babel/locale/de;
+babel-chinese-hans-sg.tex;tex/generic/babel/locale/zh;
+babel-ha-GH.ini;tex/generic/babel/locale/ha;
+babel-zh-Hans-SG.ini;tex/generic/babel/locale/zh;
+babel-zh-Hans-HK.ini;tex/generic/babel/locale/zh;
+babel-chinese-traditional-hongkongsarchina.tex;tex/generic/babel/locale/zh;
+babel-chinese-hant.tex;tex/generic/babel/locale/zh;
+babel-mgh.ini;tex/generic/babel/locale/mgh;
+babel-chinese.tex;tex/generic/babel/locale/zh;
+babel-atsam.tex;tex/generic/babel/locale/cch;
+babel-chinese-hant-mo.tex;tex/generic/babel/locale/zh;
+babel-en-AU.ini;tex/generic/babel/locale/en;
+babel-chinese-traditional-macausarchina.tex;tex/generic/babel/locale/zh;
+babel-chinese-traditional.tex;tex/generic/babel/locale/zh;
+babel-chinese-hant-hk.tex;tex/generic/babel/locale/zh;
+babel-chinese-hans-mo.tex;tex/generic/babel/locale/zh;
+babel-kv.ini;tex/generic/babel/locale/kv;
+babel-komi.tex;tex/generic/babel/locale/kv;
+babel-northernkurdish.tex;tex/generic/babel/locale/ku;
+babel-kwasio.tex;tex/generic/babel/locale/nmg;
+babel-polytonicgreek.tex;tex/generic/babel/locale/el;
+babel-el-polyton.ini;tex/generic/babel/locale/el;
+babel-greek.tex;tex/generic/babel/locale/el;
+babel-el.ini;tex/generic/babel/locale/el;
+babel-el-monoton.ini;tex/generic/babel/locale/el;
+babel-tdd.ini;tex/generic/babel/locale/tdd;
+babel-monotonicgreek.tex;tex/generic/babel/locale/el;
+babel-bosnian-cyrillic.tex;tex/generic/babel/locale/bs;
+babel-malagasy.tex;tex/generic/babel/locale/mg;
+babel-turkish.tex;tex/generic/babel/locale/tr;
+babel-lingala.tex;tex/generic/babel/locale/ln;
+babel-nl.ini;tex/generic/babel/locale/nl;
+babel-ln.ini;tex/generic/babel/locale/ln;
+babel-dua.ini;tex/generic/babel/locale/dua;
+babel-buriat.tex;tex/generic/babel/locale/bua;
+babel-teo.ini;tex/generic/babel/locale/teo;
+babel-bua.ini;tex/generic/babel/locale/bua;
+babel-english-gb.tex;tex/generic/babel/locale/en;
+babel-hausa-gh.tex;tex/generic/babel/locale/ha;
+babel-fi.ini;tex/generic/babel/locale/fi;
+babel-ha.ini;tex/generic/babel/locale/ha;
+polish.sty;tex/generic/babel;
+babel-hausa-ne.tex;tex/generic/babel/locale/ha;
+babel-ha-NE.ini;tex/generic/babel/locale/ha;
+babel-ur.ini;tex/generic/babel/locale/ur;
+babel-hausa-ghana.tex;tex/generic/babel/locale/ha;
+babel-hausa-niger.tex;tex/generic/babel/locale/ha;
+babel-lad.ini;tex/generic/babel/locale/lad;
+babel-shi-Tfng.ini;tex/generic/babel/locale/shi;
+babel-hausa.tex;tex/generic/babel/locale/ha;
+babel-uga.ini;tex/generic/babel/locale/uga;
+babel-ugaritic.tex;tex/generic/babel/locale/uga;
+babel-ngomba.tex;tex/generic/babel/locale/jgo;
+babel-bulgarian.tex;tex/generic/babel/locale/bg;
+babel-sinhala.tex;tex/generic/babel/locale/si;
+babel-blin.tex;tex/generic/babel/locale/byn;
+babel-sr-Cyrl-ME.ini;tex/generic/babel/locale/sr;
+babel-byn.ini;tex/generic/babel/locale/byn;
+babel-geez.tex;tex/generic/babel/locale/gez;
+babel-portuguese-pt.tex;tex/generic/babel/locale/pt;
+babel-uyghur.tex;tex/generic/babel/locale/ug;
+babel-etruscan.tex;tex/generic/babel/locale/ett;
+babel-ett.ini;tex/generic/babel/locale/ett;
+babel-lakota.tex;tex/generic/babel/locale/lkt;
+babel-chechen.tex;tex/generic/babel/locale/ce;
+babel-ce.ini;tex/generic/babel/locale/ce;
+babel-lombard.tex;tex/generic/babel/locale/lmo;
+babel-lmo.ini;tex/generic/babel/locale/lmo;
+babel-finnish.tex;tex/generic/babel/locale/fi;
+babel-sn.ini;tex/generic/babel/locale/sn;
+babel-shona.tex;tex/generic/babel/locale/sn;
+babel-eo.ini;tex/generic/babel/locale/eo;
+babel-kgp.ini;tex/generic/babel/locale/kgp;
+babel-kaingang.tex;tex/generic/babel/locale/kgp;
+babel-xhosa.tex;tex/generic/babel/locale/xh;
+babel-lrc.ini;tex/generic/babel/locale/lrc;
+babel-xh.ini;tex/generic/babel/locale/xh;
+babel-ki.ini;tex/generic/babel/locale/ki;
+babel-piedmontese.tex;tex/generic/babel/locale/pms;
+babel-divehi.tex;tex/generic/babel/locale/dv;
+babel-dv.ini;tex/generic/babel/locale/dv;
+babel-kurdish.tex;tex/generic/babel/locale/ku;
+babel-faroese.tex;tex/generic/babel/locale/fo;
+babel-fo.ini;tex/generic/babel/locale/fo;
+babel-lep.ini;tex/generic/babel/locale/lep;
+babel-lepcha.tex;tex/generic/babel/locale/lep;
+babel-sicilian.tex;tex/generic/babel/locale/scn;
+babel-indonesian.tex;tex/generic/babel/locale/id;
+babel-scn.ini;tex/generic/babel/locale/scn;
+babel-vai-vaii.tex;tex/generic/babel/locale/vai;
+babel-vai-latn.tex;tex/generic/babel/locale/vai;
+UKenglish.sty;tex/generic/babel;
+babel-vai.tex;tex/generic/babel/locale/vai;
+babel-northernkurdish-arab.tex;tex/generic/babel/locale/ku;
+babel-saq.ini;tex/generic/babel/locale/saq;
+babel-vai-Latn.ini;tex/generic/babel/locale/vai;
+babel-langi.tex;tex/generic/babel/locale/lag;
+babel-vai-latin.tex;tex/generic/babel/locale/vai;
+babel-vai-vai.tex;tex/generic/babel/locale/vai;
+babel-serbian-cyrl-me.tex;tex/generic/babel/locale/sr;
+babel-vai-Vaii.ini;tex/generic/babel/locale/vai;
+babel-mgo.ini;tex/generic/babel/locale/mgo;
+babel-vai.ini;tex/generic/babel/locale/vai;
+babel-phn.ini;tex/generic/babel/locale/phn;
+babel-phoenician.tex;tex/generic/babel/locale/phn;
+babel-tn.ini;tex/generic/babel/locale/tn;
+babel-tswana.tex;tex/generic/babel/locale/tn;
+babel-frr.ini;tex/generic/babel/locale/frr;
+babel-northernfrisian.tex;tex/generic/babel/locale/frr;
+babel-muscogee.tex;tex/generic/babel/locale/mus;
+babel-mus.ini;tex/generic/babel/locale/mus;
+babel-avestan.tex;tex/generic/babel/locale/ae;
+babel-maltese.tex;tex/generic/babel/locale/mt;
+babel-uz-Latn.ini;tex/generic/babel/locale/uz;
+babel-mt.ini;tex/generic/babel/locale/mt;
+babel-newari.tex;tex/generic/babel/locale/new;
+babel-got.ini;tex/generic/babel/locale/got;
+babel-gothic.tex;tex/generic/babel/locale/got;
+babel-interslavic.tex;tex/generic/babel/locale/isv;
+babel-german-at-1901.tex;tex/generic/babel/locale/de;
+babel-brx.ini;tex/generic/babel/locale/brx;
+babel-bodo.tex;tex/generic/babel/locale/brx;
+babel-koyrachiini.tex;tex/generic/babel/locale/khq;
+babel-khq.ini;tex/generic/babel/locale/khq;
+babel-lydian.tex;tex/generic/babel/locale/xld;
+babel-rmo.ini;tex/generic/babel/locale/rmo;
+babel-xld.ini;tex/generic/babel/locale/xld;
+babel-syr.ini;tex/generic/babel/locale/syr;
+babel-ug.ini;tex/generic/babel/locale/ug;
+babel-saho.tex;tex/generic/babel/locale/ssy;
+babel-ssy.ini;tex/generic/babel/locale/ssy;
+babel-shi-Latn.ini;tex/generic/babel/locale/shi;
+babel-sq.ini;tex/generic/babel/locale/sq;
+babel-gu.ini;tex/generic/babel/locale/gu;
+babel-kl.ini;tex/generic/babel/locale/kl;
+babel-kalaallisut.tex;tex/generic/babel/locale/kl;
+babel-ksb.ini;tex/generic/babel/locale/ksb;
+babel-txg.ini;tex/generic/babel/locale/txg;
+babel-tangut.tex;tex/generic/babel/locale/txg;
+scottish.sty;tex/generic/babel;
+babel-ny.ini;tex/generic/babel/locale/ny;
+babel-nyanja.tex;tex/generic/babel/locale/ny;
+babel-samaritan.tex;tex/generic/babel/locale/smp;
+babel-smp.ini;tex/generic/babel/locale/smp;
+babel-cy.ini;tex/generic/babel/locale/cy;
+babel-cu-Glag.ini;tex/generic/babel/locale/cu;
+babel-welsh.tex;tex/generic/babel/locale/cy;
+babel-serbian-cyrillic.tex;tex/generic/babel/locale/sr;
+babel-mn.ini;tex/generic/babel/locale/mn;
+babel-kn.ini;tex/generic/babel/locale/kn;
+babel-mundang.tex;tex/generic/babel/locale/mua;
+babel-mongolian.tex;tex/generic/babel/locale/mn;
+babel-yangben.tex;tex/generic/babel/locale/yav;
+babel-german-traditional.tex;tex/generic/babel/locale/de;
+babel-kk.ini;tex/generic/babel/locale/kk;
+babel-yav.ini;tex/generic/babel/locale/yav;
+babel-zulu.tex;tex/generic/babel/locale/zu;
+babel-venda.tex;tex/generic/babel/locale/ve;
+babel-urdu.tex;tex/generic/babel/locale/ur;
+babel-vmw.ini;tex/generic/babel/locale/vmw;
+babel-fr.ini;tex/generic/babel/locale/fr;
+babel-french-luxembourg.tex;tex/generic/babel/locale/fr;
+babel-french-lu.tex;tex/generic/babel/locale/fr;
+babel-french-ch.tex;tex/generic/babel/locale/fr;
+babel-french-ca.tex;tex/generic/babel/locale/fr;
+babel-canadianfrench.tex;tex/generic/babel/locale/fr;
+babel-acadian.tex;tex/generic/babel/locale/fr;
+babel-french-be.tex;tex/generic/babel/locale/fr;
+babel-french.tex;tex/generic/babel/locale/fr;
+babel-fr-LU.ini;tex/generic/babel/locale/fr;
+babel-french-switzerland.tex;tex/generic/babel/locale/fr;
+babel-fr-x-acadian.ini;tex/generic/babel/locale/fr;
+babel-german-switzerland-traditional.tex;tex/generic/babel/locale/de;
+babel-fr-BE.ini;tex/generic/babel/locale/fr;
+babel-fr-CH.ini;tex/generic/babel/locale/fr;
+babel-nds.ini;tex/generic/babel/locale/nds;
+babel-luo.ini;tex/generic/babel/locale/luo;
+babel-luo.tex;tex/generic/babel/locale/luo;
+babel-bosnian.tex;tex/generic/babel/locale/bs;
+babel-belarusian.tex;tex/generic/babel/locale/be;
+babel-be-tarask.ini;tex/generic/babel/locale/be;
+babel-be.ini;tex/generic/babel/locale/be;
+babel-tongan.tex;tex/generic/babel/locale/to;
+babel-gsw-FR.ini;tex/generic/babel/locale/gsw;
+babel-gsw.ini;tex/generic/babel/locale/gsw;
+babel-alsatian.tex;tex/generic/babel/locale/gsw;
+babel-alemannic.tex;tex/generic/babel/locale/gsw;
+babel-romanian.tex;tex/generic/babel/locale/ro;
+babel-swissgerman.tex;tex/generic/babel/locale/gsw;
+babel-ksf.ini;tex/generic/babel/locale/ksf;
+txtbabel.def;tex/generic/babel;
+babel-erzya.tex;tex/generic/babel/locale/myv;
+babel-gaa.ini;tex/generic/babel/locale/gaa;
+babel-myv.ini;tex/generic/babel/locale/myv;
+babel-basaa.tex;tex/generic/babel/locale/bas;
+babel-bas.ini;tex/generic/babel/locale/bas;
+babel-southernsotho.tex;tex/generic/babel/locale/st;
+babel-st.ini;tex/generic/babel/locale/st;
+babel-amharic.tex;tex/generic/babel/locale/am;
+babel-standardmoroccantamazight.tex;tex/generic/babel/locale/zgh;
+babel-zgh.ini;tex/generic/babel/locale/zgh;
+babel-hungarian.tex;tex/generic/babel/locale/hu;
+babel-catalan.tex;tex/generic/babel/locale/ca;
+babel-ccp.ini;tex/generic/babel/locale/ccp;
+babel-ca.ini;tex/generic/babel/locale/ca;
+babel-km.ini;tex/generic/babel/locale/km;
+babel-sindhi-khudawadi.tex;tex/generic/babel/locale/sd;
+babel-my.ini;tex/generic/babel/locale/my;
+babel-asturian.tex;tex/generic/babel/locale/ast;
+babel-khmer.tex;tex/generic/babel/locale/km;
+babel-english-australia.tex;tex/generic/babel/locale/en;
+babel-english.tex;tex/generic/babel/locale/en;
+babel-cu.ini;tex/generic/babel/locale/cu;
+babel-nnh.ini;tex/generic/babel/locale/nnh;
+babel-hr.ini;tex/generic/babel/locale/hr;
+babel-english-unitedstates.tex;tex/generic/babel/locale/en;
+babel-english-canada.tex;tex/generic/babel/locale/en;
+babel-english-au.tex;tex/generic/babel/locale/en;
+babel-english-unitedkingdom.tex;tex/generic/babel/locale/en;
+babel-data-cjk.lua;tex/generic/babel;
+babel-en-US.ini;tex/generic/babel/locale/en;
+babel-en-CA.ini;tex/generic/babel/locale/en;
+babel-serbian-cyrillic-bosniaherzegovina.tex;tex/generic/babel/locale/sr;
+babel-canadian.tex;tex/generic/babel/locale/en;
+babel-usenglish.tex;tex/generic/babel/locale/en;
+babel-english-nz.tex;tex/generic/babel/locale/en;
+babel-german-germany-traditional.tex;tex/generic/babel/locale/de;
+babel-americanenglish.tex;tex/generic/babel/locale/en;
+babel-australianenglish.tex;tex/generic/babel/locale/en;
+babel-english-newzealand.tex;tex/generic/babel/locale/en;
+babel-slovenian.tex;tex/generic/babel/locale/sl;
+babel-newzealand.tex;tex/generic/babel/locale/en;
+babel-ladino.tex;tex/generic/babel/locale/lad;
+babel-dutch.tex;tex/generic/babel/locale/nl;
+babel-canadianenglish.tex;tex/generic/babel/locale/en;
+babel-english-ca.tex;tex/generic/babel/locale/en;
+babel-english-us.tex;tex/generic/babel/locale/en;
+babel-american.tex;tex/generic/babel/locale/en;
+babel-kamba.tex;tex/generic/babel/locale/kam;
+babel-australian.tex;tex/generic/babel/locale/en;
+babel-en-GB.ini;tex/generic/babel/locale/en;
+babel-en-NZ.ini;tex/generic/babel/locale/en;
+babel-nko.tex;tex/generic/babel/locale/nqo;
+babel-nqo.ini;tex/generic/babel/locale/nqo;
+babel-jv.ini;tex/generic/babel/locale/jv;
+babel-javanese.tex;tex/generic/babel/locale/jv;
+babel-br.ini;tex/generic/babel/locale/br;
+babel-breton.tex;tex/generic/babel/locale/br;
+babel-ka.ini;tex/generic/babel/locale/ka;
+babel-georgian.tex;tex/generic/babel/locale/ka;
+babel-kcg.ini;tex/generic/babel/locale/kcg;
+babel-it.ini;tex/generic/babel/locale/it;
+babel-tyap.tex;tex/generic/babel/locale/kcg;
+babel-irish.tex;tex/generic/babel/locale/ga;
+babel-lao.tex;tex/generic/babel/locale/lo;
+babel-lo.ini;tex/generic/babel/locale/lo;
+babel-wal.ini;tex/generic/babel/locale/wal;
+babel-wolaytta.tex;tex/generic/babel/locale/wal;
+babel-ancienthebrew.tex;tex/generic/babel/locale/hbo;
+babel-syriac.tex;tex/generic/babel/locale/syr;
+babel-shambala.tex;tex/generic/babel/locale/ksb;
+babel-und-x-nil.ini;tex/generic/babel/locale/und;
+babel-und.ini;tex/generic/babel/locale/und;
+babel-albanian.tex;tex/generic/babel/locale/sq;
+babel-duala.tex;tex/generic/babel/locale/dua;
+babel-es.ini;tex/generic/babel/locale/es;
+babel-kaj.ini;tex/generic/babel/locale/kaj;
+babel-ses.ini;tex/generic/babel/locale/ses;
+babel-koyraborosenni.tex;tex/generic/babel/locale/ses;
+babel-ba.ini;tex/generic/babel/locale/ba;
+babel-nn.ini;tex/generic/babel/locale/nn;
+babel-bashkir.tex;tex/generic/babel/locale/ba;
+babel-hi.ini;tex/generic/babel/locale/hi;
+babel-bm.ini;tex/generic/babel/locale/bm;
+babel-bambara.tex;tex/generic/babel/locale/bm;
+babel-kabuverdianu.tex;tex/generic/babel/locale/kea;
+babel-tasawaq.tex;tex/generic/babel/locale/twq;
+babel-id.ini;tex/generic/babel/locale/id;
+babel-sango.tex;tex/generic/babel/locale/sg;
+babel-bem.ini;tex/generic/babel/locale/bem;
+babel-sg.ini;tex/generic/babel/locale/sg;
+babel-data-bidi.lua;tex/generic/babel;
+babel-saraiki.tex;tex/generic/babel/locale/skr;
+babel-lt.ini;tex/generic/babel/locale/lt;
+babel-egy.ini;tex/generic/babel/locale/egy;
+babel-lithuanian.tex;tex/generic/babel/locale/lt;
+babel-ae.ini;tex/generic/babel/locale/ae;
+babel-ewe.tex;tex/generic/babel/locale/ee;
+babel-pcm.ini;tex/generic/babel/locale/pcm;
+babel-mexican.tex;tex/generic/babel/locale/es;
+babel-so.ini;tex/generic/babel/locale/so;
+babel-bs-Cyrl.ini;tex/generic/babel/locale/bs;
+babel-nepali.tex;tex/generic/babel/locale/ne;
+babel-bosnian-cyrl.tex;tex/generic/babel/locale/bs;
+babel-bs-Latn.ini;tex/generic/babel/locale/bs;
+babel-bosnian-latn.tex;tex/generic/babel/locale/bs;
+babel-yo.ini;tex/generic/babel/locale/yo;
+babel-yoruba.tex;tex/generic/babel/locale/yo;
+babel-centralkurdish-latin.tex;tex/generic/babel/locale/ckb;
+babel-centralkurdish.tex;tex/generic/babel/locale/ckb;
+babel-centralkurdish-latn.tex;tex/generic/babel/locale/ckb;
+babel-kw.ini;tex/generic/babel/locale/kw;
+babel-ckb-Latn.ini;tex/generic/babel/locale/ckb;
+babel-ckb-Arab.ini;tex/generic/babel/locale/ckb;
+babel-sorani.tex;tex/generic/babel/locale/ckb;
+babel-afrikaans.tex;tex/generic/babel/locale/af;
+babel-af.ini;tex/generic/babel/locale/af;
+babel-ancientegyptian.tex;tex/generic/babel/locale/egy;
+babel-czech.tex;tex/generic/babel/locale/cs;
+babel-ast.ini;tex/generic/babel/locale/ast;
+babel-quechua.tex;tex/generic/babel/locale/qu;
+babel-qu.ini;tex/generic/babel/locale/qu;
+babel-chuvash.tex;tex/generic/babel/locale/cv;
+babel-ky.ini;tex/generic/babel/locale/ky;
+babel-silesian.tex;tex/generic/babel/locale/szl;
+babel-szl.ini;tex/generic/babel/locale/szl;
+babel-oc.ini;tex/generic/babel/locale/oc;
+babel-ti.ini;tex/generic/babel/locale/ti;
+babel-occitan.tex;tex/generic/babel/locale/oc;
+babel-scottishgaelic.tex;tex/generic/babel/locale/gd;
+babel-scottish.tex;tex/generic/babel/locale/gd;
+babel-gd.ini;tex/generic/babel/locale/gd;
+babel-bew.ini;tex/generic/babel/locale/bew;
+babel-arz.ini;tex/generic/babel/locale/arz;
+babel-kabyle.tex;tex/generic/babel/locale/kab;
+babel-afar.tex;tex/generic/babel/locale/aa;
+babel-aa.ini;tex/generic/babel/locale/aa;
+babel-to.ini;tex/generic/babel/locale/to;
+babel-or.ini;tex/generic/babel/locale/or;
+babel-oriya.tex;tex/generic/babel/locale/or;
+babel-odia.tex;tex/generic/babel/locale/or;
+babel-ossetic.tex;tex/generic/babel/locale/os;
+babel-yue.ini;tex/generic/babel/locale/yue;
+babel-cantonese.tex;tex/generic/babel/locale/yue;
+babel-jju.tex;tex/generic/babel/locale/kaj;
+babel-fur.ini;tex/generic/babel/locale/fur;
+babel-punjabi-arabic.tex;tex/generic/babel/locale/pa;
+babel-punjabi.tex;tex/generic/babel/locale/pa;
+babel-pa.ini;tex/generic/babel/locale/pa;
+babel-punjabi-guru.tex;tex/generic/babel/locale/pa;
+danish.sty;tex/generic/babel;
+babel-pa-Guru.ini;tex/generic/babel/locale/pa;
+babel-tigre.tex;tex/generic/babel/locale/tig;
+babel-punjabi-gurmukhi.tex;tex/generic/babel/locale/pa;
+czech.sty;tex/generic/babel;
+babel-om.ini;tex/generic/babel/locale/om;
+babel-manx.tex;tex/generic/babel/locale/gv;
+babel-war.ini;tex/generic/babel/locale/war;
+babel-waray.tex;tex/generic/babel/locale/war;
+babel-rwk.ini;tex/generic/babel/locale/rwk;
+babel-rwa.tex;tex/generic/babel/locale/rwk;
+babel-mni.ini;tex/generic/babel/locale/mni;
+babel-gusii.tex;tex/generic/babel/locale/guz;
+babel-sabaean.tex;tex/generic/babel/locale/xsa;
+babel-guz.ini;tex/generic/babel/locale/guz;
+babel-burmese.tex;tex/generic/babel/locale/my;
+babel-tr.ini;tex/generic/babel/locale/tr;
+babel-kea.ini;tex/generic/babel/locale/kea;
+babel-wae.ini;tex/generic/babel/locale/wae;
+babel-dsb.ini;tex/generic/babel/locale/dsb;
+babel-lowersorbian.tex;tex/generic/babel/locale/dsb;
+babel-luy.ini;tex/generic/babel/locale/luy;
+babel-sindhi-khojki.tex;tex/generic/babel/locale/sd;
+babel-pl.ini;tex/generic/babel/locale/pl;
+babel-polish.tex;tex/generic/babel/locale/pl;
+babel-westernfrisian.tex;tex/generic/babel/locale/fy;
+babel-fy.ini;tex/generic/babel/locale/fy;
+babel-croatian.tex;tex/generic/babel/locale/hr;
+babel-sinteromani.tex;tex/generic/babel/locale/rmo;
+babel-taroko.tex;tex/generic/babel/locale/trv;
+babel-te.ini;tex/generic/babel/locale/te;
+babel-telugu.tex;tex/generic/babel/locale/te;
+babel-ve.ini;tex/generic/babel/locale/ve;
+babel-mai.ini;tex/generic/babel/locale/mai;
+babel-mua.ini;tex/generic/babel/locale/mua;
+babel-malay-singapore.tex;tex/generic/babel/locale/ms;
+babel-swahili.tex;tex/generic/babel/locale/sw;
+babel-dav.ini;tex/generic/babel/locale/dav;
+babel-sw.ini;tex/generic/babel/locale/sw;
+babel-kok.ini;tex/generic/babel/locale/kok;
+babel-konkani.tex;tex/generic/babel/locale/kok;
+babel-nso.ini;tex/generic/babel/locale/nso;
+babel-northernsotho.tex;tex/generic/babel/locale/nso;
+babel-fa.ini;tex/generic/babel/locale/fa;
+babel-persian.tex;tex/generic/babel/locale/fa;
+babel-farsi.tex;tex/generic/babel/locale/fa;
+babel-xog.ini;tex/generic/babel/locale/xog;
+babel-shi.ini;tex/generic/babel/locale/shi;
+babel-tachelhit-latin.tex;tex/generic/babel/locale/shi;
+babel-tachelhit.tex;tex/generic/babel/locale/shi;
+babel-et.ini;tex/generic/babel/locale/et;
+babel-tachelhit-tifinagh.tex;tex/generic/babel/locale/shi;
+babel-bar.ini;tex/generic/babel/locale/bar;
+babel-cch.ini;tex/generic/babel/locale/cch;
+babel-za.ini;tex/generic/babel/locale/za;
+babel-vo.ini;tex/generic/babel/locale/vo;
+babel-mfe.ini;tex/generic/babel/locale/mfe;
+babel-morisyen.tex;tex/generic/babel/locale/mfe;
+babel-oui.ini;tex/generic/babel/locale/oui;
+babel-olduighur.tex;tex/generic/babel/locale/oui;
+babel-wo.ini;tex/generic/babel/locale/wo;
+babel-wolof.tex;tex/generic/babel/locale/wo;
+babel-ancientgreek.tex;tex/generic/babel/locale/grc;
+babel-grc.ini;tex/generic/babel/locale/grc;
+babel-ngiemboon.tex;tex/generic/babel/locale/nnh;
+babel-kyrgyz.tex;tex/generic/babel/locale/ky;
+babel-bho.ini;tex/generic/babel/locale/bho;
+babel-navajo.tex;tex/generic/babel/locale/nv;
+babel-nv.ini;tex/generic/babel/locale/nv;
+babel-german-switzerland.tex;tex/generic/babel/locale/de;
+babel-sindhi-khoj.tex;tex/generic/babel/locale/sd;
+babel-sd-Sind.ini;tex/generic/babel/locale/sd;
+babel-sindhi-sind.tex;tex/generic/babel/locale/sd;
+babel-sindhi-deva.tex;tex/generic/babel/locale/sd;
+babel-sindhi.tex;tex/generic/babel/locale/sd;
+babel-sd-Khoj.ini;tex/generic/babel/locale/sd;
+babel-churchslavic-glag.tex;tex/generic/babel/locale/cu;
+babel-sindhi-devanagari.tex;tex/generic/babel/locale/sd;
+babel-sd-Deva.ini;tex/generic/babel/locale/sd;
+babel-sd.ini;tex/generic/babel/locale/sd;
+babel-ebu.ini;tex/generic/babel/locale/ebu;
+babel-bn.ini;tex/generic/babel/locale/bn;
+babel-bengali.tex;tex/generic/babel/locale/bn;
+babel-bangla.tex;tex/generic/babel/locale/bn;
+babel-kangri.tex;tex/generic/babel/locale/xnr;
+babel-xnr.ini;tex/generic/babel/locale/xnr;
+babel-makasar-bugi.tex;tex/generic/babel/locale/mak;
+babel-rm.ini;tex/generic/babel/locale/rm;
+croatian.sty;tex/generic/babel;
+babel-romansh.tex;tex/generic/babel/locale/rm;
+babel-Deva.ini;tex/generic/babel/locale/shared;
+babel-Hebr.ini;tex/generic/babel/locale/shared;
+babel-Arab.ini;tex/generic/babel/locale/shared;
+babel-kam.ini;tex/generic/babel/locale/kam;
+babel-thai.tex;tex/generic/babel/locale/th;
+babel-fulah.tex;tex/generic/babel/locale/ff;
+babel-ff.ini;tex/generic/babel/locale/ff;
+babel-lineara.tex;tex/generic/babel/locale/lab;
+babel-rof.ini;tex/generic/babel/locale/rof;
+babel-rombo.tex;tex/generic/babel/locale/rof;
+babel-sr.ini;tex/generic/babel/locale/sr;
+babel-sr-Cyrl.ini;tex/generic/babel/locale/sr;
+babel-serbian-cyrillic-montenegro.tex;tex/generic/babel/locale/sr;
+babel-sr-Latn-ME.ini;tex/generic/babel/locale/sr;
+babel-serbian-latin-bosniaherzegovina.tex;tex/generic/babel/locale/sr;
+babel-sr-Latn.ini;tex/generic/babel/locale/sr;
+babel-serbian-cyrl-ba.tex;tex/generic/babel/locale/sr;
+babel-sr-ijekavsk.ini;tex/generic/babel/locale/sr;
+babel-serbian-latn-me.tex;tex/generic/babel/locale/sr;
+babel-ro-MD.ini;tex/generic/babel/locale/ro;
+babel-sr-Latn-BA.ini;tex/generic/babel/locale/sr;
+babel-serbian-ijekavsk.tex;tex/generic/babel/locale/sr;
+babel-serbian-latin-montenegro.tex;tex/generic/babel/locale/sr;
+babel-serbian-latin.tex;tex/generic/babel/locale/sr;
+babel-korean-hani.tex;tex/generic/babel/locale/ko;
+babel-serbian-latn.tex;tex/generic/babel/locale/sr;
+babel-lif-Limb.ini;tex/generic/babel/locale/lif;
+babel-sr-Latn-ijekavsk.ini;tex/generic/babel/locale/sr;
+babel-serbian-latin-kosovo.tex;tex/generic/babel/locale/sr;
+babel-lag.ini;tex/generic/babel/locale/lag;
+babel-kannada.tex;tex/generic/babel/locale/kn;
+babel-serbian.tex;tex/generic/babel/locale/sr;
+babel-sr-Cyrl-BA.ini;tex/generic/babel/locale/sr;
+babel-serbian-cyrillic-kosovo.tex;tex/generic/babel/locale/sr;
+babel-serbian-cyrl.tex;tex/generic/babel/locale/sr;
+babel-sr-Latn-XK.ini;tex/generic/babel/locale/sr;
+babel-bgc.ini;tex/generic/babel/locale/bgc;
+babel-serbian-latn-ba.tex;tex/generic/babel/locale/sr;
+babel-serbian-latn-xk.tex;tex/generic/babel/locale/sr;
+babel-hawaiian.tex;tex/generic/babel/locale/haw;
+babel-serbian-latn-ijekavsk.tex;tex/generic/babel/locale/sr;
+babel-sr-Cyrl-XK.ini;tex/generic/babel/locale/sr;
+babel-aghem.tex;tex/generic/babel/locale/agq;
+babel-agq.ini;tex/generic/babel/locale/agq;
+babel-ee.ini;tex/generic/babel/locale/ee;
+babel-cebuano.tex;tex/generic/babel/locale/ceb;
+hebrew.sty;tex/generic/babel;
+babel-ceb.ini;tex/generic/babel/locale/ceb;
+babel-uzbek-arab.tex;tex/generic/babel/locale/uz;
+babel-uzbek-latn.tex;tex/generic/babel/locale/uz;
+babel-uzbek-cyrl.tex;tex/generic/babel/locale/uz;
+babel-co.ini;tex/generic/babel/locale/co;
+babel-uzbek-arabic.tex;tex/generic/babel/locale/uz;
+babel-austriangerman.tex;tex/generic/babel/locale/de;
+babel-uz-Arab.ini;tex/generic/babel/locale/uz;
+babel-uz.ini;tex/generic/babel/locale/uz;
+babel-uzbek-cyrillic.tex;tex/generic/babel/locale/uz;
+babel-uz-Cyrl.ini;tex/generic/babel/locale/uz;
+babel-uzbek-latin.tex;tex/generic/babel/locale/uz;
+babel-ksh.ini;tex/generic/babel/locale/ksh;
+babel-azerbaijani-cyrl.tex;tex/generic/babel/locale/az;
+babel-colognian.tex;tex/generic/babel/locale/ksh;
+babel-ks.ini;tex/generic/babel/locale/ks;
+babel-ss.ini;tex/generic/babel/locale/ss;
+babel-swati.tex;tex/generic/babel/locale/ss;
+babel-xsa.ini;tex/generic/babel/locale/xsa;
+babel-romanian-moldova.tex;tex/generic/babel/locale/ro;
+babel-italian.tex;tex/generic/babel/locale/it;
+babel-sichuanyi.tex;tex/generic/babel/locale/ii;
+babel-ga.tex;tex/generic/babel/locale/gaa;
+babel-ii.ini;tex/generic/babel/locale/ii;
+babel-nyankole.tex;tex/generic/babel/locale/nyn;
+babel-nyn.ini;tex/generic/babel/locale/nyn;
+babel-lycian.tex;tex/generic/babel/locale/xlc;
+babel-ta.ini;tex/generic/babel/locale/ta;
+babel-tamil.tex;tex/generic/babel/locale/ta;
+babel-xcr.ini;tex/generic/babel/locale/xcr;
+babel-carian.tex;tex/generic/babel/locale/xcr;
+babel-de-CH.ini;tex/generic/babel/locale/de;
+babel-oldnorse.tex;tex/generic/babel/locale/non;
+babel-cherokee.tex;tex/generic/babel/locale/chr;
+babel-naq.ini;tex/generic/babel/locale/naq;
+babel-chr.ini;tex/generic/babel/locale/chr;
+babel-nmg.ini;tex/generic/babel/locale/nmg;
+babel-brazilianportuguese.tex;tex/generic/babel/locale/pt;
+babel-pt-PT.ini;tex/generic/babel/locale/pt;
+babel-pt-BR.ini;tex/generic/babel/locale/pt;
+babel-europeanportuguese.tex;tex/generic/babel/locale/pt;
+babel-portuguese.tex;tex/generic/babel/locale/pt;
+babel-portuguese-br.tex;tex/generic/babel/locale/pt;
+babel-brazilian.tex;tex/generic/babel/locale/pt;
+babel-pt.ini;tex/generic/babel/locale/pt;
+babel-portuguese-portugal.tex;tex/generic/babel/locale/pt;
+babel-non.ini;tex/generic/babel/locale/non;
+babel-soga.tex;tex/generic/babel/locale/xog;
+babel-hsb.ini;tex/generic/babel/locale/hsb;
+babel-tig.ini;tex/generic/babel/locale/tig;
+babel-uppersorbian.tex;tex/generic/babel/locale/hsb;
+babel-la.ini;tex/generic/babel/locale/la;
+babel-da.ini;tex/generic/babel/locale/da;
+babel-moldavian.tex;tex/generic/babel/locale/ro;
+babel-danish.tex;tex/generic/babel/locale/da;
+babel-galician.tex;tex/generic/babel/locale/gl;
+babel-gl.ini;tex/generic/babel/locale/gl;
+babel-haw.ini;tex/generic/babel/locale/haw;
+babel-coptic.tex;tex/generic/babel/locale/cop;
+babel-pashto.tex;tex/generic/babel/locale/ps;
+babel-kikuyu.tex;tex/generic/babel/locale/ki;
+babel-luyia.tex;tex/generic/babel/locale/luy;
+babel-sk.ini;tex/generic/babel/locale/sk;
+babel-ewo.ini;tex/generic/babel/locale/ewo;
+babel-ewondo.tex;tex/generic/babel/locale/ewo;
+babel-basque.tex;tex/generic/babel/locale/eu;
+babel-walser.tex;tex/generic/babel/locale/wae;
+babel-ro.ini;tex/generic/babel/locale/ro;
+babel-romanian-md.tex;tex/generic/babel/locale/ro;
+babel-maithili.tex;tex/generic/babel/locale/mai;
+babel-tigrinya.tex;tex/generic/babel/locale/ti;
+babel-bena.tex;tex/generic/babel/locale/bez;
+babel-bez.ini;tex/generic/babel/locale/bez;
+babel-sena.tex;tex/generic/babel/locale/seh;
+babel-seh.ini;tex/generic/babel/locale/seh;
+babel-jolafonyi.tex;tex/generic/babel/locale/dyo;
+babel-hindi.tex;tex/generic/babel/locale/hi;
+babel-inh.ini;tex/generic/babel/locale/inh;
+babel-german-austria-1901.tex;tex/generic/babel/locale/de;
+babel-raj.ini;tex/generic/babel/locale/raj;
+babel-rajasthani.tex;tex/generic/babel/locale/raj;
+babel-german.tex;tex/generic/babel/locale/de;
+babel-akk.ini;tex/generic/babel/locale/akk;
+babel-tainua.tex;tex/generic/babel/locale/tdd;
+babel-samburu.tex;tex/generic/babel/locale/saq;
+babel-meru.tex;tex/generic/babel/locale/mer;
+babel-northernluri.tex;tex/generic/babel/locale/lrc;
+babel-mer.ini;tex/generic/babel/locale/mer;
+babel-corsican.tex;tex/generic/babel/locale/co;
+francais.sty;tex/generic/babel;
+babel-es-MX.ini;tex/generic/babel/locale/es;
+babel-lv.ini;tex/generic/babel/locale/lv;
+babel-de-CH-1996.ini;tex/generic/babel/locale/de;
+babel-latvian.tex;tex/generic/babel/locale/lv;
+babel-aymara.tex;tex/generic/babel/locale/ay;
+babel-tokpisin.tex;tex/generic/babel/locale/tpi;
+babel-tpi.ini;tex/generic/babel/locale/tpi;
+babel-myz.ini;tex/generic/babel/locale/myz;
+babel-az-Cyrl.ini;tex/generic/babel/locale/az;
+babel-azerbaijani-latn.tex;tex/generic/babel/locale/az;
+babel-azerbaijani-latin.tex;tex/generic/babel/locale/az;
+babel-azerbaijani-cyrillic.tex;tex/generic/babel/locale/az;
+babel-az-Latn.ini;tex/generic/babel/locale/az;
+babel-az.ini;tex/generic/babel/locale/az;
+babel-makonde.tex;tex/generic/babel/locale/kde;
+babel-kde.ini;tex/generic/babel/locale/kde;
+babel-haryanvi.tex;tex/generic/babel/locale/bgc;
+babel-swedish.tex;tex/generic/babel/locale/sv;
+babel-sv.ini;tex/generic/babel/locale/sv;
+babel-lowgerman.tex;tex/generic/babel/locale/nds;
+babel-prg.ini;tex/generic/babel/locale/prg;
+dutch.sty;tex/generic/babel;
+babel-prussian.tex;tex/generic/babel/locale/prg;
+babel-cornish.tex;tex/generic/babel/locale/kw;
+babel-kazakh.tex;tex/generic/babel/locale/kk;
+babel-embu.tex;tex/generic/babel/locale/ebu;
+babel-mas.ini;tex/generic/babel/locale/mas;
+babel-sangu.tex;tex/generic/babel/locale/sbp;
+babel-ca-coptic.tex;tex/generic/babel;
+babel-sbp.ini;tex/generic/babel/locale/sbp;
+babel-sat.ini;tex/generic/babel/locale/sat;
+babel-santali.tex;tex/generic/babel/locale/sat;
+babel-la-x-classic.ini;tex/generic/babel/locale/la;
+babel-medievallatin.tex;tex/generic/babel/locale/la;
+babel-la-x-ecclesia.ini;tex/generic/babel/locale/la;
+babel-kako.tex;tex/generic/babel/locale/kkj;
+babel-classicallatin.tex;tex/generic/babel/locale/la;
+babel-ecclesiasticallatin.tex;tex/generic/babel/locale/la;
+babel-la-x-medieval.ini;tex/generic/babel/locale/la;
+irish.sty;tex/generic/babel;
+babel-slovene.tex;tex/generic/babel/locale/sl;
+babel-sl.ini;tex/generic/babel/locale/sl;
+babel-osage.tex;tex/generic/babel/locale/osa;
+babel-osa.ini;tex/generic/babel/locale/osa;
+babel-armenian.tex;tex/generic/babel/locale/hy;
+babel-norwegiannynorsk.tex;tex/generic/babel/locale/nn;
+babel-nynorsk.tex;tex/generic/babel/locale/nn;
+babel-de-AT-1901.ini;tex/generic/babel/locale/de;
+babel-gv.ini;tex/generic/babel/locale/gv;
+babel-lb.ini;tex/generic/babel/locale/lb;
+babel-churchslavonic.tex;tex/generic/babel/locale/cu;
+babel-churchslavic-oldcyrillic.tex;tex/generic/babel/locale/cu;
+babel-churchslavic.tex;tex/generic/babel/locale/cu;
+babel-makhuwa.tex;tex/generic/babel/locale/vmw;
+babel-rw.ini;tex/generic/babel/locale/rw;
+babel-kinyarwanda.tex;tex/generic/babel/locale/rw;
+babel-ne.ini;tex/generic/babel/locale/ne;
+babel-kashmiri.tex;tex/generic/babel/locale/ks;
+babel-ko.ini;tex/generic/babel/locale/ko;
+babel-peo.ini;tex/generic/babel/locale/peo;
+babel-ru.ini;tex/generic/babel/locale/ru;
+babel-oldpersian.tex;tex/generic/babel/locale/peo;
+babel-mzn.ini;tex/generic/babel/locale/mzn;
+babel-mazanderani.tex;tex/generic/babel/locale/mzn;
+babel-tatar.tex;tex/generic/babel/locale/tt;
+babel-oldirish.tex;tex/generic/babel/locale/sga;
+babel-sga.ini;tex/generic/babel/locale/sga;
+babel-dzongkha.tex;tex/generic/babel/locale/dz;
+babel-meta.tex;tex/generic/babel/locale/mgo;
+babel-hu.ini;tex/generic/babel/locale/hu;
+babel-ko-Hani.ini;tex/generic/babel/locale/ko;
+babel-magyar.tex;tex/generic/babel/locale/hu;
+babel-german-ch-1901.tex;tex/generic/babel/locale/de;
+babel-de-AT.ini;tex/generic/babel/locale/de;
+babel-austrian.tex;tex/generic/babel/locale/de;
+babel-german-de.tex;tex/generic/babel/locale/de;
+babel-de-DE.ini;tex/generic/babel/locale/de;
+babel-german-de-1901.tex;tex/generic/babel/locale/de;
+babel-german-germany-1901.tex;tex/generic/babel/locale/de;
+babel-german-at.tex;tex/generic/babel/locale/de;
+babel-de-DE-1996.ini;tex/generic/babel/locale/de;
+babel-german-austria.tex;tex/generic/babel/locale/de;
+babel-german-germany.tex;tex/generic/babel/locale/de;
+babel-de-AT-1996.ini;tex/generic/babel/locale/de;
+babel-de.ini;tex/generic/babel/locale/de;
+babel-de-CH-1901.ini;tex/generic/babel/locale/de;
+babel-de-1901.ini;tex/generic/babel/locale/de;
+babel-de-1996.ini;tex/generic/babel/locale/de;
+babel-german-ch.tex;tex/generic/babel/locale/de;
+babel-german-austria-traditional.tex;tex/generic/babel/locale/de;
+babel-taita.tex;tex/generic/babel/locale/dav;
+babel-inuktitut.tex;tex/generic/babel/locale/iu;
+babel-nama.tex;tex/generic/babel/locale/naq;
+babel-korean-han.tex;tex/generic/babel/locale/ko;
+babel-khb.ini;tex/generic/babel/locale/khb;
+babel-lu.tex;tex/generic/babel/locale/khb;
+babel-slovak.tex;tex/generic/babel/locale/sk;
+babel-russian.tex;tex/generic/babel/locale/ru;
+catalan.sty;tex/generic/babel;
+babel-bataktoba.tex;tex/generic/babel/locale/bbc;
+estonian.sty;tex/generic/babel;
+babel-tzm.ini;tex/generic/babel/locale/tzm;
+babel-centralatlastamazight.tex;tex/generic/babel/locale/tzm;
+babel-vietnamese.tex;tex/generic/babel/locale/vi;
+babel-vi.ini;tex/generic/babel/locale/vi;
+babel-cgg.ini;tex/generic/babel/locale/cgg;
+babel-chiga.tex;tex/generic/babel/locale/cgg;
+babel-makasar-buginese.tex;tex/generic/babel/locale/mak;
+babel-mak.ini;tex/generic/babel/locale/mak;
+babel-mak-Bugi.ini;tex/generic/babel/locale/mak;
+babel-ga.ini;tex/generic/babel/locale/ga;
+babel-makasar.tex;tex/generic/babel/locale/mak;
+babel-hmongnjua.tex;tex/generic/babel/locale/hnj;
+babel-hnj.ini;tex/generic/babel/locale/hnj;
+babel-hy.ini;tex/generic/babel/locale/hy;
+babel-rn.ini;tex/generic/babel/locale/rn;
+babel-rundi.tex;tex/generic/babel/locale/rn;
+babel-lg.ini;tex/generic/babel/locale/lg;
+babel-ganda.tex;tex/generic/babel/locale/lg;
+plain.def;tex/generic/babel;
+babel-awadhi.tex;tex/generic/babel/locale/awa;
+babel-awa.ini;tex/generic/babel/locale/awa;
+babel-doi.ini;tex/generic/babel/locale/doi;
+babel-dogri.tex;tex/generic/babel/locale/doi;
+babel-ms-SG.ini;tex/generic/babel/locale/ms;
+babel-malay.tex;tex/generic/babel/locale/ms;
+babel-malay-bn.tex;tex/generic/babel/locale/ms;
+babel-ms-BN.ini;tex/generic/babel/locale/ms;
+babel-malay-sg.tex;tex/generic/babel/locale/ms;
+babel-bhojpuri.tex;tex/generic/babel/locale/bho;
+babel-estonian.tex;tex/generic/babel/locale/et;
+british.sty;tex/generic/babel;
+babel-mi.ini;tex/generic/babel/locale/mi;
+babel-maori.tex;tex/generic/babel/locale/mi;
+babel-mr.ini;tex/generic/babel/locale/mr;
+babel-marathi.tex;tex/generic/babel/locale/mr;
+babel-eu.ini;tex/generic/babel/locale/eu;
+babel-iu.ini;tex/generic/babel/locale/iu;
+babel-lif.ini;tex/generic/babel/locale/lif;
+babel-limbu-limb.tex;tex/generic/babel/locale/lif;
+babel-limbu.tex;tex/generic/babel/locale/lif;
+babel-limbu-limbu.tex;tex/generic/babel/locale/lif;
+babel-bemba.tex;tex/generic/babel/locale/bem;
+babel-asu.tex;tex/generic/babel/locale/asa;
+babel-vunjo.tex;tex/generic/babel/locale/vun;
+babel-vun.ini;tex/generic/babel/locale/vun;
+babel-ku.ini;tex/generic/babel/locale/ku;
+babel-ku-Arab.ini;tex/generic/babel/locale/ku;
+babel-kurmanji.tex;tex/generic/babel/locale/ku;
+babel-kurdish-arabic.tex;tex/generic/babel/locale/ku;
+babel-kurdish-arab.tex;tex/generic/babel/locale/ku;
+babel-northernkurdish-arabic.tex;tex/generic/babel/locale/ku;
+babel-spanish.tex;tex/generic/babel/locale/es;
+babel-spanish-mexico.tex;tex/generic/babel/locale/es;
+babel-spanish-mx.tex;tex/generic/babel/locale/es;
+babel-mexicanspanish.tex;tex/generic/babel/locale/es;
+luababel.def;tex/generic/babel;
+babel-mk.ini;tex/generic/babel/locale/mk;
+babel-macedonian.tex;tex/generic/babel/locale/mk;
+babel-friulian.tex;tex/generic/babel/locale/fur;
+babel-dyo.ini;tex/generic/babel/locale/dyo;
+babel-esperanto.tex;tex/generic/babel/locale/eo;
+babel-lab.ini;tex/generic/babel/locale/lab;
+interlingua.sty;tex/generic/babel;
+bahasam.sty;tex/generic/babel;
+galician.sty;tex/generic/babel;
+icelandic.sty;tex/generic/babel;
+babel-ca-chinese.tex;tex/generic/babel;
+afrikaans.sty;tex/generic/babel;
+esperanto.sty;tex/generic/babel;
+USenglish.sty;tex/generic/babel;
+samin.sty;tex/generic/babel;
+babel-ca-julian.tex;tex/generic/babel;
+basque.sty;tex/generic/babel;
+portuges.sty;tex/generic/babel;
+english.sty;tex/generic/babel;
+babel-ca-islamic.tex;tex/generic/babel;
+tests-babel-bidi-basic.lua;tex/generic/babel;
+babel.sty;tex/generic/babel;
+babel.def;tex/generic/babel;
+babel-ca-ethiopic.tex;tex/generic/babel;
+babel-ca-hebrew.tex;tex/generic/babel;
+romanian.sty;tex/generic/babel;
+welsh.sty;tex/generic/babel;
+usorbian.sty;tex/generic/babel;
+germanb.sty;tex/generic/babel;
+norsk.sty;tex/generic/babel;
+ngermanb.sty;tex/generic/babel;
+russianb.sty;tex/generic/babel;
+bahasa.sty;tex/generic/babel;
+turkish.sty;tex/generic/babel;
+breton.sty;tex/generic/babel;
+blplain.tex;tex/generic/babel;
+switch.def;tex/generic/babel;
+albanian.sty;tex/generic/babel;
+spanish.sty;tex/generic/babel;
+hyphen.cfg;tex/generic/babel;
+swedish.sty;tex/generic/babel;
+bplain.tex;tex/generic/babel;
+xebabel.def;tex/generic/babel;
+ukraineb.sty;tex/generic/babel;
+babel-bidi-basic.lua;tex/generic/babel;
+austrian.sty;tex/generic/babel;
+babel-bidi-basic-r.lua;tex/generic/babel;
+lsorbian.sty;tex/generic/babel;
+serbian.sty;tex/generic/babel;
+babel-transforms.lua;tex/generic/babel;
+latex-firstaid.tpm;tpm/packages;
+latex2e-first-aid-for-external-files.ltx;tex/latex/firstaid;
+filehook-ltx.sty;tex/latex/firstaid;
+underscore-ltx.sty;tex/latex/firstaid;
+tex-text.map;fonts/misc/xetex/fontmapping;
+tex-text.tec;fonts/misc/xetex/fontmapping;
+Util.pm;scripts/xetex/perl/lib/PDF/Reuse;
+Reuse.pm;scripts/xetex/perl/lib/PDF;
+xetex.tpm;tpm/packages;
+xdv2pdf_mergemarks.pl;scripts/xetex/perl;
+unicode-letters.tex;tex/generic/xetexconfig;
+crop.cfg;tex/xelatex/xetexconfig;
+ctex-zhmap-mac.tex;tex/generic/ctex/zhmap;
+ctex-zhmap-founder.tex;tex/generic/ctex/zhmap;
+ctexheading.sty;tex/latex/ctex;
+ctex-spa-macro.tex;tex/generic/ctex;
+ctex-engine-uptex.def;tex/latex/ctex/engine;
+ctex-scheme-plain-book.def;tex/latex/ctex/scheme;
+ctex-zhmap-ubuntu.tex;tex/generic/ctex/zhmap;
+jy2zhtt.fd;tex/latex/ctex/fd;
+translator-theorem-dictionary-ChineseUTF8.dict;tex/latex/ctex/dictionary;
+ctex-spa-make.tex;tex/generic/ctex;
+ctex-heading-book.def;tex/latex/ctex/heading;
+ctxdocstrip.tex;tex/generic/ctex;
+c19rm.fd;tex/latex/ctex/fd;
+ctex-engine-xetex.def;tex/latex/ctex/engine;
+ctex-zhmap-adobe.tex;tex/generic/ctex/zhmap;
+ctexsize.sty;tex/latex/ctex;
+ctex-zhmap-fandol.tex;tex/generic/ctex/zhmap;
+ctex-zhmap-windows.tex;tex/generic/ctex/zhmap;
+ctex-heading-article.def;tex/latex/ctex/heading;
+ctex-name-gbk.cfg;tex/latex/ctex/config;
+ctex-name-utf8.cfg;tex/latex/ctex/config;
+ctex.cfg;tex/latex/ctex/config;
+ctex-fontset-ubuntu.def;tex/latex/ctex/fontset;
+jy2zhsf.fd;tex/latex/ctex/fd;
+ctexbackend.cfg;tex/latex/ctex/config;
+ctexopts.cfg;tex/latex/ctex/config;
+ctex-fontset-fandol.def;tex/latex/ctex/fontset;
+ctex-c5size.clo;tex/latex/ctex;
+ctex-cs4size.clo;tex/latex/ctex;
+ctex-scheme-chinese-report.def;tex/latex/ctex/scheme;
+ctex.sty;tex/latex/ctex;
+c70tt.fd;tex/latex/ctex/fd;
+ctexart.cls;tex/latex/ctex;
+ctexbeamer.cls;tex/latex/ctex;
+ctexbook.cls;tex/latex/ctex;
+ctexcap.sty;tex/latex/ctex;
+ctexhook.sty;tex/latex/ctex;
+ctexpatch.sty;tex/latex/ctex;
+ctex-engine-luatex.def;tex/latex/ctex/engine;
+ctexrep.cls;tex/latex/ctex;
+ctex.tpm;tpm/packages;
+ctex-fontset-founder.def;tex/latex/ctex/fontset;
+c19sf.fd;tex/latex/ctex/fd;
+ctex-fontset-adobe.def;tex/latex/ctex/fontset;
+ctexspa.def;tex/latex/ctex;
+jt2zhtt.fd;tex/latex/ctex/fd;
+ctxdoc.cls;tex/latex/ctex;
+translator-theorem-dictionary-ChineseGBK.dict;tex/latex/ctex/dictionary;
+c70rm.fd;tex/latex/ctex/fd;
+ctex-engine-aptex.def;tex/latex/ctex/engine;
+ctex-engine-pdftex.def;tex/latex/ctex/engine;
+c19tt.fd;tex/latex/ctex/fd;
+ctex-fontset-macold.def;tex/latex/ctex/fontset;
+c70sf.fd;tex/latex/ctex/fd;
+jt2zhrm.fd;tex/latex/ctex/fd;
+jt2zhsf.fd;tex/latex/ctex/fd;
+jy2zhrm.fd;tex/latex/ctex/fd;
+ctex-fontset-macnew.def;tex/latex/ctex/fontset;
+ctex-fontset-mac.def;tex/latex/ctex/fontset;
+ctex-fontset-windows.def;tex/latex/ctex/fontset;
+ctex-heading-beamer.def;tex/latex/ctex/heading;
+ctex-heading-report.def;tex/latex/ctex/heading;
+ctex-scheme-chinese-article.def;tex/latex/ctex/scheme;
+ctex-scheme-chinese-beamer.def;tex/latex/ctex/scheme;
+ctex-scheme-chinese-book.def;tex/latex/ctex/scheme;
+ctex-scheme-chinese.def;tex/latex/ctex/scheme;
+ctex-scheme-plain-article.def;tex/latex/ctex/scheme;
+ctex-scheme-plain-beamer.def;tex/latex/ctex/scheme;
+ctex-scheme-plain-report.def;tex/latex/ctex/scheme;
+ctex-scheme-plain.def;tex/latex/ctex/scheme;
+ctex-zhconv-index.lua;tex/luatex/ctex;
+ctex-zhconv.lua;tex/luatex/ctex;
+l3backend-dvips.pro;dvips/l3backend;
+l3backend-dvips.def;tex/latex/l3backend;
+l3backend.tpm;tpm/packages;
+l3backend-dvisvgm.def;tex/latex/l3backend;
+l3backend-xetex.def;tex/latex/l3backend;
+l3backend-dvipdfmx.def;tex/latex/l3backend;
+l3backend-pdftex.def;tex/latex/l3backend;
+l3backend-luatex.def;tex/latex/l3backend;
+l3backend-luatex.lua;tex/latex/l3backend;
+full-stop.map;fonts/misc/xetex/fontmapping/xecjk;
+full-stop.tec;fonts/misc/xetex/fontmapping/xecjk;
+fullwidth-stop.map;fonts/misc/xetex/fontmapping/xecjk;
+fullwidth-stop.tec;fonts/misc/xetex/fontmapping/xecjk;
+han-simp.map;fonts/misc/xetex/fontmapping/xecjk;
+han-simp.tec;fonts/misc/xetex/fontmapping/xecjk;
+han-trad.map;fonts/misc/xetex/fontmapping/xecjk;
+han-trad.tec;fonts/misc/xetex/fontmapping/xecjk;
+xeCJK-listings.sty;tex/xelatex/xecjk;
+xeCJK.cfg;tex/xelatex/xecjk;
+xeCJK.sty;tex/xelatex/xecjk;
+xeCJKfntef.sty;tex/xelatex/xecjk;
+xunicode-addon.sty;tex/xelatex/xecjk;
+xunicode-extra.def;tex/xelatex/xecjk;
+xecjk.tpm;tpm/packages;
+cjk.tpm;tpm/packages;
+c37song.fd;tex/latex/cjk/CNS;
+c36song.fd;tex/latex/cjk/CNS;
+c63jnv.fd;tex/latex/cjk/KS/HLaTeX;
+c90nrsr.fd;tex/latex/cjk/thai;
+EUC-TW.enc;tex/latex/cjk/CNS;
+c63bm.fd;tex/latex/cjk/KS/HLaTeX;
+EUC-TW.bdg;tex/latex/cjk/CNS;
+c33song.fd;tex/latex/cjk/CNS;
+c31song.fd;tex/latex/cjk/CNS;
+pinyin.ldf;tex/latex/cjk/utils/pyhyphen;
+EUC-TW.chr;tex/latex/cjk/CNS;
+hangul2.cpx;tex/latex/cjk/KS;
+c35song.fd;tex/latex/cjk/CNS;
+c60dr.fd;tex/latex/cjk/KS;
+c34song.fd;tex/latex/cjk/CNS;
+c64jsr.fd;tex/latex/cjk/KS/HLaTeX;
+c90enc.def;tex/latex/cjk/thai;
+c32song.fd;tex/latex/cjk/CNS;
+c90cmr.fd;tex/latex/cjk/thai;
+SJIS.enc;tex/latex/cjk/SJIS;
+c49song.fd;tex/latex/cjk/SJIS;
+SJIS.chr;tex/latex/cjk/SJIS;
+SJIS.bdg;tex/latex/cjk/SJIS;
+SJISdnp.enc;tex/latex/cjk/SJIS;
+SJIS.cpx;tex/latex/cjk/SJIS;
+SJISdnp.chr;tex/latex/cjk/SJIS;
+c61dr.fd;tex/latex/cjk/KS;
+c65jsr.fd;tex/latex/cjk/KS/HLaTeX;
+SJIS.cap;tex/latex/cjk/SJIS;
+c42goth.fd;tex/latex/cjk/contrib/wadalab;
+CJKnumb.sty;tex/latex/cjk;
+GB.cap;tex/latex/cjk/GB;
+c90cmss.fd;tex/latex/cjk/thai;
+Bg5.enc;tex/latex/cjk/Bg5;
+c90gar.fd;tex/latex/cjk/thai;
+thaicjk.ldf;tex/latex/cjk/thai;
+c90cmtt.fd;tex/latex/cjk/thai;
+MULEenc.sty;tex/latex/cjk/mule;
+c70min.fd;tex/latex/cjk/contrib/wadalab;
+standard.enc;tex/latex/cjk;
+c61hpg.fd;tex/latex/cjk/KS;
+c61gr.fd;tex/latex/cjk/KS;
+hangul.cpx;tex/latex/cjk/KS;
+c60gr.fd;tex/latex/cjk/KS;
+c60mj.fd;tex/latex/cjk/KS;
+c60hpg.fd;tex/latex/cjk/KS;
+hanja.cpx;tex/latex/cjk/KS;
+c52maru.fd;tex/latex/cjk/contrib/wadalab;
+hangul.cap;tex/latex/cjk/KS;
+c61gt.fd;tex/latex/cjk/KS;
+c64jnv.fd;tex/latex/cjk/KS/HLaTeX;
+c63sh.fd;tex/latex/cjk/KS/HLaTeX;
+c63jmj.fd;tex/latex/cjk/KS/HLaTeX;
+c65yt.fd;tex/latex/cjk/KS/HLaTeX;
+c62song.fd;tex/latex/cjk/KS;
+c64pga.fd;tex/latex/cjk/KS/HLaTeX;
+c65jgt.fd;tex/latex/cjk/KS/HLaTeX;
+c63yt.fd;tex/latex/cjk/KS/HLaTeX;
+c63jsr.fd;tex/latex/cjk/KS/HLaTeX;
+c65gt.fd;tex/latex/cjk/KS/HLaTeX;
+HLaTeX.chr;tex/latex/cjk/KS/HLaTeX;
+c64pn.fd;tex/latex/cjk/KS/HLaTeX;
+c65pg.fd;tex/latex/cjk/KS/HLaTeX;
+c65gs.fd;tex/latex/cjk/KS/HLaTeX;
+c64ph.fd;tex/latex/cjk/KS/HLaTeX;
+Bg5.chr;tex/latex/cjk/Bg5;
+c63pn.fd;tex/latex/cjk/KS/HLaTeX;
+c64gt.fd;tex/latex/cjk/KS/HLaTeX;
+c63dn.fd;tex/latex/cjk/KS/HLaTeX;
+pshan.sty;tex/latex/cjk/KS/HLaTeX;
+c63vd.fd;tex/latex/cjk/KS/HLaTeX;
+c63gt.fd;tex/latex/cjk/KS/HLaTeX;
+c63gr.fd;tex/latex/cjk/KS/HLaTeX;
+c63jgt.fd;tex/latex/cjk/KS/HLaTeX;
+EUC-JP.chr;tex/latex/cjk/JIS;
+c41song.fd;tex/latex/cjk/JIS;
+c63ph.fd;tex/latex/cjk/KS/HLaTeX;
+c64jgt.fd;tex/latex/cjk/KS/HLaTeX;
+c65bm.fd;tex/latex/cjk/KS/HLaTeX;
+c21song.fd;tex/latex/cjk/GB;
+c64vd.fd;tex/latex/cjk/KS/HLaTeX;
+c63tz.fd;tex/latex/cjk/KS/HLaTeX;
+c64jmj.fd;tex/latex/cjk/KS/HLaTeX;
+c65gr.fd;tex/latex/cjk/KS/HLaTeX;
+c65mj.fd;tex/latex/cjk/KS/HLaTeX;
+extended.chr;tex/latex/cjk;
+KSHL.enc;tex/latex/cjk/KS/HLaTeX;
+c64yt.fd;tex/latex/cjk/KS/HLaTeX;
+c64pg.fd;tex/latex/cjk/KS/HLaTeX;
+c65pn.fd;tex/latex/cjk/KS/HLaTeX;
+c65dn.fd;tex/latex/cjk/KS/HLaTeX;
+c64tz.fd;tex/latex/cjk/KS/HLaTeX;
+c64mj.fd;tex/latex/cjk/KS/HLaTeX;
+c64gs.fd;tex/latex/cjk/KS/HLaTeX;
+c42goth.fdx;tex/latex/cjk/contrib/wadalab;
+c64sh.fd;tex/latex/cjk/KS/HLaTeX;
+c63pga.fd;tex/latex/cjk/KS/HLaTeX;
+c65ph.fd;tex/latex/cjk/KS/HLaTeX;
+c63pg.fd;tex/latex/cjk/KS/HLaTeX;
+c70maru.fd;tex/latex/cjk/contrib/wadalab;
+c65vd.fd;tex/latex/cjk/KS/HLaTeX;
+c64bm.fd;tex/latex/cjk/KS/HLaTeX;
+c64dn.fd;tex/latex/cjk/KS/HLaTeX;
+c65tz.fd;tex/latex/cjk/KS/HLaTeX;
+c65jnv.fd;tex/latex/cjk/KS/HLaTeX;
+c65pga.fd;tex/latex/cjk/KS/HLaTeX;
+c64gr.fd;tex/latex/cjk/KS/HLaTeX;
+c65sh.fd;tex/latex/cjk/KS/HLaTeX;
+c63gs.fd;tex/latex/cjk/KS/HLaTeX;
+c63mj.fd;tex/latex/cjk/KS/HLaTeX;
+c65jmj.fd;tex/latex/cjk/KS/HLaTeX;
+c60gs.fd;tex/latex/cjk/KS;
+KS.chr;tex/latex/cjk/KS;
+c61hol.fd;tex/latex/cjk/KS;
+c61hmj.fd;tex/latex/cjk/KS;
+c00bsmi.fdx;tex/latex/cjk/Bg5;
+c60hmj.fd;tex/latex/cjk/KS;
+c60hgt.fd;tex/latex/cjk/KS;
+hangul2.cap;tex/latex/cjk/KS;
+c60hol.fd;tex/latex/cjk/KS;
+KS.enc;tex/latex/cjk/KS;
+hanja.cap;tex/latex/cjk/KS;
+c61gs.fd;tex/latex/cjk/KS;
+c70goth.fdx;tex/latex/cjk/contrib/wadalab;
+c60gt.fd;tex/latex/cjk/KS;
+c61hgt.fd;tex/latex/cjk/KS;
+c61mj.fd;tex/latex/cjk/KS;
+pinyin.sty;tex/latex/cjk;
+CJK.enc;tex/latex/cjk;
+c80song.fd;tex/latex/cjk/CEF;
+c81song.fd;tex/latex/cjk/CEF;
+CJKfntef.sty;tex/latex/cjk;
+CJKutf8.sty;tex/latex/cjk;
+c42min.fd;tex/latex/cjk/contrib/wadalab;
+c70maru.fdx;tex/latex/cjk/contrib/wadalab;
+c52min.fdx;tex/latex/cjk/contrib/wadalab;
+c42min.fdx;tex/latex/cjk/contrib/wadalab;
+EUC-JPdnp.enc;tex/latex/cjk/JIS;
+c52min.fd;tex/latex/cjk/contrib/wadalab;
+c70min.fdx;tex/latex/cjk/contrib/wadalab;
+c42maru.fdx;tex/latex/cjk/contrib/wadalab;
+c52maru.fdx;tex/latex/cjk/contrib/wadalab;
+c42maru.fd;tex/latex/cjk/contrib/wadalab;
+c70goth.fd;tex/latex/cjk/contrib/wadalab;
+CJKspace.sty;tex/latex/cjk;
+pmC.chr;tex/latex/cjk;
+CJKvert.sty;tex/latex/cjk;
+c10gbsn.fdx;tex/latex/cjk/GB;
+JIS.cpx;tex/latex/cjk/JIS;
+EUC-JP.bdg;tex/latex/cjk/JIS;
+JISdnp.enc;tex/latex/cjk/JIS;
+c43song.fd;tex/latex/cjk/JIS;
+EUC-JP.enc;tex/latex/cjk/JIS;
+c50song.fd;tex/latex/cjk/JIS;
+c40song.fd;tex/latex/cjk/JIS;
+c42song.fd;tex/latex/cjk/JIS;
+JIS.cap;tex/latex/cjk/JIS;
+ruby.sty;tex/latex/cjk;
+c00bkai.fd;tex/latex/cjk/Bg5;
+CJKulem.sty;tex/latex/cjk;
+pmCsmall.enc;tex/latex/cjk;
+pmCbig.enc;tex/latex/cjk;
+CJK.sty;tex/latex/cjk;
+standard.bdg;tex/latex/cjk;
+UTF8.enc;tex/latex/cjk/UTF8;
+c00song.fd;tex/latex/cjk/Bg5;
+c70bkai.fd;tex/latex/cjk/UTF8;
+zh-Hans.cpx;tex/latex/cjk/UTF8;
+c70bkai.fdx;tex/latex/cjk/UTF8;
+c70gkai.fdx;tex/latex/cjk/UTF8;
+c00cns.fd;tex/latex/cjk/Bg5;
+ja.cpx;tex/latex/cjk/UTF8;
+c70gkai.fd;tex/latex/cjk/UTF8;
+c70gbsn.fdx;tex/latex/cjk/UTF8;
+c70song.fd;tex/latex/cjk/UTF8;
+zh-Hant.cpx;tex/latex/cjk/UTF8;
+c70gbsn.fd;tex/latex/cjk/UTF8;
+c70mj.fd;tex/latex/cjk/UTF8;
+UTF8.chr;tex/latex/cjk/UTF8;
+ko-Hang2.cpx;tex/latex/cjk/UTF8;
+ko-Hang.cpx;tex/latex/cjk/UTF8;
+c70mj.fdx;tex/latex/cjk/UTF8;
+UTF8.bdg;tex/latex/cjk/UTF8;
+c70bsmi.fdx;tex/latex/cjk/UTF8;
+c70bsmi.fd;tex/latex/cjk/UTF8;
+ko-Hani.cpx;tex/latex/cjk/UTF8;
+standard.chr;tex/latex/cjk;
+extended.enc;tex/latex/cjk;
+c00kair.fd;tex/latex/cjk/Bg5;
+c00kai.fd;tex/latex/cjk/Bg5;
+c00bkai.fdx;tex/latex/cjk/Bg5;
+c00fs.fd;tex/latex/cjk/Bg5;
+c00bsmir.fdx;tex/latex/cjk/Bg5;
+HK.enc;tex/latex/cjk/Bg5;
+c09song.fd;tex/latex/cjk/Bg5;
+c00bsmi.fd;tex/latex/cjk/Bg5;
+c00bsmir.fd;tex/latex/cjk/Bg5;
+c00kair.fdx;tex/latex/cjk/Bg5;
+Bg5.cpx;tex/latex/cjk/Bg5;
+c01song.fd;tex/latex/cjk/Bg5;
+Bg5.cap;tex/latex/cjk/Bg5;
+c05song.fd;tex/latex/cjk/Bg5;
+c10gbsn.fd;tex/latex/cjk/GB;
+c19song.fd;tex/latex/cjk/GB;
+c11song.fd;tex/latex/cjk/GB;
+c10song.fd;tex/latex/cjk/GB;
+c20song.fd;tex/latex/cjk/GB;
+GB.cpx;tex/latex/cjk/GB;
+c10gkai.fd;tex/latex/cjk/GB;
+c10gkai.fdx;tex/latex/cjk/GB;
+c10fs.fd;tex/latex/cjk/GB;
+l3packages.tpm;tpm/packages;
+xfp.sty;tex/latex/l3packages/xfp;
+xparse-2020-10-01.sty;tex/latex/l3packages/xparse;
+xparse.sty;tex/latex/l3packages/xparse;
+xparse-2018-04-12.sty;tex/latex/l3packages/xparse;
+xparse.ltx;tex/latex/l3packages/xparse;
+xparse-generic.tex;tex/latex/l3packages/xparse;
+l3keys2e.sty;tex/latex/l3packages/l3keys2e;
+xtemplate-2023-10-10.sty;tex/latex/l3packages/xtemplate;
+xtemplate.sty;tex/latex/l3packages/xtemplate;
+fontspec.tpm;tpm/packages;
+fontspec.lua;tex/latex/fontspec;
+fontspec-xetex.sty;tex/latex/fontspec;
+fontspec-luatex.sty;tex/latex/fontspec;
+fontspec.cfg;tex/latex/fontspec;
+fontspec.sty;tex/latex/fontspec;
+hyperref.tpm;tpm/packages;
+ntheorem-hyper.sty;tex/latex/hyperref;
+puvnenc.def;tex/latex/hyperref;
+hdvips.def;tex/latex/hyperref;
+hvtex.def;tex/latex/hyperref;
+hpdftex.def;tex/latex/hyperref;
+hyperref-patches.sty;tex/latex/hyperref;
+hluatex.def;tex/latex/hyperref;
+htex4ht.cfg;tex/latex/hyperref;
+backref.sty;tex/latex/hyperref;
+minitoc-hyper.sty;tex/latex/hyperref;
+htexture.def;tex/latex/hyperref;
+pd1enc.def;tex/latex/hyperref;
+hdvipdfm.def;tex/latex/hyperref;
+nohyperref.sty;tex/latex/hyperref;
+nameref.sty;tex/latex/hyperref;
+puenc-extra.def;tex/latex/hyperref;
+htex4ht.def;tex/latex/hyperref;
+hdvipson.def;tex/latex/hyperref;
+xr-hyper.sty;tex/latex/hyperref;
+hypertex.def;tex/latex/hyperref;
+psdextra.def;tex/latex/hyperref;
+hvtexhtm.def;tex/latex/hyperref;
+hvtexmrk.def;tex/latex/hyperref;
+puenc.def;tex/latex/hyperref;
+hxetex.def;tex/latex/hyperref;
+hdviwind.def;tex/latex/hyperref;
+pdfmark.def;tex/latex/hyperref;
+hyperref.sty;tex/latex/hyperref;
+puarenc.def;tex/latex/hyperref;
+zhnumber-big5.cfg;tex/latex/zhnumber;
+zhnumber-gbk.cfg;tex/latex/zhnumber;
+zhnumber-utf8.cfg;tex/latex/zhnumber;
+zhnumber.sty;tex/latex/zhnumber;
+zhnumber.tpm;tpm/packages;
+latex-tools.tpm;tpm/packages;
+somedefs.sty;tex/latex/tools;
+ftnright.sty;tex/latex/tools;
+rawfonts.sty;tex/latex/tools;
+verbtest.tex;tex/latex/tools;
+enumerate.sty;tex/latex/tools;
+array-2023-11-01.sty;tex/latex/tools;
+multicol-2019-10-01.sty;tex/latex/tools;
+h.tex;tex/latex/tools;
+fontsmpl.tex;tex/latex/tools;
+thc.sty;tex/latex/tools;
+shellesc.sty;tex/latex/tools;
+thmb.sty;tex/latex/tools;
+delarray.sty;tex/latex/tools;
+trace.sty;tex/latex/tools;
+afterpage.sty;tex/latex/tools;
+hhline.sty;tex/latex/tools;
+thp.sty;tex/latex/tools;
+thcb.sty;tex/latex/tools;
+verbatim.sty;tex/latex/tools;
+q.tex;tex/latex/tools;
+showkeys-2014-10-28.sty;tex/latex/tools;
+.tex;tex/latex/tools;
+x.tex;tex/latex/tools;
+calc.sty;tex/latex/tools;
+multicol.sty;tex/latex/tools;
+array.sty;tex/latex/tools;
+bm.sty;tex/latex/tools;
+varioref-2016-02-16.sty;tex/latex/tools;
+thm.sty;tex/latex/tools;
+layout.sty;tex/latex/tools;
+showkeys.sty;tex/latex/tools;
+s.tex;tex/latex/tools;
+longtable-2020-01-07.sty;tex/latex/tools;
+dcolumn.sty;tex/latex/tools;
+multicol-2017-04-11.sty;tex/latex/tools;
+xr.sty;tex/latex/tools;
+xspace.sty;tex/latex/tools;
+indentfirst.sty;tex/latex/tools;
+tabularx.sty;tex/latex/tools;
+l3sys-query.sty;tex/latex/tools;
+array-2016-10-06.sty;tex/latex/tools;
+theorem.sty;tex/latex/tools;
+multicol-2024-05-23.sty;tex/latex/tools;
+xr-2023-07-04.sty;tex/latex/tools;
+e.tex;tex/latex/tools;
+fontsmpl.sty;tex/latex/tools;
+longtable.sty;tex/latex/tools;
+thb.sty;tex/latex/tools;
+r.tex;tex/latex/tools;
+array-2020-02-10.sty;tex/latex/tools;
+varioref.sty;tex/latex/tools;
+geometry.tpm;tpm/packages;
+geometry.cfg;tex/latex/geometry;
+geometry.sty;tex/latex/geometry;
+graphics.tpm;tpm/packages;
+lscape.sty;tex/latex/graphics;
+dvipsnam.def;tex/latex/graphics;
+pctexhp.def;tex/latex/graphics;
+trig.sty;tex/latex/graphics;
+truetex.def;tex/latex/graphics;
+pctexps.def;tex/latex/graphics;
+graphics-2017-06-25.sty;tex/latex/graphics;
+graphicx.sty;tex/latex/graphics;
+pctex32.def;tex/latex/graphics;
+mathcolor.ltx;tex/latex/graphics;
+color.sty;tex/latex/graphics;
+pctexwin.def;tex/latex/graphics;
+dvipdf.def;tex/latex/graphics;
+rotating.sty;tex/latex/graphics;
+emtex.def;tex/latex/graphics;
+keyval.sty;tex/latex/graphics;
+graphics.sty;tex/latex/graphics;
+dvipsone.def;tex/latex/graphics;
+epsfig.sty;tex/latex/graphics;
+tcidvi.def;tex/latex/graphics;
+dviwin.def;tex/latex/graphics;
+iftex.tpm;tpm/packages;
+ifpdf.sty;tex/generic/iftex;
+ifluatex.sty;tex/generic/iftex;
+ifvtex.sty;tex/generic/iftex;
+iftex.sty;tex/generic/iftex;
+ifxetex.sty;tex/generic/iftex;
+ifetex.sty;tex/generic/iftex;
+amsmath.tpm;tpm/packages;
+amsbsy.sty;tex/latex/amsmath;
+amsmath.sty;tex/latex/amsmath;
+amsmath-2018-12-01.sty;tex/latex/amsmath;
+amsopn.sty;tex/latex/amsmath;
+amsgen.sty;tex/latex/amsmath;
+amsxtra.sty;tex/latex/amsmath;
+amscd.sty;tex/latex/amsmath;
+amstex.sty;tex/latex/amsmath;
+amstext.sty;tex/latex/amsmath;
+cmb10.afm;fonts/afm/public/amsfonts/cm;
+eufm7.tfm;fonts/tfm/public/amsfonts/euler;
+eusm7.pfb;fonts/type1/public/amsfonts/euler;
+cmex10.pfb;fonts/type1/public/amsfonts/cm;
+cmbsy10.afm;fonts/afm/public/amsfonts/cm;
+cmbx10.afm;fonts/afm/public/amsfonts/cm;
+cmbx12.afm;fonts/afm/public/amsfonts/cm;
+cmcsc8.afm;fonts/afm/public/amsfonts/cmextra;
+cmti7.pfb;fonts/type1/public/amsfonts/cm;
+cmbx5.afm;fonts/afm/public/amsfonts/cm;
+cmr7.pfm;fonts/type1/public/amsfonts/cm;
+cmbsy9.pfb;fonts/type1/public/amsfonts/cmextra;
+cmbx6.afm;fonts/afm/public/amsfonts/cm;
+cmbx7.afm;fonts/afm/public/amsfonts/cm;
+cmfib8.afm;fonts/afm/public/amsfonts/cm;
+cmbx8.afm;fonts/afm/public/amsfonts/cm;
+cmmib7.mf;fonts/source/public/amsfonts/cmextra;
+cmbx9.afm;fonts/afm/public/amsfonts/cm;
+cmbxsl10.afm;fonts/afm/public/amsfonts/cm;
+cminch.afm;fonts/afm/public/amsfonts/cm;
+msbm8.tfm;fonts/tfm/public/amsfonts/symbols;
+cmbxti10.afm;fonts/afm/public/amsfonts/cm;
+cmmib6.afm;fonts/afm/public/amsfonts/cmextra;
+cmcsc10.afm;fonts/afm/public/amsfonts/cm;
+cmdunh10.afm;fonts/afm/public/amsfonts/cm;
+cmmi9.pfb;fonts/type1/public/amsfonts/cm;
+cmex10.afm;fonts/afm/public/amsfonts/cm;
+cmff10.afm;fonts/afm/public/amsfonts/cm;
+msbm9.mf;fonts/source/public/amsfonts/symbols;
+cmtcsc10.pfb;fonts/type1/public/amsfonts/cm;
+cmfi10.afm;fonts/afm/public/amsfonts/cm;
+cmtt8.afm;fonts/afm/public/amsfonts/cm;
+cmitt10.afm;fonts/afm/public/amsfonts/cm;
+cmssi9.pfm;fonts/type1/public/amsfonts/cm;
+cmmi10.afm;fonts/afm/public/amsfonts/cm;
+cmmi12.afm;fonts/afm/public/amsfonts/cm;
+msbm10.afm;fonts/afm/public/amsfonts/symbols;
+cmmi5.afm;fonts/afm/public/amsfonts/cm;
+eusb10.tfm;fonts/tfm/public/amsfonts/euler;
+cmtt12.pfb;fonts/type1/public/amsfonts/cm;
+cmmi6.afm;fonts/afm/public/amsfonts/cm;
+cmmi7.afm;fonts/afm/public/amsfonts/cm;
+cmmi8.afm;fonts/afm/public/amsfonts/cm;
+lcmssi8.afm;fonts/afm/public/amsfonts/latxfont;
+cmbsy5.pfm;fonts/type1/public/amsfonts/cmextra;
+cmmi9.afm;fonts/afm/public/amsfonts/cm;
+cmbsy9.pfm;fonts/type1/public/amsfonts/cmextra;
+cmmib10.afm;fonts/afm/public/amsfonts/cm;
+cmr10.afm;fonts/afm/public/amsfonts/cm;
+cmex8.mf;fonts/source/public/amsfonts/cmextra;
+cmmi6.pfb;fonts/type1/public/amsfonts/cm;
+eusm5.pfb;fonts/type1/public/amsfonts/euler;
+cmr12.afm;fonts/afm/public/amsfonts/cm;
+cmr17.afm;fonts/afm/public/amsfonts/cm;
+cmr5.afm;fonts/afm/public/amsfonts/cm;
+cmr6.afm;fonts/afm/public/amsfonts/cm;
+euex8.pfm;fonts/type1/public/amsfonts/euler;
+cyrfont.mf;fonts/source/public/amsfonts/cyrillic;
+cmr7.afm;fonts/afm/public/amsfonts/cm;
+cmr8.afm;fonts/afm/public/amsfonts/cm;
+cmbsy7.pfb;fonts/type1/public/amsfonts/cmextra;
+lcircle1.afm;fonts/afm/public/amsfonts/latxfont;
+cmr9.afm;fonts/afm/public/amsfonts/cm;
+cmsl10.afm;fonts/afm/public/amsfonts/cm;
+wncyr6.mf;fonts/source/public/amsfonts/cyrillic;
+msbm6.tfm;fonts/tfm/public/amsfonts/symbols;
+cmssdc10.pfm;fonts/type1/public/amsfonts/cm;
+cmsl12.afm;fonts/afm/public/amsfonts/cm;
+wncyr8.tfm;fonts/tfm/public/amsfonts/cyrillic;
+cmsl8.afm;fonts/afm/public/amsfonts/cm;
+cmsl9.pfm;fonts/type1/public/amsfonts/cm;
+cmss12.pfb;fonts/type1/public/amsfonts/cm;
+cmsl9.afm;fonts/afm/public/amsfonts/cm;
+cmsltt10.afm;fonts/afm/public/amsfonts/cm;
+cmmib6.pfm;fonts/type1/public/amsfonts/cmextra;
+cmbsy8.afm;fonts/afm/public/amsfonts/cmextra;
+cmss10.afm;fonts/afm/public/amsfonts/cm;
+eurb6.tfm;fonts/tfm/public/amsfonts/euler;
+cmss12.afm;fonts/afm/public/amsfonts/cm;
+cmss17.afm;fonts/afm/public/amsfonts/cm;
+cmss8.afm;fonts/afm/public/amsfonts/cm;
+cmbsy8.pfm;fonts/type1/public/amsfonts/cmextra;
+wncyss8.mf;fonts/source/public/amsfonts/cyrillic;
+cmex7.pfb;fonts/type1/public/amsfonts/cmextra;
+cmss9.afm;fonts/afm/public/amsfonts/cm;
+cmssbx10.afm;fonts/afm/public/amsfonts/cm;
+cyrspu.mf;fonts/source/public/amsfonts/cyrillic;
+cmcsc8.pfm;fonts/type1/public/amsfonts/cmextra;
+cmbsy5.mf;fonts/source/public/amsfonts/cmextra;
+cmr6.pfm;fonts/type1/public/amsfonts/cm;
+cmssdc10.afm;fonts/afm/public/amsfonts/cm;
+eufb5.tfm;fonts/tfm/public/amsfonts/euler;
+eufb5.pfm;fonts/type1/public/amsfonts/euler;
+cmssi10.afm;fonts/afm/public/amsfonts/cm;
+cmtex8.pfb;fonts/type1/public/amsfonts/cm;
+cmti10.pfm;fonts/type1/public/amsfonts/cm;
+cmssi12.afm;fonts/afm/public/amsfonts/cm;
+amsya.mf;fonts/source/public/amsfonts/symbols;
+cmssi17.afm;fonts/afm/public/amsfonts/cm;
+wncyb9.mf;fonts/source/public/amsfonts/cyrillic;
+cmssdc10.pfb;fonts/type1/public/amsfonts/cm;
+cmssi8.afm;fonts/afm/public/amsfonts/cm;
+cmssi9.afm;fonts/afm/public/amsfonts/cm;
+lcmss8.pfb;fonts/type1/public/amsfonts/latxfont;
+cmssq8.afm;fonts/afm/public/amsfonts/cm;
+cmssqi8.afm;fonts/afm/public/amsfonts/cm;
+cmss9.pfb;fonts/type1/public/amsfonts/cm;
+cmex9.tfm;fonts/tfm/public/amsfonts/cmextra;
+cmsy10.afm;fonts/afm/public/amsfonts/cm;
+wncyi6.tfm;fonts/tfm/public/amsfonts/cyrillic;
+cmsy5.afm;fonts/afm/public/amsfonts/cm;
+cmcsc9.pfm;fonts/type1/public/amsfonts/cmextra;
+cmsy6.afm;fonts/afm/public/amsfonts/cm;
+cmsy7.afm;fonts/afm/public/amsfonts/cm;
+cmsy8.afm;fonts/afm/public/amsfonts/cm;
+cmbxti10.pfb;fonts/type1/public/amsfonts/cm;
+cmsy9.afm;fonts/afm/public/amsfonts/cm;
+cmtcsc10.afm;fonts/afm/public/amsfonts/cm;
+linew10.pfm;fonts/type1/public/amsfonts/latxfont;
+cmtex10.afm;fonts/afm/public/amsfonts/cm;
+cmtex8.afm;fonts/afm/public/amsfonts/cm;
+cmssbx10.pfm;fonts/type1/public/amsfonts/cm;
+eufb10.pfb;fonts/type1/public/amsfonts/euler;
+cmss8.pfb;fonts/type1/public/amsfonts/cm;
+cyrspl.mf;fonts/source/public/amsfonts/cyrillic;
+cmtex9.afm;fonts/afm/public/amsfonts/cm;
+cmti10.afm;fonts/afm/public/amsfonts/cm;
+cmti12.afm;fonts/afm/public/amsfonts/cm;
+cmmib6.tfm;fonts/tfm/public/amsfonts/cmextra;
+cmti7.afm;fonts/afm/public/amsfonts/cm;
+cmti8.afm;fonts/afm/public/amsfonts/cm;
+cmss9.pfm;fonts/type1/public/amsfonts/cm;
+cmti9.afm;fonts/afm/public/amsfonts/cm;
+eurm10.tfm;fonts/tfm/public/amsfonts/euler;
+cmtt10.afm;fonts/afm/public/amsfonts/cm;
+wncyr9.mf;fonts/source/public/amsfonts/cyrillic;
+cmtt12.afm;fonts/afm/public/amsfonts/cm;
+cmmib6.pfb;fonts/type1/public/amsfonts/cmextra;
+cmtt9.afm;fonts/afm/public/amsfonts/cm;
+cmu10.afm;fonts/afm/public/amsfonts/cm;
+cmmib8.mf;fonts/source/public/amsfonts/cmextra;
+cmvtt10.afm;fonts/afm/public/amsfonts/cm;
+cmbsy5.afm;fonts/afm/public/amsfonts/cmextra;
+msam8.tfm;fonts/tfm/public/amsfonts/symbols;
+cmmib7.afm;fonts/afm/public/amsfonts/cmextra;
+msbm5.pfb;fonts/type1/public/amsfonts/symbols;
+cmbsy6.afm;fonts/afm/public/amsfonts/cmextra;
+cmbsy7.afm;fonts/afm/public/amsfonts/cmextra;
+cmr9.pfm;fonts/type1/public/amsfonts/cm;
+cmsy6.pfb;fonts/type1/public/amsfonts/cm;
+cmmib5.afm;fonts/afm/public/amsfonts/cmextra;
+amsyb.mf;fonts/source/public/amsfonts/symbols;
+cmbsy9.afm;fonts/afm/public/amsfonts/cmextra;
+cmcsc9.afm;fonts/afm/public/amsfonts/cmextra;
+wncyi10.mf;fonts/source/public/amsfonts/cyrillic;
+cmex7.afm;fonts/afm/public/amsfonts/cmextra;
+xbbold.mf;fonts/source/public/amsfonts/symbols;
+wncysc10.pfb;fonts/type1/public/amsfonts/cyrillic;
+cmex8.afm;fonts/afm/public/amsfonts/cmextra;
+wncyi8.tfm;fonts/tfm/public/amsfonts/cyrillic;
+wncyss9.mf;fonts/source/public/amsfonts/cyrillic;
+cmex9.afm;fonts/afm/public/amsfonts/cmextra;
+msam5.pfm;fonts/type1/public/amsfonts/symbols;
+eurm7.pfb;fonts/type1/public/amsfonts/euler;
+cmmib8.afm;fonts/afm/public/amsfonts/cmextra;
+cmmib9.afm;fonts/afm/public/amsfonts/cmextra;
+msbm6.pfb;fonts/type1/public/amsfonts/symbols;
+wncyb10.afm;fonts/afm/public/amsfonts/cyrillic;
+eufm5.afm;fonts/afm/public/amsfonts/euler;
+wncyi10.afm;fonts/afm/public/amsfonts/cyrillic;
+cmbsy8.mf;fonts/source/public/amsfonts/cmextra;
+msbm9.pfm;fonts/type1/public/amsfonts/symbols;
+wncyr10.afm;fonts/afm/public/amsfonts/cyrillic;
+cmsl10.pfb;fonts/type1/public/amsfonts/cm;
+cmss17.pfb;fonts/type1/public/amsfonts/cm;
+wncysc10.afm;fonts/afm/public/amsfonts/cyrillic;
+wncyss10.afm;fonts/afm/public/amsfonts/cyrillic;
+eufb7.pfb;fonts/type1/public/amsfonts/euler;
+euex10.afm;fonts/afm/public/amsfonts/euler;
+wncyi6.mf;fonts/source/public/amsfonts/cyrillic;
+cmti12.pfb;fonts/type1/public/amsfonts/cm;
+euex7.afm;fonts/afm/public/amsfonts/euler;
+euex8.afm;fonts/afm/public/amsfonts/euler;
+cmmi8.pfm;fonts/type1/public/amsfonts/cm;
+cmbx7.pfb;fonts/type1/public/amsfonts/cm;
+euex9.afm;fonts/afm/public/amsfonts/euler;
+msbm7.pfb;fonts/type1/public/amsfonts/symbols;
+wncyi10.tfm;fonts/tfm/public/amsfonts/cyrillic;
+cmbsy10.pfb;fonts/type1/public/amsfonts/cm;
+eufb10.afm;fonts/afm/public/amsfonts/euler;
+eufb5.afm;fonts/afm/public/amsfonts/euler;
+eufb7.afm;fonts/afm/public/amsfonts/euler;
+wncyb10.pfb;fonts/type1/public/amsfonts/cyrillic;
+eufm10.afm;fonts/afm/public/amsfonts/euler;
+eufm7.afm;fonts/afm/public/amsfonts/euler;
+eurb10.afm;fonts/afm/public/amsfonts/euler;
+euex10.pfb;fonts/type1/public/amsfonts/euler;
+eurb5.afm;fonts/afm/public/amsfonts/euler;
+eurb7.afm;fonts/afm/public/amsfonts/euler;
+wncyr5.tfm;fonts/tfm/public/amsfonts/cyrillic;
+eurm10.afm;fonts/afm/public/amsfonts/euler;
+eurm5.afm;fonts/afm/public/amsfonts/euler;
+eurm7.afm;fonts/afm/public/amsfonts/euler;
+cmcsc8.tfm;fonts/tfm/public/amsfonts/cmextra;
+cmcsc9.pfb;fonts/type1/public/amsfonts/cmextra;
+euex7.tfm;fonts/tfm/public/amsfonts/euler;
+euscript.sty;tex/latex/amsfonts;
+eusb10.afm;fonts/afm/public/amsfonts/euler;
+eusb5.afm;fonts/afm/public/amsfonts/euler;
+lasy10.pfb;fonts/type1/public/amsfonts/latxfont;
+cmmib5.pfm;fonts/type1/public/amsfonts/cmextra;
+eusb7.afm;fonts/afm/public/amsfonts/euler;
+eusm10.afm;fonts/afm/public/amsfonts/euler;
+eusm5.afm;fonts/afm/public/amsfonts/euler;
+eusm7.afm;fonts/afm/public/amsfonts/euler;
+cmti7.pfm;fonts/type1/public/amsfonts/cm;
+cmr7.pfb;fonts/type1/public/amsfonts/cm;
+lasy10.afm;fonts/afm/public/amsfonts/latxfont;
+lasy5.afm;fonts/afm/public/amsfonts/latxfont;
+cmcsc8.mf;fonts/source/public/amsfonts/cmextra;
+lasy6.afm;fonts/afm/public/amsfonts/latxfont;
+lasy7.afm;fonts/afm/public/amsfonts/latxfont;
+wncyb6.tfm;fonts/tfm/public/amsfonts/cyrillic;
+lasy8.afm;fonts/afm/public/amsfonts/latxfont;
+cmr5.pfm;fonts/type1/public/amsfonts/cm;
+lasy9.afm;fonts/afm/public/amsfonts/latxfont;
+lasyb10.afm;fonts/afm/public/amsfonts/latxfont;
+lcirclew.afm;fonts/afm/public/amsfonts/latxfont;
+lcmss8.afm;fonts/afm/public/amsfonts/latxfont;
+xbbase.mf;fonts/source/public/amsfonts/symbols;
+cmsl10.pfm;fonts/type1/public/amsfonts/cm;
+cmss17.pfm;fonts/type1/public/amsfonts/cm;
+wncyi5.mf;fonts/source/public/amsfonts/cyrillic;
+lcmssb8.afm;fonts/afm/public/amsfonts/latxfont;
+cmbx6.pfb;fonts/type1/public/amsfonts/cm;
+line10.afm;fonts/afm/public/amsfonts/latxfont;
+linew10.afm;fonts/afm/public/amsfonts/latxfont;
+msam10.afm;fonts/afm/public/amsfonts/symbols;
+cmmib9.pfb;fonts/type1/public/amsfonts/cmextra;
+eufm5.pfb;fonts/type1/public/amsfonts/euler;
+msam5.afm;fonts/afm/public/amsfonts/symbols;
+msam6.afm;fonts/afm/public/amsfonts/symbols;
+msam7.afm;fonts/afm/public/amsfonts/symbols;
+msam8.afm;fonts/afm/public/amsfonts/symbols;
+eufm10.tfm;fonts/tfm/public/amsfonts/euler;
+msam9.afm;fonts/afm/public/amsfonts/symbols;
+msbm5.afm;fonts/afm/public/amsfonts/symbols;
+msbm6.afm;fonts/afm/public/amsfonts/symbols;
+msbm7.afm;fonts/afm/public/amsfonts/symbols;
+msbm8.afm;fonts/afm/public/amsfonts/symbols;
+msbm9.afm;fonts/afm/public/amsfonts/symbols;
+cm.map;fonts/map/dvips/amsfonts;
+cmextra.map;fonts/map/dvips/amsfonts;
+lasyb10.pfb;fonts/type1/public/amsfonts/latxfont;
+cyrillic.map;fonts/map/dvips/amsfonts;
+wncyr10.mf;fonts/source/public/amsfonts/cyrillic;
+euler.map;fonts/map/dvips/amsfonts;
+eusm7.pfm;fonts/type1/public/amsfonts/euler;
+wncyi7.tfm;fonts/tfm/public/amsfonts/cyrillic;
+cmex10.pfm;fonts/type1/public/amsfonts/cm;
+latxfont.map;fonts/map/dvips/amsfonts;
+msam5.tfm;fonts/tfm/public/amsfonts/symbols;
+lcmssi8.pfm;fonts/type1/public/amsfonts/latxfont;
+symbols.map;fonts/map/dvips/amsfonts;
+eufm10.pfb;fonts/type1/public/amsfonts/euler;
+cmbsy6.mf;fonts/source/public/amsfonts/cmextra;
+cmsl9.pfb;fonts/type1/public/amsfonts/cm;
+cmss12.pfm;fonts/type1/public/amsfonts/cm;
+cmbsy7.mf;fonts/source/public/amsfonts/cmextra;
+cyrmax.mf;fonts/source/public/amsfonts/cyrillic;
+cmbsy9.mf;fonts/source/public/amsfonts/cmextra;
+eurb10.tfm;fonts/tfm/public/amsfonts/euler;
+cmcsc9.mf;fonts/source/public/amsfonts/cmextra;
+cmex7.mf;fonts/source/public/amsfonts/cmextra;
+eufb7.pfm;fonts/type1/public/amsfonts/euler;
+cmti12.pfm;fonts/type1/public/amsfonts/cm;
+cmex9.mf;fonts/source/public/amsfonts/cmextra;
+cmmib5.mf;fonts/source/public/amsfonts/cmextra;
+cmmib6.mf;fonts/source/public/amsfonts/cmextra;
+cmmib9.mf;fonts/source/public/amsfonts/cmextra;
+cmex9.pfm;fonts/type1/public/amsfonts/cmextra;
+ueuex.fd;tex/latex/amsfonts;
+cyrcsc.mf;fonts/source/public/amsfonts/cyrillic;
+cyrilu.mf;fonts/source/public/amsfonts/cyrillic;
+cmr10.pfm;fonts/type1/public/amsfonts/cm;
+cyrital.mf;fonts/source/public/amsfonts/cyrillic;
+msbm7.pfm;fonts/type1/public/amsfonts/symbols;
+cmbsy10.pfm;fonts/type1/public/amsfonts/cm;
+cyrpunc.mf;fonts/source/public/amsfonts/cyrillic;
+msbm5.tfm;fonts/tfm/public/amsfonts/symbols;
+cyrti.mf;fonts/source/public/amsfonts/cyrillic;
+serb.mf;fonts/source/public/amsfonts/cyrillic;
+cmss10.pfm;fonts/type1/public/amsfonts/cm;
+serbspu.mf;fonts/source/public/amsfonts/cyrillic;
+wncyb10.mf;fonts/source/public/amsfonts/cyrillic;
+wncyb5.mf;fonts/source/public/amsfonts/cyrillic;
+wncyb6.mf;fonts/source/public/amsfonts/cyrillic;
+wncyb7.mf;fonts/source/public/amsfonts/cyrillic;
+cmbx8.pfb;fonts/type1/public/amsfonts/cm;
+wncyr9.tfm;fonts/tfm/public/amsfonts/cyrillic;
+cmbx10.pfb;fonts/type1/public/amsfonts/cm;
+wncyb8.mf;fonts/source/public/amsfonts/cyrillic;
+cmr5.pfb;fonts/type1/public/amsfonts/cm;
+wncyi7.mf;fonts/source/public/amsfonts/cyrillic;
+wncyi8.mf;fonts/source/public/amsfonts/cyrillic;
+cmtcsc10.pfm;fonts/type1/public/amsfonts/cm;
+wncyi9.mf;fonts/source/public/amsfonts/cyrillic;
+wncyr5.mf;fonts/source/public/amsfonts/cyrillic;
+eufm5.pfm;fonts/type1/public/amsfonts/euler;
+wncyr7.mf;fonts/source/public/amsfonts/cyrillic;
+wncyr8.mf;fonts/source/public/amsfonts/cyrillic;
+cmmib10.pfb;fonts/type1/public/amsfonts/cm;
+wncysc10.mf;fonts/source/public/amsfonts/cyrillic;
+wncyss10.mf;fonts/source/public/amsfonts/cyrillic;
+dummy.mf;fonts/source/public/amsfonts/dummy;
+eurm8.tfm;fonts/tfm/public/amsfonts/euler;
+asymbols.mf;fonts/source/public/amsfonts/symbols;
+cmti8.pfb;fonts/type1/public/amsfonts/cm;
+bsymbols.mf;fonts/source/public/amsfonts/symbols;
+eurb7.tfm;fonts/tfm/public/amsfonts/euler;
+msam10.mf;fonts/source/public/amsfonts/symbols;
+wncyi10.pfm;fonts/type1/public/amsfonts/cyrillic;
+msam5.mf;fonts/source/public/amsfonts/symbols;
+msam6.mf;fonts/source/public/amsfonts/symbols;
+wncyr7.tfm;fonts/tfm/public/amsfonts/cyrillic;
+msam7.mf;fonts/source/public/amsfonts/symbols;
+msam8.mf;fonts/source/public/amsfonts/symbols;
+lasy8.pfb;fonts/type1/public/amsfonts/latxfont;
+msam9.mf;fonts/source/public/amsfonts/symbols;
+euex8.pfb;fonts/type1/public/amsfonts/euler;
+msbm10.mf;fonts/source/public/amsfonts/symbols;
+msbm5.mf;fonts/source/public/amsfonts/symbols;
+msbm6.mf;fonts/source/public/amsfonts/symbols;
+msbm7.mf;fonts/source/public/amsfonts/symbols;
+msbm8.mf;fonts/source/public/amsfonts/symbols;
+xbcaps.mf;fonts/source/public/amsfonts/symbols;
+eusm7.tfm;fonts/tfm/public/amsfonts/euler;
+cmsl8.pfb;fonts/type1/public/amsfonts/cm;
+cmbsy5.tfm;fonts/tfm/public/amsfonts/cmextra;
+cmitt10.pfm;fonts/type1/public/amsfonts/cm;
+cmbsy6.tfm;fonts/tfm/public/amsfonts/cmextra;
+cmbsy7.tfm;fonts/tfm/public/amsfonts/cmextra;
+cmbsy8.tfm;fonts/tfm/public/amsfonts/cmextra;
+cmssi17.pfb;fonts/type1/public/amsfonts/cm;
+cmbsy9.tfm;fonts/tfm/public/amsfonts/cmextra;
+cmti9.pfb;fonts/type1/public/amsfonts/cm;
+cmcsc9.tfm;fonts/tfm/public/amsfonts/cmextra;
+cmex7.tfm;fonts/tfm/public/amsfonts/cmextra;
+cmex8.tfm;fonts/tfm/public/amsfonts/cmextra;
+cmmi7.pfm;fonts/type1/public/amsfonts/cm;
+lasy6.pfm;fonts/type1/public/amsfonts/latxfont;
+cmmib5.tfm;fonts/tfm/public/amsfonts/cmextra;
+wncysc10.tfm;fonts/tfm/public/amsfonts/cyrillic;
+cmmib7.tfm;fonts/tfm/public/amsfonts/cmextra;
+cmmib8.tfm;fonts/tfm/public/amsfonts/cmextra;
+wncyb10.pfm;fonts/type1/public/amsfonts/cyrillic;
+amssym.def;tex/plain/amsfonts;
+cmmib9.tfm;fonts/tfm/public/amsfonts/cmextra;
+lasy7.pfb;fonts/type1/public/amsfonts/latxfont;
+wncyb10.tfm;fonts/tfm/public/amsfonts/cyrillic;
+lasy8.pfm;fonts/type1/public/amsfonts/latxfont;
+wncyb5.tfm;fonts/tfm/public/amsfonts/cyrillic;
+wncyr10.tfm;fonts/tfm/public/amsfonts/cyrillic;
+cmmi10.pfm;fonts/type1/public/amsfonts/cm;
+wncyb7.tfm;fonts/tfm/public/amsfonts/cyrillic;
+wncyb8.tfm;fonts/tfm/public/amsfonts/cyrillic;
+wncyb9.tfm;fonts/tfm/public/amsfonts/cyrillic;
+msam7.tfm;fonts/tfm/public/amsfonts/symbols;
+wncyi5.tfm;fonts/tfm/public/amsfonts/cyrillic;
+wncyi9.tfm;fonts/tfm/public/amsfonts/cyrillic;
+wncyr6.tfm;fonts/tfm/public/amsfonts/cyrillic;
+wncyss10.tfm;fonts/tfm/public/amsfonts/cyrillic;
+wncyss8.tfm;fonts/tfm/public/amsfonts/cyrillic;
+wncyss9.tfm;fonts/tfm/public/amsfonts/cyrillic;
+dummy.tfm;fonts/tfm/public/amsfonts/dummy;
+eufm8.tfm;fonts/tfm/public/amsfonts/euler;
+euex10.tfm;fonts/tfm/public/amsfonts/euler;
+euex8.tfm;fonts/tfm/public/amsfonts/euler;
+cmsl12.pfm;fonts/type1/public/amsfonts/cm;
+cmbxsl10.pfm;fonts/type1/public/amsfonts/cm;
+cmr12.pfm;fonts/type1/public/amsfonts/cm;
+msam6.pfm;fonts/type1/public/amsfonts/symbols;
+euex9.tfm;fonts/tfm/public/amsfonts/euler;
+eurb5.pfm;fonts/type1/public/amsfonts/euler;
+eufb10.tfm;fonts/tfm/public/amsfonts/euler;
+cmr17.pfb;fonts/type1/public/amsfonts/cm;
+eufb6.tfm;fonts/tfm/public/amsfonts/euler;
+eufb7.tfm;fonts/tfm/public/amsfonts/euler;
+eufb8.tfm;fonts/tfm/public/amsfonts/euler;
+cmssi12.pfm;fonts/type1/public/amsfonts/cm;
+eufb9.tfm;fonts/tfm/public/amsfonts/euler;
+eufm5.tfm;fonts/tfm/public/amsfonts/euler;
+eufm6.tfm;fonts/tfm/public/amsfonts/euler;
+cmtt8.pfb;fonts/type1/public/amsfonts/cm;
+eufm9.tfm;fonts/tfm/public/amsfonts/euler;
+lasy10.pfm;fonts/type1/public/amsfonts/latxfont;
+cmmib5.pfb;fonts/type1/public/amsfonts/cmextra;
+eurb5.tfm;fonts/tfm/public/amsfonts/euler;
+eurb8.tfm;fonts/tfm/public/amsfonts/euler;
+eurb9.tfm;fonts/tfm/public/amsfonts/euler;
+cmsy9.pfb;fonts/type1/public/amsfonts/cm;
+cmtt12.pfm;fonts/type1/public/amsfonts/cm;
+eurm5.tfm;fonts/tfm/public/amsfonts/euler;
+eurm6.tfm;fonts/tfm/public/amsfonts/euler;
+eufm10.pfm;fonts/type1/public/amsfonts/euler;
+eurm7.tfm;fonts/tfm/public/amsfonts/euler;
+cmmi9.pfm;fonts/type1/public/amsfonts/cm;
+eurm9.tfm;fonts/tfm/public/amsfonts/euler;
+eusb5.tfm;fonts/tfm/public/amsfonts/euler;
+eusb6.tfm;fonts/tfm/public/amsfonts/euler;
+eusb7.tfm;fonts/tfm/public/amsfonts/euler;
+cmssbx10.pfb;fonts/type1/public/amsfonts/cm;
+eufb10.pfm;fonts/type1/public/amsfonts/euler;
+eusb8.tfm;fonts/tfm/public/amsfonts/euler;
+cmss8.pfm;fonts/type1/public/amsfonts/cm;
+cmfib8.pfm;fonts/type1/public/amsfonts/cm;
+eusb9.tfm;fonts/tfm/public/amsfonts/euler;
+eusm10.tfm;fonts/tfm/public/amsfonts/euler;
+eusm5.tfm;fonts/tfm/public/amsfonts/euler;
+eusm6.tfm;fonts/tfm/public/amsfonts/euler;
+cmcsc10.pfb;fonts/type1/public/amsfonts/cm;
+eusm8.tfm;fonts/tfm/public/amsfonts/euler;
+eusm9.tfm;fonts/tfm/public/amsfonts/euler;
+cmr9.pfb;fonts/type1/public/amsfonts/cm;
+cmsy6.pfm;fonts/type1/public/amsfonts/cm;
+msam10.tfm;fonts/tfm/public/amsfonts/symbols;
+msam6.tfm;fonts/tfm/public/amsfonts/symbols;
+msam9.tfm;fonts/tfm/public/amsfonts/symbols;
+msbm10.tfm;fonts/tfm/public/amsfonts/symbols;
+msbm7.tfm;fonts/tfm/public/amsfonts/symbols;
+msbm9.tfm;fonts/tfm/public/amsfonts/symbols;
+cmb10.pfb;fonts/type1/public/amsfonts/cm;
+cmb10.pfm;fonts/type1/public/amsfonts/cm;
+cmbx10.pfm;fonts/type1/public/amsfonts/cm;
+cmbx12.pfb;fonts/type1/public/amsfonts/cm;
+cmbx12.pfm;fonts/type1/public/amsfonts/cm;
+cmbx5.pfb;fonts/type1/public/amsfonts/cm;
+cmbx5.pfm;fonts/type1/public/amsfonts/cm;
+cmbx6.pfm;fonts/type1/public/amsfonts/cm;
+cmmi8.pfb;fonts/type1/public/amsfonts/cm;
+cmbx7.pfm;fonts/type1/public/amsfonts/cm;
+cmbx8.pfm;fonts/type1/public/amsfonts/cm;
+cmbx9.pfb;fonts/type1/public/amsfonts/cm;
+cmbx9.pfm;fonts/type1/public/amsfonts/cm;
+cmsl12.pfb;fonts/type1/public/amsfonts/cm;
+cmbxsl10.pfb;fonts/type1/public/amsfonts/cm;
+cmbxti10.pfm;fonts/type1/public/amsfonts/cm;
+cmcsc10.pfm;fonts/type1/public/amsfonts/cm;
+cmdunh10.pfb;fonts/type1/public/amsfonts/cm;
+cmdunh10.pfm;fonts/type1/public/amsfonts/cm;
+cmsy10.pfb;fonts/type1/public/amsfonts/cm;
+cmff10.pfb;fonts/type1/public/amsfonts/cm;
+cmsy10.pfm;fonts/type1/public/amsfonts/cm;
+cmff10.pfm;fonts/type1/public/amsfonts/cm;
+msam10.pfb;fonts/type1/public/amsfonts/symbols;
+cmfi10.pfb;fonts/type1/public/amsfonts/cm;
+msam10.pfm;fonts/type1/public/amsfonts/symbols;
+cmfi10.pfm;fonts/type1/public/amsfonts/cm;
+cmfib8.pfb;fonts/type1/public/amsfonts/cm;
+euex9.pfm;fonts/type1/public/amsfonts/euler;
+cminch.pfb;fonts/type1/public/amsfonts/cm;
+cmu10.pfb;fonts/type1/public/amsfonts/cm;
+euex9.pfb;fonts/type1/public/amsfonts/euler;
+cminch.pfm;fonts/type1/public/amsfonts/cm;
+cmu10.pfm;fonts/type1/public/amsfonts/cm;
+cmitt10.pfb;fonts/type1/public/amsfonts/cm;
+cmmi10.pfb;fonts/type1/public/amsfonts/cm;
+cmtt9.pfb;fonts/type1/public/amsfonts/cm;
+cmmi12.pfb;fonts/type1/public/amsfonts/cm;
+cmtt9.pfm;fonts/type1/public/amsfonts/cm;
+cmmi12.pfm;fonts/type1/public/amsfonts/cm;
+cmmi5.pfb;fonts/type1/public/amsfonts/cm;
+cmmi5.pfm;fonts/type1/public/amsfonts/cm;
+cmmi6.pfm;fonts/type1/public/amsfonts/cm;
+cmmi7.pfb;fonts/type1/public/amsfonts/cm;
+cmmib10.pfm;fonts/type1/public/amsfonts/cm;
+cmr10.pfb;fonts/type1/public/amsfonts/cm;
+cmr12.pfb;fonts/type1/public/amsfonts/cm;
+cmr17.pfm;fonts/type1/public/amsfonts/cm;
+cmr6.pfb;fonts/type1/public/amsfonts/cm;
+cmr8.pfb;fonts/type1/public/amsfonts/cm;
+cmr8.pfm;fonts/type1/public/amsfonts/cm;
+cmsl8.pfm;fonts/type1/public/amsfonts/cm;
+cmex8.pfm;fonts/type1/public/amsfonts/cmextra;
+cmsltt10.pfb;fonts/type1/public/amsfonts/cm;
+cmex8.pfb;fonts/type1/public/amsfonts/cmextra;
+cmsltt10.pfm;fonts/type1/public/amsfonts/cm;
+cmss10.pfb;fonts/type1/public/amsfonts/cm;
+cmssi10.pfb;fonts/type1/public/amsfonts/cm;
+cmssi10.pfm;fonts/type1/public/amsfonts/cm;
+cmssi12.pfb;fonts/type1/public/amsfonts/cm;
+cmssi17.pfm;fonts/type1/public/amsfonts/cm;
+cmssi8.pfb;fonts/type1/public/amsfonts/cm;
+cmssi8.pfm;fonts/type1/public/amsfonts/cm;
+cmssi9.pfb;fonts/type1/public/amsfonts/cm;
+wncyr10.pfb;fonts/type1/public/amsfonts/cyrillic;
+cmssq8.pfb;fonts/type1/public/amsfonts/cm;
+wncyr10.pfm;fonts/type1/public/amsfonts/cyrillic;
+cmssq8.pfm;fonts/type1/public/amsfonts/cm;
+cmssqi8.pfb;fonts/type1/public/amsfonts/cm;
+cmssqi8.pfm;fonts/type1/public/amsfonts/cm;
+eusm10.pfm;fonts/type1/public/amsfonts/euler;
+cmsy5.pfb;fonts/type1/public/amsfonts/cm;
+eusm10.pfb;fonts/type1/public/amsfonts/euler;
+cmsy5.pfm;fonts/type1/public/amsfonts/cm;
+cmsy7.pfb;fonts/type1/public/amsfonts/cm;
+cmsy7.pfm;fonts/type1/public/amsfonts/cm;
+cmsy8.pfb;fonts/type1/public/amsfonts/cm;
+cmsy8.pfm;fonts/type1/public/amsfonts/cm;
+cmsy9.pfm;fonts/type1/public/amsfonts/cm;
+cmtex10.pfb;fonts/type1/public/amsfonts/cm;
+cmtex10.pfm;fonts/type1/public/amsfonts/cm;
+eufb5.pfb;fonts/type1/public/amsfonts/euler;
+ueur.fd;tex/latex/amsfonts;
+cmtex8.pfm;fonts/type1/public/amsfonts/cm;
+cmti10.pfb;fonts/type1/public/amsfonts/cm;
+cmtex9.pfb;fonts/type1/public/amsfonts/cm;
+cmtt10.pfm;fonts/type1/public/amsfonts/cm;
+cmtex9.pfm;fonts/type1/public/amsfonts/cm;
+cmtt10.pfb;fonts/type1/public/amsfonts/cm;
+cmti8.pfm;fonts/type1/public/amsfonts/cm;
+cmti9.pfm;fonts/type1/public/amsfonts/cm;
+cmtt8.pfm;fonts/type1/public/amsfonts/cm;
+cmvtt10.pfb;fonts/type1/public/amsfonts/cm;
+wncyss10.pfb;fonts/type1/public/amsfonts/cyrillic;
+cmvtt10.pfm;fonts/type1/public/amsfonts/cm;
+wncyss10.pfm;fonts/type1/public/amsfonts/cyrillic;
+cmbsy5.pfb;fonts/type1/public/amsfonts/cmextra;
+cmbsy6.pfb;fonts/type1/public/amsfonts/cmextra;
+eucal.sty;tex/latex/amsfonts;
+cmbsy6.pfm;fonts/type1/public/amsfonts/cmextra;
+cmbsy7.pfm;fonts/type1/public/amsfonts/cmextra;
+cmbsy8.pfb;fonts/type1/public/amsfonts/cmextra;
+cmcsc8.pfb;fonts/type1/public/amsfonts/cmextra;
+cmex7.pfm;fonts/type1/public/amsfonts/cmextra;
+cmex9.pfb;fonts/type1/public/amsfonts/cmextra;
+cmmib7.pfb;fonts/type1/public/amsfonts/cmextra;
+cmmib7.pfm;fonts/type1/public/amsfonts/cmextra;
+cmmib8.pfb;fonts/type1/public/amsfonts/cmextra;
+cmmib8.pfm;fonts/type1/public/amsfonts/cmextra;
+amsfonts.tpm;tpm/packages;
+cmmib9.pfm;fonts/type1/public/amsfonts/cmextra;
+wncyi10.pfb;fonts/type1/public/amsfonts/cyrillic;
+wncysc10.pfm;fonts/type1/public/amsfonts/cyrillic;
+euex10.pfm;fonts/type1/public/amsfonts/euler;
+euex7.pfb;fonts/type1/public/amsfonts/euler;
+euex7.pfm;fonts/type1/public/amsfonts/euler;
+eufm7.pfb;fonts/type1/public/amsfonts/euler;
+eufm7.pfm;fonts/type1/public/amsfonts/euler;
+eurb10.pfb;fonts/type1/public/amsfonts/euler;
+eurb10.pfm;fonts/type1/public/amsfonts/euler;
+eurb5.pfb;fonts/type1/public/amsfonts/euler;
+eurb7.pfb;fonts/type1/public/amsfonts/euler;
+eurb7.pfm;fonts/type1/public/amsfonts/euler;
+eurm5.pfb;fonts/type1/public/amsfonts/euler;
+eurm10.pfb;fonts/type1/public/amsfonts/euler;
+eurm5.pfm;fonts/type1/public/amsfonts/euler;
+eurm10.pfm;fonts/type1/public/amsfonts/euler;
+msam5.pfb;fonts/type1/public/amsfonts/symbols;
+eurm7.pfm;fonts/type1/public/amsfonts/euler;
+eusb10.pfb;fonts/type1/public/amsfonts/euler;
+eusb10.pfm;fonts/type1/public/amsfonts/euler;
+amssymb.sty;tex/latex/amsfonts;
+eusb5.pfb;fonts/type1/public/amsfonts/euler;
+eusb5.pfm;fonts/type1/public/amsfonts/euler;
+eusb7.pfb;fonts/type1/public/amsfonts/euler;
+eusb7.pfm;fonts/type1/public/amsfonts/euler;
+eusm5.pfm;fonts/type1/public/amsfonts/euler;
+lasy5.pfb;fonts/type1/public/amsfonts/latxfont;
+lasy5.pfm;fonts/type1/public/amsfonts/latxfont;
+lasy6.pfb;fonts/type1/public/amsfonts/latxfont;
+lasy7.pfm;fonts/type1/public/amsfonts/latxfont;
+lasy9.pfb;fonts/type1/public/amsfonts/latxfont;
+lasy9.pfm;fonts/type1/public/amsfonts/latxfont;
+lasyb10.pfm;fonts/type1/public/amsfonts/latxfont;
+lcircle1.pfb;fonts/type1/public/amsfonts/latxfont;
+lcircle1.pfm;fonts/type1/public/amsfonts/latxfont;
+lcirclew.pfb;fonts/type1/public/amsfonts/latxfont;
+lcirclew.pfm;fonts/type1/public/amsfonts/latxfont;
+lcmss8.pfm;fonts/type1/public/amsfonts/latxfont;
+lcmssb8.pfb;fonts/type1/public/amsfonts/latxfont;
+lcmssb8.pfm;fonts/type1/public/amsfonts/latxfont;
+lcmssi8.pfb;fonts/type1/public/amsfonts/latxfont;
+line10.pfb;fonts/type1/public/amsfonts/latxfont;
+line10.pfm;fonts/type1/public/amsfonts/latxfont;
+linew10.pfb;fonts/type1/public/amsfonts/latxfont;
+msam6.pfb;fonts/type1/public/amsfonts/symbols;
+msam7.pfb;fonts/type1/public/amsfonts/symbols;
+msam7.pfm;fonts/type1/public/amsfonts/symbols;
+msam8.pfb;fonts/type1/public/amsfonts/symbols;
+msam8.pfm;fonts/type1/public/amsfonts/symbols;
+msam9.pfb;fonts/type1/public/amsfonts/symbols;
+msam9.pfm;fonts/type1/public/amsfonts/symbols;
+msbm10.pfb;fonts/type1/public/amsfonts/symbols;
+msbm10.pfm;fonts/type1/public/amsfonts/symbols;
+msbm5.pfm;fonts/type1/public/amsfonts/symbols;
+msbm6.pfm;fonts/type1/public/amsfonts/symbols;
+msbm8.pfb;fonts/type1/public/amsfonts/symbols;
+msbm8.pfm;fonts/type1/public/amsfonts/symbols;
+msbm9.pfb;fonts/type1/public/amsfonts/symbols;
+amsfonts.sty;tex/latex/amsfonts;
+cmmib57.sty;tex/latex/amsfonts;
+eufrak.sty;tex/latex/amsfonts;
+ueuf.fd;tex/latex/amsfonts;
+ueus.fd;tex/latex/amsfonts;
+umsa.fd;tex/latex/amsfonts;
+umsb.fd;tex/latex/amsfonts;
+amssym.tex;tex/plain/amsfonts;
+cyracc.def;tex/plain/amsfonts;
+README.md;doc/latex/graphics-cfg;
+color.cfg;tex/latex/graphics-cfg;
+graphics.cfg;tex/latex/graphics-cfg;
+graphics-cfg.tpm;tpm/packages;
+graphics-def.tpm;tpm/packages;
+xetex.def;tex/latex/graphics-def;
+pdftex.def;tex/latex/graphics-def;
+dvipdfmx.def;tex/latex/graphics-def;
+dvips.def;tex/latex/graphics-def;
+luatex.def;tex/latex/graphics-def;
+dvisvgm.def;tex/latex/graphics-def;
+booktabs.pdf;doc/latex/booktabs;
+README;doc/latex/booktabs;
+booktabs-src.tar.xz;source;
+booktabs.sty;tex/latex/booktabs;
+booktabs.tpm;tpm/packages;
+enumitem.tpm;tpm/packages;
+enumitem.sty;tex/latex/enumitem;
+kvsetkeys.sty;tex/latex/kvsetkeys;
+kvsetkeys.tpm;tpm/packages;
+kvdefinekeys.pdf;doc/latex/kvdefinekeys;
+README.md;doc/latex/kvdefinekeys;
+kvdefinekeys-src.tar.xz;source;
+kvdefinekeys.sty;tex/generic/kvdefinekeys;
+kvdefinekeys.tpm;tpm/packages;
+pdfescape.pdf;doc/latex/pdfescape;
+README.md;doc/latex/pdfescape;
+pdfescape-src.tar.xz;source;
+pdfescape.sty;tex/generic/pdfescape;
+pdfescape.tpm;tpm/packages;
+ltxcmds.tpm;tpm/packages;
+ltxcmds.sty;tex/generic/ltxcmds;
+pdftexcmds.lua;tex/generic/pdftexcmds;
+pdftexcmds.sty;tex/generic/pdftexcmds;
+pdftexcmds.tpm;tpm/packages;
+infwarerr.pdf;doc/latex/infwarerr;
+README.md;doc/latex/infwarerr;
+infwarerr-src.tar.xz;source;
+infwarerr.sty;tex/generic/infwarerr;
+infwarerr.tpm;tpm/packages;
+hycolor.pdf;doc/latex/hycolor;
+README.md;doc/latex/hycolor;
+hycolor-src.tar.xz;source;
+hycolor.sty;tex/latex/hycolor;
+xcolor-patch.sty;tex/latex/hycolor;
+hycolor.tpm;tpm/packages;
+README.md;doc/latex/refcount;
+refcount.pdf;doc/latex/refcount;
+refcount-src.tar.xz;source;
+refcount.sty;tex/latex/refcount;
+refcount.tpm;tpm/packages;
+gettitlestring.pdf;doc/latex/gettitlestring;
+README.md;doc/latex/gettitlestring;
+gettitlestring-src.tar.xz;source;
+gettitlestring.sty;tex/generic/gettitlestring;
+gettitlestring.tpm;tpm/packages;
+example-mycolorsetup.sty;tex/latex/kvoptions;
+kvoptions-patch.sty;tex/latex/kvoptions;
+kvoptions.sty;tex/latex/kvoptions;
+kvoptions.tpm;tpm/packages;
+etoolbox.tpm;tpm/packages;
+etoolbox.sty;tex/latex/etoolbox;
+etoolbox.def;tex/latex/etoolbox;
+README.md;doc/latex/stringenc;
+stringenc.pdf;doc/latex/stringenc;
+stringenc-src.tar.xz;source;
+se-ascii-print.def;tex/generic/stringenc;
+se-ascii.def;tex/generic/stringenc;
+se-clean7bit.def;tex/generic/stringenc;
+se-cp1250.def;tex/generic/stringenc;
+se-cp1251.def;tex/generic/stringenc;
+se-cp1252.def;tex/generic/stringenc;
+se-cp1257.def;tex/generic/stringenc;
+se-cp437.def;tex/generic/stringenc;
+se-cp850.def;tex/generic/stringenc;
+se-cp852.def;tex/generic/stringenc;
+se-cp855.def;tex/generic/stringenc;
+se-cp858.def;tex/generic/stringenc;
+se-cp865.def;tex/generic/stringenc;
+se-cp866.def;tex/generic/stringenc;
+se-dec-mcs.def;tex/generic/stringenc;
+se-iso-8859-1.def;tex/generic/stringenc;
+se-iso-8859-10.def;tex/generic/stringenc;
+se-iso-8859-11.def;tex/generic/stringenc;
+se-iso-8859-13.def;tex/generic/stringenc;
+se-iso-8859-14.def;tex/generic/stringenc;
+se-iso-8859-15.def;tex/generic/stringenc;
+se-iso-8859-16.def;tex/generic/stringenc;
+se-iso-8859-2.def;tex/generic/stringenc;
+se-iso-8859-3.def;tex/generic/stringenc;
+se-iso-8859-4.def;tex/generic/stringenc;
+se-iso-8859-5.def;tex/generic/stringenc;
+se-utf16le.def;tex/generic/stringenc;
+se-iso-8859-6.def;tex/generic/stringenc;
+se-iso-8859-7.def;tex/generic/stringenc;
+se-iso-8859-8.def;tex/generic/stringenc;
+se-iso-8859-9.def;tex/generic/stringenc;
+se-koi8-r.def;tex/generic/stringenc;
+se-mac-centeuro.def;tex/generic/stringenc;
+se-mac-cyrillic.def;tex/generic/stringenc;
+se-mac-roman.def;tex/generic/stringenc;
+se-nextstep.def;tex/generic/stringenc;
+se-pdfdoc.def;tex/generic/stringenc;
+se-utf32be.def;tex/generic/stringenc;
+se-utf32le.def;tex/generic/stringenc;
+se-utf8.def;tex/generic/stringenc;
+stringenc.sty;tex/generic/stringenc;
+stringenc.tpm;tpm/packages;
+intcalc.pdf;doc/latex/intcalc;
+README.md;doc/latex/intcalc;
+intcalc-src.tar.xz;source;
+intcalc.sty;tex/generic/intcalc;
+intcalc.tpm;tpm/packages;
+miscdoc.sty;tex/latex/url;
+url.sty;tex/latex/url;
+url.tpm;tpm/packages;
+config.uzd;dvips/zapfding;
+pzdr.afm;fonts/afm/adobe/zapfding;
+uzdr.afm;fonts/afm/urw/zapfding;
+uzd.map;fonts/map/dvips/zapfding;
+pzdr.tfm;fonts/tfm/adobe/zapfding;
+rpzdr.tfm;fonts/tfm/cspsfonts-adobe/zapfding;
+uzdr.tfm;fonts/tfm/urw35vf/zapfding;
+uzdr.pfb;fonts/type1/urw/zapfding;
+uzdr.pfm;fonts/type1/urw/zapfding;
+uuzd.fd;tex/latex/zapfding;
+zapfding.tpm;tpm/packages;
+bitset.pdf;doc/latex/bitset;
+README.md;doc/latex/bitset;
+bitset-src.tar.xz;source;
+bitset.sty;tex/generic/bitset;
+bitset.tpm;tpm/packages;
+bigintcalc.pdf;doc/latex/bigintcalc;
+README.md;doc/latex/bigintcalc;
+bigintcalc-src.tar.xz;source;
+bigintcalc.sty;tex/generic/bigintcalc;
+bigintcalc.tpm;tpm/packages;
+rerunfilecheck.tpm;tpm/packages;
+rerunfilecheck.sty;tex/latex/rerunfilecheck;
+README.md;doc/latex/uniquecounter;
+uniquecounter-example.tex;doc/latex/uniquecounter;
+uniquecounter.pdf;doc/latex/uniquecounter;
+uniquecounter-src.tar.xz;source;
+uniquecounter.sty;tex/generic/uniquecounter;
+uniquecounter.tpm;tpm/packages;
+fancyhdr.tpm;tpm/packages;
+extramarks.sty;tex/latex/fancyhdr;
+fancyheadings.sty;tex/latex/fancyhdr;
+extramarks-v4.sty;tex/latex/fancyhdr;
+fancyhdr.sty;tex/latex/fancyhdr;
+xcolor.pro;dvips/xcolor;
+xcolor.tpm;tpm/packages;
+xcolor.sty;tex/latex/xcolor;
+x11nam.def;tex/latex/xcolor;
+svgnam.def;tex/latex/xcolor;
+xcolor-2022-06-12.sty;tex/latex/xcolor;
+setspace.tpm;tpm/packages;
+setspace.sty;tex/latex/setspace;
+dvipdfmx-unsafe.cfg;dvipdfm/config;
+dvipdfmx.win.cfg;dvipdfmx/config;
+dvipdfmx.cfg.template;dvipdfm/config;
+dvipdfmx.unx.cfg;dvipdfm/config;
+dvipdfmx.cfg.template;dvipdfmx/config;
+dvipdfmx.win.cfg;dvipdfm/config;
+dvipdfmx-unsafe.cfg;dvipdfmx/config;
+dvipdfmx.unx.cfg;dvipdfmx/config;
+miktex-dvipdfmx.tpm;tpm/packages;
+EUC-UCS2;fonts/cmap/dvipdfmx;
+UTF8-UCS2;fonts/cmap/dvipdfmx;
+cid-x.map;fonts/map/dvipdfmx;
+ckx.map;fonts/map/dvipdfmx;
+dvipdfmx.tpm;tpm/packages;
+glyphlist.txt;fonts/map/glyphlist;
+pdfglyphlist.txt;fonts/map/glyphlist;
+texglyphlist.txt;fonts/map/glyphlist;
+glyphlist.tpm;tpm/packages;
