2026-03-27 09:43:59,035+0800 INFO  miktex - this is One MiKTeX Utility 1.11 (MiKTeX 25.4)
2026-03-27 09:43:59,035+0800 INFO  miktex - this process (40004) started by miktex-fc-cache in directory C:\Users\Lenovo\patents\7_SASPH-6G_Slice-Adaptive_Split-PQC_Handshake with command line: miktex fontmaps configure
2026-03-27 09:43:59,036+0800 INFO  miktex - Parsing configuration file C:\Users\Lenovo\patents\7_SASPH-6G_Slice-Adaptive_Split-PQC_Handshake\.miktex-local\install\miktex/config\updmap.cfg...
2026-03-27 09:43:59,133+0800 INFO  miktex - Writing C:\Users\Lenovo\patents\7_SASPH-6G_Slice-Adaptive_Split-PQC_Handshake\.miktex-local\data\fonts\map\dvipdfmx\kanjix.map...
2026-03-27 09:43:59,134+0800 INFO  miktex - Writing C:\Users\Lenovo\patents\7_SASPH-6G_Slice-Adaptive_Split-PQC_Handshake\.miktex-local\data\fonts\map\dvips\builtin35.map...
2026-03-27 09:43:59,136+0800 INFO  miktex - Writing C:\Users\Lenovo\patents\7_SASPH-6G_Slice-Adaptive_Split-PQC_Handshake\.miktex-local\data\fonts\map\dvips\download35.map...
2026-03-27 09:43:59,138+0800 INFO  miktex - Writing C:\Users\Lenovo\patents\7_SASPH-6G_Slice-Adaptive_Split-PQC_Handshake\.miktex-local\data\fonts\map\dvips\ps2pk.map...
2026-03-27 09:43:59,140+0800 INFO  miktex - Writing C:\Users\Lenovo\patents\7_SASPH-6G_Slice-Adaptive_Split-PQC_Handshake\.miktex-local\data\fonts\map\dvips\psfonts_pk.map...
2026-03-27 09:43:59,143+0800 INFO  miktex - Writing C:\Users\Lenovo\patents\7_SASPH-6G_Slice-Adaptive_Split-PQC_Handshake\.miktex-local\data\fonts\map\dvips\psfonts_t1.map...
2026-03-27 09:43:59,146+0800 INFO  miktex - Writing C:\Users\Lenovo\patents\7_SASPH-6G_Slice-Adaptive_Split-PQC_Handshake\.miktex-local\data\fonts\map\pdftex\pdftex_dl14.map...
2026-03-27 09:43:59,148+0800 INFO  miktex - Writing C:\Users\Lenovo\patents\7_SASPH-6G_Slice-Adaptive_Split-PQC_Handshake\.miktex-local\data\fonts\map\pdftex\pdftex_ndl14.map...
2026-03-27 09:43:59,151+0800 INFO  miktex - Copying C:\Users\Lenovo\patents\7_SASPH-6G_Slice-Adaptive_Split-PQC_Handshake\.miktex-local\data\fonts\map\dvips\psfonts_t1.map
2026-03-27 09:43:59,151+0800 INFO  miktex -      to C:\Users\Lenovo\patents\7_SASPH-6G_Slice-Adaptive_Split-PQC_Handshake\.miktex-local\data\fonts\map\dvips\psfonts.map...
2026-03-27 09:43:59,153+0800 INFO  miktex - Copying C:\Users\Lenovo\patents\7_SASPH-6G_Slice-Adaptive_Split-PQC_Handshake\.miktex-local\data\fonts\map\pdftex\pdftex_dl14.map
2026-03-27 09:43:59,153+0800 INFO  miktex -      to C:\Users\Lenovo\patents\7_SASPH-6G_Slice-Adaptive_Split-PQC_Handshake\.miktex-local\data\fonts\map\pdftex\pdftex.map...
2026-03-27 09:43:59,160+0800 INFO  miktex - running: miktex-fc-cache --miktex-disable-maintenance --miktex-disable-diagnose
2026-03-27 09:43:59,160+0800 INFO  miktex.core - start process: miktex-fc-cache --miktex-disable-maintenance --miktex-disable-diagnose
2026-03-27 09:44:01,717+0800 INFO  miktex - miktex-fc-cache: security risk: running with elevated privileges
2026-03-27 09:44:01,722+0800 WARN  miktex.core - still open: C:\Users\Lenovo\patents\7_SASPH-6G_Slice-Adaptive_Split-PQC_Handshake\.miktex-local\config\fontconfig\config\fonts.conf
2026-03-27 09:44:01,722+0800 WARN  miktex.core - still open: C:\Users\Lenovo\patents\7_SASPH-6G_Slice-Adaptive_Split-PQC_Handshake\.miktex-local\install\fontconfig/config\fonts.conf.in
2026-03-27 09:44:01,722+0800 INFO  miktex - this process (40004) finishes with exit code 0
2026-03-27 09:44:02,228+0800 INFO  miktex - this is One MiKTeX Utility 1.11 (MiKTeX 25.4)
2026-03-27 09:44:02,228+0800 INFO  miktex - this process (31484) started by xelatex in directory C:\Users\Lenovo\patents\7_SASPH-6G_Slice-Adaptive_Split-PQC_Handshake with command line: miktex --enable-installer formats build xelatex --engine xetex
2026-03-27 09:44:02,230+0800 INFO  miktex - Building format 'xelatex' with engine 'xetex'...
2026-03-27 09:44:02,232+0800 INFO  miktex.core - start process: miktex-makefmt.exe --engine=xetex --dest-name=xelatex --no-dump xelatex.ini --enable-installer --miktex-disable-maintenance --miktex-disable-diagnose
2026-03-27 09:44:07,103+0800 INFO  miktex - this is One MiKTeX Utility 1.11 (MiKTeX 25.4)
2026-03-27 09:44:07,103+0800 INFO  miktex - this process (34144) started by miktex-makefmt in directory C:\Users\Lenovo\patents\7_SASPH-6G_Slice-Adaptive_Split-PQC_Handshake with command line: miktex fontmaps configure
2026-03-27 09:44:07,103+0800 INFO  miktex - Parsing configuration file C:\Users\Lenovo\patents\7_SASPH-6G_Slice-Adaptive_Split-PQC_Handshake\.miktex-local\install\miktex/config\updmap.cfg...
2026-03-27 09:44:07,213+0800 INFO  miktex - Writing C:\Users\Lenovo\patents\7_SASPH-6G_Slice-Adaptive_Split-PQC_Handshake\.miktex-local\data\fonts\map\dvipdfmx\kanjix.map...
2026-03-27 09:44:07,214+0800 INFO  miktex - Writing C:\Users\Lenovo\patents\7_SASPH-6G_Slice-Adaptive_Split-PQC_Handshake\.miktex-local\data\fonts\map\dvips\builtin35.map...
2026-03-27 09:44:07,216+0800 INFO  miktex - Writing C:\Users\Lenovo\patents\7_SASPH-6G_Slice-Adaptive_Split-PQC_Handshake\.miktex-local\data\fonts\map\dvips\download35.map...
2026-03-27 09:44:07,218+0800 INFO  miktex - Writing C:\Users\Lenovo\patents\7_SASPH-6G_Slice-Adaptive_Split-PQC_Handshake\.miktex-local\data\fonts\map\dvips\ps2pk.map...
2026-03-27 09:44:07,220+0800 INFO  miktex - Writing C:\Users\Lenovo\patents\7_SASPH-6G_Slice-Adaptive_Split-PQC_Handshake\.miktex-local\data\fonts\map\dvips\psfonts_pk.map...
2026-03-27 09:44:07,223+0800 INFO  miktex - Writing C:\Users\Lenovo\patents\7_SASPH-6G_Slice-Adaptive_Split-PQC_Handshake\.miktex-local\data\fonts\map\dvips\psfonts_t1.map...
2026-03-27 09:44:07,225+0800 INFO  miktex - Writing C:\Users\Lenovo\patents\7_SASPH-6G_Slice-Adaptive_Split-PQC_Handshake\.miktex-local\data\fonts\map\pdftex\pdftex_dl14.map...
2026-03-27 09:44:07,228+0800 INFO  miktex - Writing C:\Users\Lenovo\patents\7_SASPH-6G_Slice-Adaptive_Split-PQC_Handshake\.miktex-local\data\fonts\map\pdftex\pdftex_ndl14.map...
2026-03-27 09:44:07,230+0800 INFO  miktex - Copying C:\Users\Lenovo\patents\7_SASPH-6G_Slice-Adaptive_Split-PQC_Handshake\.miktex-local\data\fonts\map\dvips\psfonts_t1.map
2026-03-27 09:44:07,230+0800 INFO  miktex -      to C:\Users\Lenovo\patents\7_SASPH-6G_Slice-Adaptive_Split-PQC_Handshake\.miktex-local\data\fonts\map\dvips\psfonts.map...
2026-03-27 09:44:07,232+0800 INFO  miktex - Copying C:\Users\Lenovo\patents\7_SASPH-6G_Slice-Adaptive_Split-PQC_Handshake\.miktex-local\data\fonts\map\pdftex\pdftex_dl14.map
2026-03-27 09:44:07,232+0800 INFO  miktex -      to C:\Users\Lenovo\patents\7_SASPH-6G_Slice-Adaptive_Split-PQC_Handshake\.miktex-local\data\fonts\map\pdftex\pdftex.map...
2026-03-27 09:44:07,241+0800 INFO  miktex - running: miktex-fc-cache --miktex-disable-maintenance --miktex-disable-diagnose
2026-03-27 09:44:07,241+0800 INFO  miktex.core - start process: miktex-fc-cache --miktex-disable-maintenance --miktex-disable-diagnose
2026-03-27 09:44:07,635+0800 INFO  miktex - miktex-fc-cache: security risk: running with elevated privileges
2026-03-27 09:44:07,640+0800 WARN  miktex.core - still open: C:\Users\Lenovo\patents\7_SASPH-6G_Slice-Adaptive_Split-PQC_Handshake\.miktex-local\install\fontconfig/config\fonts.conf.in
2026-03-27 09:44:07,640+0800 WARN  miktex.core - still open: C:\Users\Lenovo\patents\7_SASPH-6G_Slice-Adaptive_Split-PQC_Handshake\.miktex-local\config\fontconfig\config\fonts.conf
2026-03-27 09:44:07,640+0800 INFO  miktex - this process (34144) finishes with exit code 0
2026-03-27 09:44:13,611+0800 INFO  miktex - this is One MiKTeX Utility 1.11 (MiKTeX 25.4)
2026-03-27 09:44:13,611+0800 INFO  miktex - this process (36632) started by miktex-xetex in directory C:\Users\Lenovo\patents\7_SASPH-6G_Slice-Adaptive_Split-PQC_Handshake\.miktex-local\temp\mik81599 with command line: miktex fontmaps configure
2026-03-27 09:44:13,612+0800 INFO  miktex - Parsing configuration file C:\Users\Lenovo\patents\7_SASPH-6G_Slice-Adaptive_Split-PQC_Handshake\.miktex-local\install\miktex/config\updmap.cfg...
2026-03-27 09:44:13,814+0800 INFO  miktex - Writing C:\Users\Lenovo\patents\7_SASPH-6G_Slice-Adaptive_Split-PQC_Handshake\.miktex-local\data\fonts\map\dvipdfmx\kanjix.map...
2026-03-27 09:44:13,815+0800 INFO  miktex - Writing C:\Users\Lenovo\patents\7_SASPH-6G_Slice-Adaptive_Split-PQC_Handshake\.miktex-local\data\fonts\map\dvips\builtin35.map...
2026-03-27 09:44:13,817+0800 INFO  miktex - Writing C:\Users\Lenovo\patents\7_SASPH-6G_Slice-Adaptive_Split-PQC_Handshake\.miktex-local\data\fonts\map\dvips\download35.map...
2026-03-27 09:44:13,820+0800 INFO  miktex - Writing C:\Users\Lenovo\patents\7_SASPH-6G_Slice-Adaptive_Split-PQC_Handshake\.miktex-local\data\fonts\map\dvips\ps2pk.map...
2026-03-27 09:44:13,823+0800 INFO  miktex - Writing C:\Users\Lenovo\patents\7_SASPH-6G_Slice-Adaptive_Split-PQC_Handshake\.miktex-local\data\fonts\map\dvips\psfonts_pk.map...
2026-03-27 09:44:13,825+0800 INFO  miktex - Writing C:\Users\Lenovo\patents\7_SASPH-6G_Slice-Adaptive_Split-PQC_Handshake\.miktex-local\data\fonts\map\dvips\psfonts_t1.map...
2026-03-27 09:44:13,829+0800 INFO  miktex - Writing C:\Users\Lenovo\patents\7_SASPH-6G_Slice-Adaptive_Split-PQC_Handshake\.miktex-local\data\fonts\map\pdftex\pdftex_dl14.map...
2026-03-27 09:44:13,832+0800 INFO  miktex - Writing C:\Users\Lenovo\patents\7_SASPH-6G_Slice-Adaptive_Split-PQC_Handshake\.miktex-local\data\fonts\map\pdftex\pdftex_ndl14.map...
2026-03-27 09:44:13,837+0800 INFO  miktex - Copying C:\Users\Lenovo\patents\7_SASPH-6G_Slice-Adaptive_Split-PQC_Handshake\.miktex-local\data\fonts\map\dvips\psfonts_t1.map
2026-03-27 09:44:13,838+0800 INFO  miktex -      to C:\Users\Lenovo\patents\7_SASPH-6G_Slice-Adaptive_Split-PQC_Handshake\.miktex-local\data\fonts\map\dvips\psfonts.map...
2026-03-27 09:44:13,840+0800 INFO  miktex - Copying C:\Users\Lenovo\patents\7_SASPH-6G_Slice-Adaptive_Split-PQC_Handshake\.miktex-local\data\fonts\map\pdftex\pdftex_dl14.map
2026-03-27 09:44:13,840+0800 INFO  miktex -      to C:\Users\Lenovo\patents\7_SASPH-6G_Slice-Adaptive_Split-PQC_Handshake\.miktex-local\data\fonts\map\pdftex\pdftex.map...
2026-03-27 09:44:13,850+0800 INFO  miktex - running: miktex-fc-cache --miktex-disable-maintenance --miktex-disable-diagnose
2026-03-27 09:44:13,851+0800 INFO  miktex.core - start process: miktex-fc-cache --miktex-disable-maintenance --miktex-disable-diagnose
2026-03-27 09:44:14,226+0800 INFO  miktex - miktex-fc-cache: security risk: running with elevated privileges
2026-03-27 09:44:14,229+0800 WARN  miktex.core - still open: C:\Users\Lenovo\patents\7_SASPH-6G_Slice-Adaptive_Split-PQC_Handshake\.miktex-local\install\fontconfig/config\fonts.conf.in
2026-03-27 09:44:14,229+0800 WARN  miktex.core - still open: C:\Users\Lenovo\patents\7_SASPH-6G_Slice-Adaptive_Split-PQC_Handshake\.miktex-local\config\fontconfig\config\fonts.conf
2026-03-27 09:44:14,229+0800 INFO  miktex - this process (36632) finishes with exit code 0
2026-03-27 09:44:16,976+0800 INFO  miktex - this is One MiKTeX Utility 1.11 (MiKTeX 25.4)
2026-03-27 09:44:16,976+0800 INFO  miktex - this process (40128) started by miktex-xetex in directory C:\Users\Lenovo\patents\7_SASPH-6G_Slice-Adaptive_Split-PQC_Handshake\.miktex-local\temp\mik81599 with command line: miktex fontmaps configure
2026-03-27 09:44:16,977+0800 INFO  miktex - Parsing configuration file C:\Users\Lenovo\patents\7_SASPH-6G_Slice-Adaptive_Split-PQC_Handshake\.miktex-local\install\miktex/config\updmap.cfg...
2026-03-27 09:44:17,116+0800 INFO  miktex - Writing C:\Users\Lenovo\patents\7_SASPH-6G_Slice-Adaptive_Split-PQC_Handshake\.miktex-local\data\fonts\map\dvipdfmx\kanjix.map...
2026-03-27 09:44:17,116+0800 INFO  miktex - Writing C:\Users\Lenovo\patents\7_SASPH-6G_Slice-Adaptive_Split-PQC_Handshake\.miktex-local\data\fonts\map\dvips\builtin35.map...
2026-03-27 09:44:17,118+0800 INFO  miktex - Writing C:\Users\Lenovo\patents\7_SASPH-6G_Slice-Adaptive_Split-PQC_Handshake\.miktex-local\data\fonts\map\dvips\download35.map...
2026-03-27 09:44:17,120+0800 INFO  miktex - Writing C:\Users\Lenovo\patents\7_SASPH-6G_Slice-Adaptive_Split-PQC_Handshake\.miktex-local\data\fonts\map\dvips\ps2pk.map...
2026-03-27 09:44:17,121+0800 INFO  miktex - Writing C:\Users\Lenovo\patents\7_SASPH-6G_Slice-Adaptive_Split-PQC_Handshake\.miktex-local\data\fonts\map\dvips\psfonts_pk.map...
2026-03-27 09:44:17,124+0800 INFO  miktex - Writing C:\Users\Lenovo\patents\7_SASPH-6G_Slice-Adaptive_Split-PQC_Handshake\.miktex-local\data\fonts\map\dvips\psfonts_t1.map...
2026-03-27 09:44:17,126+0800 INFO  miktex - Writing C:\Users\Lenovo\patents\7_SASPH-6G_Slice-Adaptive_Split-PQC_Handshake\.miktex-local\data\fonts\map\pdftex\pdftex_dl14.map...
2026-03-27 09:44:17,129+0800 INFO  miktex - Writing C:\Users\Lenovo\patents\7_SASPH-6G_Slice-Adaptive_Split-PQC_Handshake\.miktex-local\data\fonts\map\pdftex\pdftex_ndl14.map...
2026-03-27 09:44:17,133+0800 INFO  miktex - Copying C:\Users\Lenovo\patents\7_SASPH-6G_Slice-Adaptive_Split-PQC_Handshake\.miktex-local\data\fonts\map\dvips\psfonts_t1.map
2026-03-27 09:44:17,133+0800 INFO  miktex -      to C:\Users\Lenovo\patents\7_SASPH-6G_Slice-Adaptive_Split-PQC_Handshake\.miktex-local\data\fonts\map\dvips\psfonts.map...
2026-03-27 09:44:17,134+0800 INFO  miktex - Copying C:\Users\Lenovo\patents\7_SASPH-6G_Slice-Adaptive_Split-PQC_Handshake\.miktex-local\data\fonts\map\pdftex\pdftex_dl14.map
2026-03-27 09:44:17,134+0800 INFO  miktex -      to C:\Users\Lenovo\patents\7_SASPH-6G_Slice-Adaptive_Split-PQC_Handshake\.miktex-local\data\fonts\map\pdftex\pdftex.map...
2026-03-27 09:44:17,143+0800 INFO  miktex - running: miktex-fc-cache --miktex-disable-maintenance --miktex-disable-diagnose
2026-03-27 09:44:17,143+0800 INFO  miktex.core - start process: miktex-fc-cache --miktex-disable-maintenance --miktex-disable-diagnose
2026-03-27 09:44:17,463+0800 INFO  miktex - miktex-fc-cache: security risk: running with elevated privileges
2026-03-27 09:44:17,466+0800 WARN  miktex.core - still open: C:\Users\Lenovo\patents\7_SASPH-6G_Slice-Adaptive_Split-PQC_Handshake\.miktex-local\config\fontconfig\config\fonts.conf
2026-03-27 09:44:17,466+0800 WARN  miktex.core - still open: C:\Users\Lenovo\patents\7_SASPH-6G_Slice-Adaptive_Split-PQC_Handshake\.miktex-local\install\fontconfig/config\fonts.conf.in
2026-03-27 09:44:17,466+0800 INFO  miktex - this process (40128) finishes with exit code 0
2026-03-27 09:44:20,316+0800 INFO  miktex - this is One MiKTeX Utility 1.11 (MiKTeX 25.4)
2026-03-27 09:44:20,316+0800 INFO  miktex - this process (40816) started by miktex-xetex in directory C:\Users\Lenovo\patents\7_SASPH-6G_Slice-Adaptive_Split-PQC_Handshake\.miktex-local\temp\mik81599 with command line: miktex fontmaps configure
2026-03-27 09:44:20,316+0800 INFO  miktex - Parsing configuration file C:\Users\Lenovo\patents\7_SASPH-6G_Slice-Adaptive_Split-PQC_Handshake\.miktex-local\install\miktex/config\updmap.cfg...
2026-03-27 09:44:20,450+0800 INFO  miktex - Writing C:\Users\Lenovo\patents\7_SASPH-6G_Slice-Adaptive_Split-PQC_Handshake\.miktex-local\data\fonts\map\dvipdfmx\kanjix.map...
2026-03-27 09:44:20,451+0800 INFO  miktex - Writing C:\Users\Lenovo\patents\7_SASPH-6G_Slice-Adaptive_Split-PQC_Handshake\.miktex-local\data\fonts\map\dvips\builtin35.map...
2026-03-27 09:44:20,452+0800 INFO  miktex - Writing C:\Users\Lenovo\patents\7_SASPH-6G_Slice-Adaptive_Split-PQC_Handshake\.miktex-local\data\fonts\map\dvips\download35.map...
2026-03-27 09:44:20,454+0800 INFO  miktex - Writing C:\Users\Lenovo\patents\7_SASPH-6G_Slice-Adaptive_Split-PQC_Handshake\.miktex-local\data\fonts\map\dvips\ps2pk.map...
2026-03-27 09:44:20,457+0800 INFO  miktex - Writing C:\Users\Lenovo\patents\7_SASPH-6G_Slice-Adaptive_Split-PQC_Handshake\.miktex-local\data\fonts\map\dvips\psfonts_pk.map...
2026-03-27 09:44:20,459+0800 INFO  miktex - Writing C:\Users\Lenovo\patents\7_SASPH-6G_Slice-Adaptive_Split-PQC_Handshake\.miktex-local\data\fonts\map\dvips\psfonts_t1.map...
2026-03-27 09:44:20,460+0800 INFO  miktex - Writing C:\Users\Lenovo\patents\7_SASPH-6G_Slice-Adaptive_Split-PQC_Handshake\.miktex-local\data\fonts\map\pdftex\pdftex_dl14.map...
2026-03-27 09:44:20,463+0800 INFO  miktex - Writing C:\Users\Lenovo\patents\7_SASPH-6G_Slice-Adaptive_Split-PQC_Handshake\.miktex-local\data\fonts\map\pdftex\pdftex_ndl14.map...
2026-03-27 09:44:20,465+0800 INFO  miktex - Copying C:\Users\Lenovo\patents\7_SASPH-6G_Slice-Adaptive_Split-PQC_Handshake\.miktex-local\data\fonts\map\dvips\psfonts_t1.map
2026-03-27 09:44:20,465+0800 INFO  miktex -      to C:\Users\Lenovo\patents\7_SASPH-6G_Slice-Adaptive_Split-PQC_Handshake\.miktex-local\data\fonts\map\dvips\psfonts.map...
2026-03-27 09:44:20,466+0800 INFO  miktex - Copying C:\Users\Lenovo\patents\7_SASPH-6G_Slice-Adaptive_Split-PQC_Handshake\.miktex-local\data\fonts\map\pdftex\pdftex_dl14.map
2026-03-27 09:44:20,466+0800 INFO  miktex -      to C:\Users\Lenovo\patents\7_SASPH-6G_Slice-Adaptive_Split-PQC_Handshake\.miktex-local\data\fonts\map\pdftex\pdftex.map...
2026-03-27 09:44:20,472+0800 INFO  miktex - running: miktex-fc-cache --miktex-disable-maintenance --miktex-disable-diagnose
2026-03-27 09:44:20,472+0800 INFO  miktex.core - start process: miktex-fc-cache --miktex-disable-maintenance --miktex-disable-diagnose
2026-03-27 09:44:20,813+0800 INFO  miktex - miktex-fc-cache: security risk: running with elevated privileges
2026-03-27 09:44:20,817+0800 WARN  miktex.core - still open: C:\Users\Lenovo\patents\7_SASPH-6G_Slice-Adaptive_Split-PQC_Handshake\.miktex-local\config\fontconfig\config\fonts.conf
2026-03-27 09:44:20,817+0800 WARN  miktex.core - still open: C:\Users\Lenovo\patents\7_SASPH-6G_Slice-Adaptive_Split-PQC_Handshake\.miktex-local\install\fontconfig/config\fonts.conf.in
2026-03-27 09:44:20,817+0800 INFO  miktex - this process (40816) finishes with exit code 0
2026-03-27 09:44:24,269+0800 INFO  miktex - this is One MiKTeX Utility 1.11 (MiKTeX 25.4)
2026-03-27 09:44:24,269+0800 INFO  miktex - this process (36868) started by miktex-xetex in directory C:\Users\Lenovo\patents\7_SASPH-6G_Slice-Adaptive_Split-PQC_Handshake\.miktex-local\temp\mik81599 with command line: miktex fontmaps configure
2026-03-27 09:44:24,270+0800 INFO  miktex - Parsing configuration file C:\Users\Lenovo\patents\7_SASPH-6G_Slice-Adaptive_Split-PQC_Handshake\.miktex-local\install\miktex/config\updmap.cfg...
2026-03-27 09:44:24,498+0800 INFO  miktex - Writing C:\Users\Lenovo\patents\7_SASPH-6G_Slice-Adaptive_Split-PQC_Handshake\.miktex-local\data\fonts\map\dvipdfmx\kanjix.map...
2026-03-27 09:44:24,498+0800 INFO  miktex - Writing C:\Users\Lenovo\patents\7_SASPH-6G_Slice-Adaptive_Split-PQC_Handshake\.miktex-local\data\fonts\map\dvips\builtin35.map...
2026-03-27 09:44:24,500+0800 INFO  miktex - Writing C:\Users\Lenovo\patents\7_SASPH-6G_Slice-Adaptive_Split-PQC_Handshake\.miktex-local\data\fonts\map\dvips\download35.map...
2026-03-27 09:44:24,502+0800 INFO  miktex - Writing C:\Users\Lenovo\patents\7_SASPH-6G_Slice-Adaptive_Split-PQC_Handshake\.miktex-local\data\fonts\map\dvips\ps2pk.map...
2026-03-27 09:44:24,505+0800 INFO  miktex - Writing C:\Users\Lenovo\patents\7_SASPH-6G_Slice-Adaptive_Split-PQC_Handshake\.miktex-local\data\fonts\map\dvips\psfonts_pk.map...
2026-03-27 09:44:24,508+0800 INFO  miktex - Writing C:\Users\Lenovo\patents\7_SASPH-6G_Slice-Adaptive_Split-PQC_Handshake\.miktex-local\data\fonts\map\dvips\psfonts_t1.map...
2026-03-27 09:44:24,512+0800 INFO  miktex - Writing C:\Users\Lenovo\patents\7_SASPH-6G_Slice-Adaptive_Split-PQC_Handshake\.miktex-local\data\fonts\map\pdftex\pdftex_dl14.map...
2026-03-27 09:44:24,515+0800 INFO  miktex - Writing C:\Users\Lenovo\patents\7_SASPH-6G_Slice-Adaptive_Split-PQC_Handshake\.miktex-local\data\fonts\map\pdftex\pdftex_ndl14.map...
2026-03-27 09:44:24,518+0800 INFO  miktex - Copying C:\Users\Lenovo\patents\7_SASPH-6G_Slice-Adaptive_Split-PQC_Handshake\.miktex-local\data\fonts\map\dvips\psfonts_t1.map
2026-03-27 09:44:24,518+0800 INFO  miktex -      to C:\Users\Lenovo\patents\7_SASPH-6G_Slice-Adaptive_Split-PQC_Handshake\.miktex-local\data\fonts\map\dvips\psfonts.map...
2026-03-27 09:44:24,520+0800 INFO  miktex - Copying C:\Users\Lenovo\patents\7_SASPH-6G_Slice-Adaptive_Split-PQC_Handshake\.miktex-local\data\fonts\map\pdftex\pdftex_dl14.map
2026-03-27 09:44:24,520+0800 INFO  miktex -      to C:\Users\Lenovo\patents\7_SASPH-6G_Slice-Adaptive_Split-PQC_Handshake\.miktex-local\data\fonts\map\pdftex\pdftex.map...
2026-03-27 09:44:24,529+0800 INFO  miktex - running: miktex-fc-cache --miktex-disable-maintenance --miktex-disable-diagnose
2026-03-27 09:44:24,529+0800 INFO  miktex.core - start process: miktex-fc-cache --miktex-disable-maintenance --miktex-disable-diagnose
2026-03-27 09:44:24,960+0800 INFO  miktex - miktex-fc-cache: security risk: running with elevated privileges
2026-03-27 09:44:24,964+0800 WARN  miktex.core - still open: C:\Users\Lenovo\patents\7_SASPH-6G_Slice-Adaptive_Split-PQC_Handshake\.miktex-local\install\fontconfig/config\fonts.conf.in
2026-03-27 09:44:24,964+0800 WARN  miktex.core - still open: C:\Users\Lenovo\patents\7_SASPH-6G_Slice-Adaptive_Split-PQC_Handshake\.miktex-local\config\fontconfig\config\fonts.conf
2026-03-27 09:44:24,965+0800 INFO  miktex - this process (36868) finishes with exit code 0
2026-03-27 09:44:38,174+0800 INFO  miktex - this is One MiKTeX Utility 1.11 (MiKTeX 25.4)
2026-03-27 09:44:38,174+0800 INFO  miktex - this process (32580) started by miktex-xetex in directory C:\Users\Lenovo\patents\7_SASPH-6G_Slice-Adaptive_Split-PQC_Handshake\.miktex-local\temp\mik81599 with command line: miktex fontmaps configure
2026-03-27 09:44:38,175+0800 INFO  miktex - Parsing configuration file C:\Users\Lenovo\patents\7_SASPH-6G_Slice-Adaptive_Split-PQC_Handshake\.miktex-local\install\miktex/config\updmap.cfg...
2026-03-27 09:44:38,414+0800 INFO  miktex - Writing C:\Users\Lenovo\patents\7_SASPH-6G_Slice-Adaptive_Split-PQC_Handshake\.miktex-local\data\fonts\map\dvipdfmx\kanjix.map...
2026-03-27 09:44:38,415+0800 INFO  miktex - Writing C:\Users\Lenovo\patents\7_SASPH-6G_Slice-Adaptive_Split-PQC_Handshake\.miktex-local\data\fonts\map\dvips\builtin35.map...
2026-03-27 09:44:38,419+0800 INFO  miktex - Writing C:\Users\Lenovo\patents\7_SASPH-6G_Slice-Adaptive_Split-PQC_Handshake\.miktex-local\data\fonts\map\dvips\download35.map...
2026-03-27 09:44:38,423+0800 INFO  miktex - Writing C:\Users\Lenovo\patents\7_SASPH-6G_Slice-Adaptive_Split-PQC_Handshake\.miktex-local\data\fonts\map\dvips\ps2pk.map...
2026-03-27 09:44:38,428+0800 INFO  miktex - Writing C:\Users\Lenovo\patents\7_SASPH-6G_Slice-Adaptive_Split-PQC_Handshake\.miktex-local\data\fonts\map\dvips\psfonts_pk.map...
2026-03-27 09:44:38,434+0800 INFO  miktex - Writing C:\Users\Lenovo\patents\7_SASPH-6G_Slice-Adaptive_Split-PQC_Handshake\.miktex-local\data\fonts\map\dvips\psfonts_t1.map...
2026-03-27 09:44:38,440+0800 INFO  miktex - Writing C:\Users\Lenovo\patents\7_SASPH-6G_Slice-Adaptive_Split-PQC_Handshake\.miktex-local\data\fonts\map\pdftex\pdftex_dl14.map...
2026-03-27 09:44:38,446+0800 INFO  miktex - Writing C:\Users\Lenovo\patents\7_SASPH-6G_Slice-Adaptive_Split-PQC_Handshake\.miktex-local\data\fonts\map\pdftex\pdftex_ndl14.map...
2026-03-27 09:44:38,451+0800 INFO  miktex - Copying C:\Users\Lenovo\patents\7_SASPH-6G_Slice-Adaptive_Split-PQC_Handshake\.miktex-local\data\fonts\map\dvips\psfonts_t1.map
2026-03-27 09:44:38,451+0800 INFO  miktex -      to C:\Users\Lenovo\patents\7_SASPH-6G_Slice-Adaptive_Split-PQC_Handshake\.miktex-local\data\fonts\map\dvips\psfonts.map...
2026-03-27 09:44:38,452+0800 INFO  miktex - Copying C:\Users\Lenovo\patents\7_SASPH-6G_Slice-Adaptive_Split-PQC_Handshake\.miktex-local\data\fonts\map\pdftex\pdftex_dl14.map
2026-03-27 09:44:38,452+0800 INFO  miktex -      to C:\Users\Lenovo\patents\7_SASPH-6G_Slice-Adaptive_Split-PQC_Handshake\.miktex-local\data\fonts\map\pdftex\pdftex.map...
2026-03-27 09:44:38,463+0800 INFO  miktex - running: miktex-fc-cache --miktex-disable-maintenance --miktex-disable-diagnose
2026-03-27 09:44:38,463+0800 INFO  miktex.core - start process: miktex-fc-cache --miktex-disable-maintenance --miktex-disable-diagnose
2026-03-27 09:44:39,459+0800 INFO  miktex - miktex-fc-cache: security risk: running with elevated privileges
2026-03-27 09:44:39,463+0800 WARN  miktex.core - still open: C:\Users\Lenovo\patents\7_SASPH-6G_Slice-Adaptive_Split-PQC_Handshake\.miktex-local\config\fontconfig\config\fonts.conf
2026-03-27 09:44:39,463+0800 WARN  miktex.core - still open: C:\Users\Lenovo\patents\7_SASPH-6G_Slice-Adaptive_Split-PQC_Handshake\.miktex-local\install\fontconfig/config\fonts.conf.in
2026-03-27 09:44:39,463+0800 INFO  miktex - this process (32580) finishes with exit code 0
2026-03-27 09:44:42,094+0800 INFO  miktex - this is One MiKTeX Utility 1.11 (MiKTeX 25.4)
2026-03-27 09:44:42,094+0800 INFO  miktex - this process (37152) started by miktex-xetex in directory C:\Users\Lenovo\patents\7_SASPH-6G_Slice-Adaptive_Split-PQC_Handshake\.miktex-local\temp\mik81599 with command line: miktex fontmaps configure
2026-03-27 09:44:42,094+0800 INFO  miktex - Parsing configuration file C:\Users\Lenovo\patents\7_SASPH-6G_Slice-Adaptive_Split-PQC_Handshake\.miktex-local\install\miktex/config\updmap.cfg...
2026-03-27 09:44:42,240+0800 INFO  miktex - Writing C:\Users\Lenovo\patents\7_SASPH-6G_Slice-Adaptive_Split-PQC_Handshake\.miktex-local\data\fonts\map\dvipdfmx\kanjix.map...
2026-03-27 09:44:42,240+0800 INFO  miktex - Writing C:\Users\Lenovo\patents\7_SASPH-6G_Slice-Adaptive_Split-PQC_Handshake\.miktex-local\data\fonts\map\dvips\builtin35.map...
2026-03-27 09:44:42,242+0800 INFO  miktex - Writing C:\Users\Lenovo\patents\7_SASPH-6G_Slice-Adaptive_Split-PQC_Handshake\.miktex-local\data\fonts\map\dvips\download35.map...
2026-03-27 09:44:42,244+0800 INFO  miktex - Writing C:\Users\Lenovo\patents\7_SASPH-6G_Slice-Adaptive_Split-PQC_Handshake\.miktex-local\data\fonts\map\dvips\ps2pk.map...
2026-03-27 09:44:42,249+0800 INFO  miktex - Writing C:\Users\Lenovo\patents\7_SASPH-6G_Slice-Adaptive_Split-PQC_Handshake\.miktex-local\data\fonts\map\dvips\psfonts_pk.map...
2026-03-27 09:44:42,254+0800 INFO  miktex - Writing C:\Users\Lenovo\patents\7_SASPH-6G_Slice-Adaptive_Split-PQC_Handshake\.miktex-local\data\fonts\map\dvips\psfonts_t1.map...
2026-03-27 09:44:42,259+0800 INFO  miktex - Writing C:\Users\Lenovo\patents\7_SASPH-6G_Slice-Adaptive_Split-PQC_Handshake\.miktex-local\data\fonts\map\pdftex\pdftex_dl14.map...
2026-03-27 09:44:42,264+0800 INFO  miktex - Writing C:\Users\Lenovo\patents\7_SASPH-6G_Slice-Adaptive_Split-PQC_Handshake\.miktex-local\data\fonts\map\pdftex\pdftex_ndl14.map...
2026-03-27 09:44:42,269+0800 INFO  miktex - Copying C:\Users\Lenovo\patents\7_SASPH-6G_Slice-Adaptive_Split-PQC_Handshake\.miktex-local\data\fonts\map\dvips\psfonts_t1.map
2026-03-27 09:44:42,269+0800 INFO  miktex -      to C:\Users\Lenovo\patents\7_SASPH-6G_Slice-Adaptive_Split-PQC_Handshake\.miktex-local\data\fonts\map\dvips\psfonts.map...
2026-03-27 09:44:42,271+0800 INFO  miktex - Copying C:\Users\Lenovo\patents\7_SASPH-6G_Slice-Adaptive_Split-PQC_Handshake\.miktex-local\data\fonts\map\pdftex\pdftex_dl14.map
2026-03-27 09:44:42,271+0800 INFO  miktex -      to C:\Users\Lenovo\patents\7_SASPH-6G_Slice-Adaptive_Split-PQC_Handshake\.miktex-local\data\fonts\map\pdftex\pdftex.map...
2026-03-27 09:44:42,278+0800 INFO  miktex - running: miktex-fc-cache --miktex-disable-maintenance --miktex-disable-diagnose
2026-03-27 09:44:42,278+0800 INFO  miktex.core - start process: miktex-fc-cache --miktex-disable-maintenance --miktex-disable-diagnose
2026-03-27 09:44:42,624+0800 INFO  miktex - miktex-fc-cache: security risk: running with elevated privileges
2026-03-27 09:44:42,628+0800 WARN  miktex.core - still open: C:\Users\Lenovo\patents\7_SASPH-6G_Slice-Adaptive_Split-PQC_Handshake\.miktex-local\install\fontconfig/config\fonts.conf.in
2026-03-27 09:44:42,628+0800 WARN  miktex.core - still open: C:\Users\Lenovo\patents\7_SASPH-6G_Slice-Adaptive_Split-PQC_Handshake\.miktex-local\config\fontconfig\config\fonts.conf
2026-03-27 09:44:42,628+0800 INFO  miktex - this process (37152) finishes with exit code 0
2026-03-27 09:44:44,626+0800 INFO  miktex - this is One MiKTeX Utility 1.11 (MiKTeX 25.4)
2026-03-27 09:44:44,626+0800 INFO  miktex - this process (39620) started by miktex-xetex in directory C:\Users\Lenovo\patents\7_SASPH-6G_Slice-Adaptive_Split-PQC_Handshake\.miktex-local\temp\mik81599 with command line: miktex fontmaps configure
2026-03-27 09:44:44,626+0800 INFO  miktex - Parsing configuration file C:\Users\Lenovo\patents\7_SASPH-6G_Slice-Adaptive_Split-PQC_Handshake\.miktex-local\install\miktex/config\updmap.cfg...
2026-03-27 09:44:44,774+0800 INFO  miktex - Writing C:\Users\Lenovo\patents\7_SASPH-6G_Slice-Adaptive_Split-PQC_Handshake\.miktex-local\data\fonts\map\dvipdfmx\kanjix.map...
2026-03-27 09:44:44,775+0800 INFO  miktex - Writing C:\Users\Lenovo\patents\7_SASPH-6G_Slice-Adaptive_Split-PQC_Handshake\.miktex-local\data\fonts\map\dvips\builtin35.map...
2026-03-27 09:44:44,777+0800 INFO  miktex - Writing C:\Users\Lenovo\patents\7_SASPH-6G_Slice-Adaptive_Split-PQC_Handshake\.miktex-local\data\fonts\map\dvips\download35.map...
2026-03-27 09:44:44,779+0800 INFO  miktex - Writing C:\Users\Lenovo\patents\7_SASPH-6G_Slice-Adaptive_Split-PQC_Handshake\.miktex-local\data\fonts\map\dvips\ps2pk.map...
2026-03-27 09:44:44,784+0800 INFO  miktex - Writing C:\Users\Lenovo\patents\7_SASPH-6G_Slice-Adaptive_Split-PQC_Handshake\.miktex-local\data\fonts\map\dvips\psfonts_pk.map...
2026-03-27 09:44:44,790+0800 INFO  miktex - Writing C:\Users\Lenovo\patents\7_SASPH-6G_Slice-Adaptive_Split-PQC_Handshake\.miktex-local\data\fonts\map\dvips\psfonts_t1.map...
2026-03-27 09:44:44,795+0800 INFO  miktex - Writing C:\Users\Lenovo\patents\7_SASPH-6G_Slice-Adaptive_Split-PQC_Handshake\.miktex-local\data\fonts\map\pdftex\pdftex_dl14.map...
2026-03-27 09:44:44,801+0800 INFO  miktex - Writing C:\Users\Lenovo\patents\7_SASPH-6G_Slice-Adaptive_Split-PQC_Handshake\.miktex-local\data\fonts\map\pdftex\pdftex_ndl14.map...
2026-03-27 09:44:44,807+0800 INFO  miktex - Copying C:\Users\Lenovo\patents\7_SASPH-6G_Slice-Adaptive_Split-PQC_Handshake\.miktex-local\data\fonts\map\dvips\psfonts_t1.map
2026-03-27 09:44:44,807+0800 INFO  miktex -      to C:\Users\Lenovo\patents\7_SASPH-6G_Slice-Adaptive_Split-PQC_Handshake\.miktex-local\data\fonts\map\dvips\psfonts.map...
2026-03-27 09:44:44,808+0800 INFO  miktex - Copying C:\Users\Lenovo\patents\7_SASPH-6G_Slice-Adaptive_Split-PQC_Handshake\.miktex-local\data\fonts\map\pdftex\pdftex_dl14.map
2026-03-27 09:44:44,808+0800 INFO  miktex -      to C:\Users\Lenovo\patents\7_SASPH-6G_Slice-Adaptive_Split-PQC_Handshake\.miktex-local\data\fonts\map\pdftex\pdftex.map...
2026-03-27 09:44:44,815+0800 INFO  miktex - running: miktex-fc-cache --miktex-disable-maintenance --miktex-disable-diagnose
2026-03-27 09:44:44,815+0800 INFO  miktex.core - start process: miktex-fc-cache --miktex-disable-maintenance --miktex-disable-diagnose
2026-03-27 09:44:45,169+0800 INFO  miktex - miktex-fc-cache: security risk: running with elevated privileges
2026-03-27 09:44:45,172+0800 WARN  miktex.core - still open: C:\Users\Lenovo\patents\7_SASPH-6G_Slice-Adaptive_Split-PQC_Handshake\.miktex-local\install\fontconfig/config\fonts.conf.in
2026-03-27 09:44:45,172+0800 WARN  miktex.core - still open: C:\Users\Lenovo\patents\7_SASPH-6G_Slice-Adaptive_Split-PQC_Handshake\.miktex-local\config\fontconfig\config\fonts.conf
2026-03-27 09:44:45,172+0800 INFO  miktex - this process (39620) finishes with exit code 0
2026-03-27 09:44:47,194+0800 INFO  miktex - this is One MiKTeX Utility 1.11 (MiKTeX 25.4)
2026-03-27 09:44:47,194+0800 INFO  miktex - this process (4156) started by miktex-xetex in directory C:\Users\Lenovo\patents\7_SASPH-6G_Slice-Adaptive_Split-PQC_Handshake\.miktex-local\temp\mik81599 with command line: miktex fontmaps configure
2026-03-27 09:44:47,194+0800 INFO  miktex - Parsing configuration file C:\Users\Lenovo\patents\7_SASPH-6G_Slice-Adaptive_Split-PQC_Handshake\.miktex-local\install\miktex/config\updmap.cfg...
2026-03-27 09:44:47,338+0800 INFO  miktex - Writing C:\Users\Lenovo\patents\7_SASPH-6G_Slice-Adaptive_Split-PQC_Handshake\.miktex-local\data\fonts\map\dvipdfmx\kanjix.map...
2026-03-27 09:44:47,339+0800 INFO  miktex - Writing C:\Users\Lenovo\patents\7_SASPH-6G_Slice-Adaptive_Split-PQC_Handshake\.miktex-local\data\fonts\map\dvips\builtin35.map...
2026-03-27 09:44:47,340+0800 INFO  miktex - Writing C:\Users\Lenovo\patents\7_SASPH-6G_Slice-Adaptive_Split-PQC_Handshake\.miktex-local\data\fonts\map\dvips\download35.map...
2026-03-27 09:44:47,342+0800 INFO  miktex - Writing C:\Users\Lenovo\patents\7_SASPH-6G_Slice-Adaptive_Split-PQC_Handshake\.miktex-local\data\fonts\map\dvips\ps2pk.map...
2026-03-27 09:44:47,347+0800 INFO  miktex - Writing C:\Users\Lenovo\patents\7_SASPH-6G_Slice-Adaptive_Split-PQC_Handshake\.miktex-local\data\fonts\map\dvips\psfonts_pk.map...
2026-03-27 09:44:47,351+0800 INFO  miktex - Writing C:\Users\Lenovo\patents\7_SASPH-6G_Slice-Adaptive_Split-PQC_Handshake\.miktex-local\data\fonts\map\dvips\psfonts_t1.map...
2026-03-27 09:44:47,356+0800 INFO  miktex - Writing C:\Users\Lenovo\patents\7_SASPH-6G_Slice-Adaptive_Split-PQC_Handshake\.miktex-local\data\fonts\map\pdftex\pdftex_dl14.map...
2026-03-27 09:44:47,363+0800 INFO  miktex - Writing C:\Users\Lenovo\patents\7_SASPH-6G_Slice-Adaptive_Split-PQC_Handshake\.miktex-local\data\fonts\map\pdftex\pdftex_ndl14.map...
2026-03-27 09:44:47,368+0800 INFO  miktex - Copying C:\Users\Lenovo\patents\7_SASPH-6G_Slice-Adaptive_Split-PQC_Handshake\.miktex-local\data\fonts\map\dvips\psfonts_t1.map
2026-03-27 09:44:47,368+0800 INFO  miktex -      to C:\Users\Lenovo\patents\7_SASPH-6G_Slice-Adaptive_Split-PQC_Handshake\.miktex-local\data\fonts\map\dvips\psfonts.map...
2026-03-27 09:44:47,370+0800 INFO  miktex - Copying C:\Users\Lenovo\patents\7_SASPH-6G_Slice-Adaptive_Split-PQC_Handshake\.miktex-local\data\fonts\map\pdftex\pdftex_dl14.map
2026-03-27 09:44:47,370+0800 INFO  miktex -      to C:\Users\Lenovo\patents\7_SASPH-6G_Slice-Adaptive_Split-PQC_Handshake\.miktex-local\data\fonts\map\pdftex\pdftex.map...
2026-03-27 09:44:47,377+0800 INFO  miktex - running: miktex-fc-cache --miktex-disable-maintenance --miktex-disable-diagnose
2026-03-27 09:44:47,377+0800 INFO  miktex.core - start process: miktex-fc-cache --miktex-disable-maintenance --miktex-disable-diagnose
2026-03-27 09:44:47,752+0800 INFO  miktex - miktex-fc-cache: security risk: running with elevated privileges
2026-03-27 09:44:47,756+0800 WARN  miktex.core - still open: C:\Users\Lenovo\patents\7_SASPH-6G_Slice-Adaptive_Split-PQC_Handshake\.miktex-local\install\fontconfig/config\fonts.conf.in
2026-03-27 09:44:47,756+0800 WARN  miktex.core - still open: C:\Users\Lenovo\patents\7_SASPH-6G_Slice-Adaptive_Split-PQC_Handshake\.miktex-local\config\fontconfig\config\fonts.conf
2026-03-27 09:44:47,756+0800 INFO  miktex - this process (4156) finishes with exit code 0
2026-03-27 09:44:50,455+0800 INFO  miktex - this is One MiKTeX Utility 1.11 (MiKTeX 25.4)
2026-03-27 09:44:50,455+0800 INFO  miktex - this process (37408) started by miktex-xetex in directory C:\Users\Lenovo\patents\7_SASPH-6G_Slice-Adaptive_Split-PQC_Handshake\.miktex-local\temp\mik81599 with command line: miktex fontmaps configure
2026-03-27 09:44:50,456+0800 INFO  miktex - Parsing configuration file C:\Users\Lenovo\patents\7_SASPH-6G_Slice-Adaptive_Split-PQC_Handshake\.miktex-local\install\miktex/config\updmap.cfg...
2026-03-27 09:44:50,603+0800 INFO  miktex - Writing C:\Users\Lenovo\patents\7_SASPH-6G_Slice-Adaptive_Split-PQC_Handshake\.miktex-local\data\fonts\map\dvipdfmx\kanjix.map...
2026-03-27 09:44:50,605+0800 INFO  miktex - Writing C:\Users\Lenovo\patents\7_SASPH-6G_Slice-Adaptive_Split-PQC_Handshake\.miktex-local\data\fonts\map\dvips\builtin35.map...
2026-03-27 09:44:50,607+0800 INFO  miktex - Writing C:\Users\Lenovo\patents\7_SASPH-6G_Slice-Adaptive_Split-PQC_Handshake\.miktex-local\data\fonts\map\dvips\download35.map...
2026-03-27 09:44:50,609+0800 INFO  miktex - Writing C:\Users\Lenovo\patents\7_SASPH-6G_Slice-Adaptive_Split-PQC_Handshake\.miktex-local\data\fonts\map\dvips\ps2pk.map...
2026-03-27 09:44:50,614+0800 INFO  miktex - Writing C:\Users\Lenovo\patents\7_SASPH-6G_Slice-Adaptive_Split-PQC_Handshake\.miktex-local\data\fonts\map\dvips\psfonts_pk.map...
2026-03-27 09:44:50,619+0800 INFO  miktex - Writing C:\Users\Lenovo\patents\7_SASPH-6G_Slice-Adaptive_Split-PQC_Handshake\.miktex-local\data\fonts\map\dvips\psfonts_t1.map...
2026-03-27 09:44:50,626+0800 INFO  miktex - Writing C:\Users\Lenovo\patents\7_SASPH-6G_Slice-Adaptive_Split-PQC_Handshake\.miktex-local\data\fonts\map\pdftex\pdftex_dl14.map...
2026-03-27 09:44:50,631+0800 INFO  miktex - Writing C:\Users\Lenovo\patents\7_SASPH-6G_Slice-Adaptive_Split-PQC_Handshake\.miktex-local\data\fonts\map\pdftex\pdftex_ndl14.map...
2026-03-27 09:44:50,637+0800 INFO  miktex - Copying C:\Users\Lenovo\patents\7_SASPH-6G_Slice-Adaptive_Split-PQC_Handshake\.miktex-local\data\fonts\map\dvips\psfonts_t1.map
2026-03-27 09:44:50,638+0800 INFO  miktex -      to C:\Users\Lenovo\patents\7_SASPH-6G_Slice-Adaptive_Split-PQC_Handshake\.miktex-local\data\fonts\map\dvips\psfonts.map...
2026-03-27 09:44:50,640+0800 INFO  miktex - Copying C:\Users\Lenovo\patents\7_SASPH-6G_Slice-Adaptive_Split-PQC_Handshake\.miktex-local\data\fonts\map\pdftex\pdftex_dl14.map
2026-03-27 09:44:50,640+0800 INFO  miktex -      to C:\Users\Lenovo\patents\7_SASPH-6G_Slice-Adaptive_Split-PQC_Handshake\.miktex-local\data\fonts\map\pdftex\pdftex.map...
2026-03-27 09:44:50,648+0800 INFO  miktex - running: miktex-fc-cache --miktex-disable-maintenance --miktex-disable-diagnose
2026-03-27 09:44:50,648+0800 INFO  miktex.core - start process: miktex-fc-cache --miktex-disable-maintenance --miktex-disable-diagnose
2026-03-27 09:44:51,013+0800 INFO  miktex - miktex-fc-cache: security risk: running with elevated privileges
2026-03-27 09:44:51,017+0800 WARN  miktex.core - still open: C:\Users\Lenovo\patents\7_SASPH-6G_Slice-Adaptive_Split-PQC_Handshake\.miktex-local\install\fontconfig/config\fonts.conf.in
2026-03-27 09:44:51,017+0800 WARN  miktex.core - still open: C:\Users\Lenovo\patents\7_SASPH-6G_Slice-Adaptive_Split-PQC_Handshake\.miktex-local\config\fontconfig\config\fonts.conf
2026-03-27 09:44:51,018+0800 INFO  miktex - this process (37408) finishes with exit code 0
2026-03-27 09:44:57,520+0800 INFO  miktex - this is One MiKTeX Utility 1.11 (MiKTeX 25.4)
2026-03-27 09:44:57,520+0800 INFO  miktex - this process (39140) started by miktex-xetex in directory C:\Users\Lenovo\patents\7_SASPH-6G_Slice-Adaptive_Split-PQC_Handshake\.miktex-local\temp\mik81599 with command line: miktex fontmaps configure
2026-03-27 09:44:57,521+0800 INFO  miktex - Parsing configuration file C:\Users\Lenovo\patents\7_SASPH-6G_Slice-Adaptive_Split-PQC_Handshake\.miktex-local\install\miktex/config\updmap.cfg...
2026-03-27 09:44:57,700+0800 INFO  miktex - Writing C:\Users\Lenovo\patents\7_SASPH-6G_Slice-Adaptive_Split-PQC_Handshake\.miktex-local\data\fonts\map\dvipdfmx\kanjix.map...
2026-03-27 09:44:57,701+0800 INFO  miktex - Writing C:\Users\Lenovo\patents\7_SASPH-6G_Slice-Adaptive_Split-PQC_Handshake\.miktex-local\data\fonts\map\dvips\builtin35.map...
2026-03-27 09:44:57,704+0800 INFO  miktex - Writing C:\Users\Lenovo\patents\7_SASPH-6G_Slice-Adaptive_Split-PQC_Handshake\.miktex-local\data\fonts\map\dvips\download35.map...
2026-03-27 09:44:57,707+0800 INFO  miktex - Writing C:\Users\Lenovo\patents\7_SASPH-6G_Slice-Adaptive_Split-PQC_Handshake\.miktex-local\data\fonts\map\dvips\ps2pk.map...
2026-03-27 09:44:57,715+0800 INFO  miktex - Writing C:\Users\Lenovo\patents\7_SASPH-6G_Slice-Adaptive_Split-PQC_Handshake\.miktex-local\data\fonts\map\dvips\psfonts_pk.map...
2026-03-27 09:44:57,722+0800 INFO  miktex - Writing C:\Users\Lenovo\patents\7_SASPH-6G_Slice-Adaptive_Split-PQC_Handshake\.miktex-local\data\fonts\map\dvips\psfonts_t1.map...
2026-03-27 09:44:57,728+0800 INFO  miktex - Writing C:\Users\Lenovo\patents\7_SASPH-6G_Slice-Adaptive_Split-PQC_Handshake\.miktex-local\data\fonts\map\pdftex\pdftex_dl14.map...
2026-03-27 09:44:57,734+0800 INFO  miktex - Writing C:\Users\Lenovo\patents\7_SASPH-6G_Slice-Adaptive_Split-PQC_Handshake\.miktex-local\data\fonts\map\pdftex\pdftex_ndl14.map...
2026-03-27 09:44:57,743+0800 INFO  miktex - Copying C:\Users\Lenovo\patents\7_SASPH-6G_Slice-Adaptive_Split-PQC_Handshake\.miktex-local\data\fonts\map\dvips\psfonts_t1.map
2026-03-27 09:44:57,743+0800 INFO  miktex -      to C:\Users\Lenovo\patents\7_SASPH-6G_Slice-Adaptive_Split-PQC_Handshake\.miktex-local\data\fonts\map\dvips\psfonts.map...
2026-03-27 09:44:57,746+0800 INFO  miktex - Copying C:\Users\Lenovo\patents\7_SASPH-6G_Slice-Adaptive_Split-PQC_Handshake\.miktex-local\data\fonts\map\pdftex\pdftex_dl14.map
2026-03-27 09:44:57,746+0800 INFO  miktex -      to C:\Users\Lenovo\patents\7_SASPH-6G_Slice-Adaptive_Split-PQC_Handshake\.miktex-local\data\fonts\map\pdftex\pdftex.map...
2026-03-27 09:44:57,757+0800 INFO  miktex - running: miktex-fc-cache --miktex-disable-maintenance --miktex-disable-diagnose
2026-03-27 09:44:57,758+0800 INFO  miktex.core - start process: miktex-fc-cache --miktex-disable-maintenance --miktex-disable-diagnose
2026-03-27 09:44:58,283+0800 INFO  miktex - miktex-fc-cache: security risk: running with elevated privileges
2026-03-27 09:44:58,287+0800 WARN  miktex.core - still open: C:\Users\Lenovo\patents\7_SASPH-6G_Slice-Adaptive_Split-PQC_Handshake\.miktex-local\install\fontconfig/config\fonts.conf.in
2026-03-27 09:44:58,287+0800 WARN  miktex.core - still open: C:\Users\Lenovo\patents\7_SASPH-6G_Slice-Adaptive_Split-PQC_Handshake\.miktex-local\config\fontconfig\config\fonts.conf
2026-03-27 09:44:58,287+0800 INFO  miktex - this process (39140) finishes with exit code 0
2026-03-27 09:45:00,775+0800 INFO  miktex - this is One MiKTeX Utility 1.11 (MiKTeX 25.4)
2026-03-27 09:45:00,775+0800 INFO  miktex - this process (17740) started by miktex-xetex in directory C:\Users\Lenovo\patents\7_SASPH-6G_Slice-Adaptive_Split-PQC_Handshake\.miktex-local\temp\mik81599 with command line: miktex fontmaps configure
2026-03-27 09:45:00,776+0800 INFO  miktex - Parsing configuration file C:\Users\Lenovo\patents\7_SASPH-6G_Slice-Adaptive_Split-PQC_Handshake\.miktex-local\install\miktex/config\updmap.cfg...
2026-03-27 09:45:00,919+0800 INFO  miktex - Writing C:\Users\Lenovo\patents\7_SASPH-6G_Slice-Adaptive_Split-PQC_Handshake\.miktex-local\data\fonts\map\dvipdfmx\kanjix.map...
2026-03-27 09:45:00,920+0800 INFO  miktex - Writing C:\Users\Lenovo\patents\7_SASPH-6G_Slice-Adaptive_Split-PQC_Handshake\.miktex-local\data\fonts\map\dvips\builtin35.map...
2026-03-27 09:45:00,922+0800 INFO  miktex - Writing C:\Users\Lenovo\patents\7_SASPH-6G_Slice-Adaptive_Split-PQC_Handshake\.miktex-local\data\fonts\map\dvips\download35.map...
2026-03-27 09:45:00,923+0800 INFO  miktex - Writing C:\Users\Lenovo\patents\7_SASPH-6G_Slice-Adaptive_Split-PQC_Handshake\.miktex-local\data\fonts\map\dvips\ps2pk.map...
2026-03-27 09:45:00,927+0800 INFO  miktex - Writing C:\Users\Lenovo\patents\7_SASPH-6G_Slice-Adaptive_Split-PQC_Handshake\.miktex-local\data\fonts\map\dvips\psfonts_pk.map...
2026-03-27 09:45:00,932+0800 INFO  miktex - Writing C:\Users\Lenovo\patents\7_SASPH-6G_Slice-Adaptive_Split-PQC_Handshake\.miktex-local\data\fonts\map\dvips\psfonts_t1.map...
2026-03-27 09:45:00,938+0800 INFO  miktex - Writing C:\Users\Lenovo\patents\7_SASPH-6G_Slice-Adaptive_Split-PQC_Handshake\.miktex-local\data\fonts\map\pdftex\pdftex_dl14.map...
2026-03-27 09:45:00,944+0800 INFO  miktex - Writing C:\Users\Lenovo\patents\7_SASPH-6G_Slice-Adaptive_Split-PQC_Handshake\.miktex-local\data\fonts\map\pdftex\pdftex_ndl14.map...
2026-03-27 09:45:00,949+0800 INFO  miktex - Copying C:\Users\Lenovo\patents\7_SASPH-6G_Slice-Adaptive_Split-PQC_Handshake\.miktex-local\data\fonts\map\dvips\psfonts_t1.map
2026-03-27 09:45:00,949+0800 INFO  miktex -      to C:\Users\Lenovo\patents\7_SASPH-6G_Slice-Adaptive_Split-PQC_Handshake\.miktex-local\data\fonts\map\dvips\psfonts.map...
2026-03-27 09:45:00,951+0800 INFO  miktex - Copying C:\Users\Lenovo\patents\7_SASPH-6G_Slice-Adaptive_Split-PQC_Handshake\.miktex-local\data\fonts\map\pdftex\pdftex_dl14.map
2026-03-27 09:45:00,951+0800 INFO  miktex -      to C:\Users\Lenovo\patents\7_SASPH-6G_Slice-Adaptive_Split-PQC_Handshake\.miktex-local\data\fonts\map\pdftex\pdftex.map...
2026-03-27 09:45:00,959+0800 INFO  miktex - running: miktex-fc-cache --miktex-disable-maintenance --miktex-disable-diagnose
2026-03-27 09:45:00,959+0800 INFO  miktex.core - start process: miktex-fc-cache --miktex-disable-maintenance --miktex-disable-diagnose
2026-03-27 09:45:01,315+0800 INFO  miktex - miktex-fc-cache: security risk: running with elevated privileges
2026-03-27 09:45:01,319+0800 WARN  miktex.core - still open: C:\Users\Lenovo\patents\7_SASPH-6G_Slice-Adaptive_Split-PQC_Handshake\.miktex-local\install\fontconfig/config\fonts.conf.in
2026-03-27 09:45:01,319+0800 WARN  miktex.core - still open: C:\Users\Lenovo\patents\7_SASPH-6G_Slice-Adaptive_Split-PQC_Handshake\.miktex-local\config\fontconfig\config\fonts.conf
2026-03-27 09:45:01,319+0800 INFO  miktex - this process (17740) finishes with exit code 0
2026-03-27 09:45:01,702+0800 INFO  miktex - this process (31484) finishes with exit code 0
2026-03-27 14:13:24,917+0800 INFO  miktex - this is One MiKTeX Utility 1.11 (MiKTeX 25.4)
2026-03-27 14:13:24,918+0800 INFO  miktex - this process (37520) started by xelatex in directory C:\Users\Lenovo\patents\7_SASPH-6G_Slice-Adaptive_Split-PQC_Handshake with command line: miktex fontmaps configure
2026-03-27 14:13:24,920+0800 INFO  miktex - Parsing configuration file C:\Users\Lenovo\patents\7_SASPH-6G_Slice-Adaptive_Split-PQC_Handshake\.miktex-local\install\miktex/config\updmap.cfg...
2026-03-27 14:13:25,334+0800 INFO  miktex - Writing C:\Users\Lenovo\patents\7_SASPH-6G_Slice-Adaptive_Split-PQC_Handshake\.miktex-local\data\fonts\map\dvipdfmx\kanjix.map...
2026-03-27 14:13:25,335+0800 INFO  miktex - Writing C:\Users\Lenovo\patents\7_SASPH-6G_Slice-Adaptive_Split-PQC_Handshake\.miktex-local\data\fonts\map\dvips\builtin35.map...
2026-03-27 14:13:25,339+0800 INFO  miktex - Writing C:\Users\Lenovo\patents\7_SASPH-6G_Slice-Adaptive_Split-PQC_Handshake\.miktex-local\data\fonts\map\dvips\download35.map...
2026-03-27 14:13:25,345+0800 INFO  miktex - Writing C:\Users\Lenovo\patents\7_SASPH-6G_Slice-Adaptive_Split-PQC_Handshake\.miktex-local\data\fonts\map\dvips\ps2pk.map...
2026-03-27 14:13:25,358+0800 INFO  miktex - Writing C:\Users\Lenovo\patents\7_SASPH-6G_Slice-Adaptive_Split-PQC_Handshake\.miktex-local\data\fonts\map\dvips\psfonts_pk.map...
2026-03-27 14:13:25,369+0800 INFO  miktex - Writing C:\Users\Lenovo\patents\7_SASPH-6G_Slice-Adaptive_Split-PQC_Handshake\.miktex-local\data\fonts\map\dvips\psfonts_t1.map...
2026-03-27 14:13:25,382+0800 INFO  miktex - Writing C:\Users\Lenovo\patents\7_SASPH-6G_Slice-Adaptive_Split-PQC_Handshake\.miktex-local\data\fonts\map\pdftex\pdftex_dl14.map...
2026-03-27 14:13:25,394+0800 INFO  miktex - Writing C:\Users\Lenovo\patents\7_SASPH-6G_Slice-Adaptive_Split-PQC_Handshake\.miktex-local\data\fonts\map\pdftex\pdftex_ndl14.map...
2026-03-27 14:13:25,405+0800 INFO  miktex - Copying C:\Users\Lenovo\patents\7_SASPH-6G_Slice-Adaptive_Split-PQC_Handshake\.miktex-local\data\fonts\map\dvips\psfonts_t1.map
2026-03-27 14:13:25,406+0800 INFO  miktex -      to C:\Users\Lenovo\patents\7_SASPH-6G_Slice-Adaptive_Split-PQC_Handshake\.miktex-local\data\fonts\map\dvips\psfonts.map...
2026-03-27 14:13:25,410+0800 INFO  miktex - Copying C:\Users\Lenovo\patents\7_SASPH-6G_Slice-Adaptive_Split-PQC_Handshake\.miktex-local\data\fonts\map\pdftex\pdftex_dl14.map
2026-03-27 14:13:25,410+0800 INFO  miktex -      to C:\Users\Lenovo\patents\7_SASPH-6G_Slice-Adaptive_Split-PQC_Handshake\.miktex-local\data\fonts\map\pdftex\pdftex.map...
2026-03-27 14:13:25,455+0800 INFO  miktex - running: miktex-fc-cache --miktex-disable-maintenance --miktex-disable-diagnose
2026-03-27 14:13:25,455+0800 INFO  miktex.core - start process: miktex-fc-cache --miktex-disable-maintenance --miktex-disable-diagnose
2026-03-27 14:13:26,326+0800 INFO  miktex - miktex-fc-cache: security risk: running with elevated privileges
2026-03-27 14:13:26,333+0800 WARN  miktex.core - still open: C:\Users\Lenovo\patents\7_SASPH-6G_Slice-Adaptive_Split-PQC_Handshake\.miktex-local\install\fontconfig/config\fonts.conf.in
2026-03-27 14:13:26,333+0800 WARN  miktex.core - still open: C:\Users\Lenovo\patents\7_SASPH-6G_Slice-Adaptive_Split-PQC_Handshake\.miktex-local\config\fontconfig\config\fonts.conf
2026-03-27 14:13:26,333+0800 INFO  miktex - this process (37520) finishes with exit code 0
2026-03-27 14:13:31,481+0800 INFO  miktex - this is One MiKTeX Utility 1.11 (MiKTeX 25.4)
2026-03-27 14:13:31,481+0800 INFO  miktex - this process (32408) started by xelatex in directory C:\Users\Lenovo\patents\7_SASPH-6G_Slice-Adaptive_Split-PQC_Handshake with command line: miktex fontmaps configure
2026-03-27 14:13:31,482+0800 INFO  miktex - Parsing configuration file C:\Users\Lenovo\patents\7_SASPH-6G_Slice-Adaptive_Split-PQC_Handshake\.miktex-local\install\miktex/config\updmap.cfg...
2026-03-27 14:13:31,699+0800 INFO  miktex - Writing C:\Users\Lenovo\patents\7_SASPH-6G_Slice-Adaptive_Split-PQC_Handshake\.miktex-local\data\fonts\map\dvipdfmx\kanjix.map...
2026-03-27 14:13:31,700+0800 INFO  miktex - Writing C:\Users\Lenovo\patents\7_SASPH-6G_Slice-Adaptive_Split-PQC_Handshake\.miktex-local\data\fonts\map\dvips\builtin35.map...
2026-03-27 14:13:31,703+0800 INFO  miktex - Writing C:\Users\Lenovo\patents\7_SASPH-6G_Slice-Adaptive_Split-PQC_Handshake\.miktex-local\data\fonts\map\dvips\download35.map...
2026-03-27 14:13:31,708+0800 INFO  miktex - Writing C:\Users\Lenovo\patents\7_SASPH-6G_Slice-Adaptive_Split-PQC_Handshake\.miktex-local\data\fonts\map\dvips\ps2pk.map...
2026-03-27 14:13:31,716+0800 INFO  miktex - Writing C:\Users\Lenovo\patents\7_SASPH-6G_Slice-Adaptive_Split-PQC_Handshake\.miktex-local\data\fonts\map\dvips\psfonts_pk.map...
2026-03-27 14:13:31,723+0800 INFO  miktex - Writing C:\Users\Lenovo\patents\7_SASPH-6G_Slice-Adaptive_Split-PQC_Handshake\.miktex-local\data\fonts\map\dvips\psfonts_t1.map...
2026-03-27 14:13:31,730+0800 INFO  miktex - Writing C:\Users\Lenovo\patents\7_SASPH-6G_Slice-Adaptive_Split-PQC_Handshake\.miktex-local\data\fonts\map\pdftex\pdftex_dl14.map...
2026-03-27 14:13:31,739+0800 INFO  miktex - Writing C:\Users\Lenovo\patents\7_SASPH-6G_Slice-Adaptive_Split-PQC_Handshake\.miktex-local\data\fonts\map\pdftex\pdftex_ndl14.map...
2026-03-27 14:13:31,745+0800 INFO  miktex - Copying C:\Users\Lenovo\patents\7_SASPH-6G_Slice-Adaptive_Split-PQC_Handshake\.miktex-local\data\fonts\map\dvips\psfonts_t1.map
2026-03-27 14:13:31,745+0800 INFO  miktex -      to C:\Users\Lenovo\patents\7_SASPH-6G_Slice-Adaptive_Split-PQC_Handshake\.miktex-local\data\fonts\map\dvips\psfonts.map...
2026-03-27 14:13:31,747+0800 INFO  miktex - Copying C:\Users\Lenovo\patents\7_SASPH-6G_Slice-Adaptive_Split-PQC_Handshake\.miktex-local\data\fonts\map\pdftex\pdftex_dl14.map
2026-03-27 14:13:31,748+0800 INFO  miktex -      to C:\Users\Lenovo\patents\7_SASPH-6G_Slice-Adaptive_Split-PQC_Handshake\.miktex-local\data\fonts\map\pdftex\pdftex.map...
2026-03-27 14:13:31,758+0800 INFO  miktex - running: miktex-fc-cache --miktex-disable-maintenance --miktex-disable-diagnose
2026-03-27 14:13:31,758+0800 INFO  miktex.core - start process: miktex-fc-cache --miktex-disable-maintenance --miktex-disable-diagnose
2026-03-27 14:13:32,357+0800 INFO  miktex - miktex-fc-cache: security risk: running with elevated privileges
2026-03-27 14:13:32,362+0800 WARN  miktex.core - still open: C:\Users\Lenovo\patents\7_SASPH-6G_Slice-Adaptive_Split-PQC_Handshake\.miktex-local\install\fontconfig/config\fonts.conf.in
2026-03-27 14:13:32,362+0800 WARN  miktex.core - still open: C:\Users\Lenovo\patents\7_SASPH-6G_Slice-Adaptive_Split-PQC_Handshake\.miktex-local\config\fontconfig\config\fonts.conf
2026-03-27 14:13:32,363+0800 INFO  miktex - this process (32408) finishes with exit code 0
2026-03-27 14:13:36,042+0800 INFO  miktex - this is One MiKTeX Utility 1.11 (MiKTeX 25.4)
2026-03-27 14:13:36,042+0800 INFO  miktex - this process (19712) started by xelatex in directory C:\Users\Lenovo\patents\7_SASPH-6G_Slice-Adaptive_Split-PQC_Handshake with command line: miktex fontmaps configure
2026-03-27 14:13:36,043+0800 INFO  miktex - Parsing configuration file C:\Users\Lenovo\patents\7_SASPH-6G_Slice-Adaptive_Split-PQC_Handshake\.miktex-local\install\miktex/config\updmap.cfg...
2026-03-27 14:13:36,272+0800 INFO  miktex - Writing C:\Users\Lenovo\patents\7_SASPH-6G_Slice-Adaptive_Split-PQC_Handshake\.miktex-local\data\fonts\map\dvipdfmx\kanjix.map...
2026-03-27 14:13:36,273+0800 INFO  miktex - Writing C:\Users\Lenovo\patents\7_SASPH-6G_Slice-Adaptive_Split-PQC_Handshake\.miktex-local\data\fonts\map\dvips\builtin35.map...
2026-03-27 14:13:36,276+0800 INFO  miktex - Writing C:\Users\Lenovo\patents\7_SASPH-6G_Slice-Adaptive_Split-PQC_Handshake\.miktex-local\data\fonts\map\dvips\download35.map...
2026-03-27 14:13:36,278+0800 INFO  miktex - Writing C:\Users\Lenovo\patents\7_SASPH-6G_Slice-Adaptive_Split-PQC_Handshake\.miktex-local\data\fonts\map\dvips\ps2pk.map...
2026-03-27 14:13:36,287+0800 INFO  miktex - Writing C:\Users\Lenovo\patents\7_SASPH-6G_Slice-Adaptive_Split-PQC_Handshake\.miktex-local\data\fonts\map\dvips\psfonts_pk.map...
2026-03-27 14:13:36,297+0800 INFO  miktex - Writing C:\Users\Lenovo\patents\7_SASPH-6G_Slice-Adaptive_Split-PQC_Handshake\.miktex-local\data\fonts\map\dvips\psfonts_t1.map...
2026-03-27 14:13:36,307+0800 INFO  miktex - Writing C:\Users\Lenovo\patents\7_SASPH-6G_Slice-Adaptive_Split-PQC_Handshake\.miktex-local\data\fonts\map\pdftex\pdftex_dl14.map...
2026-03-27 14:13:36,317+0800 INFO  miktex - Writing C:\Users\Lenovo\patents\7_SASPH-6G_Slice-Adaptive_Split-PQC_Handshake\.miktex-local\data\fonts\map\pdftex\pdftex_ndl14.map...
2026-03-27 14:13:36,327+0800 INFO  miktex - Copying C:\Users\Lenovo\patents\7_SASPH-6G_Slice-Adaptive_Split-PQC_Handshake\.miktex-local\data\fonts\map\dvips\psfonts_t1.map
2026-03-27 14:13:36,327+0800 INFO  miktex -      to C:\Users\Lenovo\patents\7_SASPH-6G_Slice-Adaptive_Split-PQC_Handshake\.miktex-local\data\fonts\map\dvips\psfonts.map...
2026-03-27 14:13:36,330+0800 INFO  miktex - Copying C:\Users\Lenovo\patents\7_SASPH-6G_Slice-Adaptive_Split-PQC_Handshake\.miktex-local\data\fonts\map\pdftex\pdftex_dl14.map
2026-03-27 14:13:36,330+0800 INFO  miktex -      to C:\Users\Lenovo\patents\7_SASPH-6G_Slice-Adaptive_Split-PQC_Handshake\.miktex-local\data\fonts\map\pdftex\pdftex.map...
2026-03-27 14:13:36,345+0800 INFO  miktex - running: miktex-fc-cache --miktex-disable-maintenance --miktex-disable-diagnose
2026-03-27 14:13:36,345+0800 INFO  miktex.core - start process: miktex-fc-cache --miktex-disable-maintenance --miktex-disable-diagnose
2026-03-27 14:13:37,044+0800 INFO  miktex - miktex-fc-cache: security risk: running with elevated privileges
2026-03-27 14:13:37,049+0800 WARN  miktex.core - still open: C:\Users\Lenovo\patents\7_SASPH-6G_Slice-Adaptive_Split-PQC_Handshake\.miktex-local\install\fontconfig/config\fonts.conf.in
2026-03-27 14:13:37,049+0800 WARN  miktex.core - still open: C:\Users\Lenovo\patents\7_SASPH-6G_Slice-Adaptive_Split-PQC_Handshake\.miktex-local\config\fontconfig\config\fonts.conf
2026-03-27 14:13:37,049+0800 INFO  miktex - this process (19712) finishes with exit code 0
2026-03-27 14:13:41,599+0800 INFO  miktex - this is One MiKTeX Utility 1.11 (MiKTeX 25.4)
2026-03-27 14:13:41,599+0800 INFO  miktex - this process (37420) started by xelatex in directory C:\Users\Lenovo\patents\7_SASPH-6G_Slice-Adaptive_Split-PQC_Handshake with command line: miktex fontmaps configure
2026-03-27 14:13:41,600+0800 INFO  miktex - Parsing configuration file C:\Users\Lenovo\patents\7_SASPH-6G_Slice-Adaptive_Split-PQC_Handshake\.miktex-local\install\miktex/config\updmap.cfg...
2026-03-27 14:13:41,754+0800 INFO  miktex - Writing C:\Users\Lenovo\patents\7_SASPH-6G_Slice-Adaptive_Split-PQC_Handshake\.miktex-local\data\fonts\map\dvipdfmx\kanjix.map...
2026-03-27 14:13:41,755+0800 INFO  miktex - Writing C:\Users\Lenovo\patents\7_SASPH-6G_Slice-Adaptive_Split-PQC_Handshake\.miktex-local\data\fonts\map\dvips\builtin35.map...
2026-03-27 14:13:41,758+0800 INFO  miktex - Writing C:\Users\Lenovo\patents\7_SASPH-6G_Slice-Adaptive_Split-PQC_Handshake\.miktex-local\data\fonts\map\dvips\download35.map...
2026-03-27 14:13:41,762+0800 INFO  miktex - Writing C:\Users\Lenovo\patents\7_SASPH-6G_Slice-Adaptive_Split-PQC_Handshake\.miktex-local\data\fonts\map\dvips\ps2pk.map...
2026-03-27 14:13:41,769+0800 INFO  miktex - Writing C:\Users\Lenovo\patents\7_SASPH-6G_Slice-Adaptive_Split-PQC_Handshake\.miktex-local\data\fonts\map\dvips\psfonts_pk.map...
2026-03-27 14:13:41,775+0800 INFO  miktex - Writing C:\Users\Lenovo\patents\7_SASPH-6G_Slice-Adaptive_Split-PQC_Handshake\.miktex-local\data\fonts\map\dvips\psfonts_t1.map...
2026-03-27 14:13:41,797+0800 INFO  miktex - Writing C:\Users\Lenovo\patents\7_SASPH-6G_Slice-Adaptive_Split-PQC_Handshake\.miktex-local\data\fonts\map\pdftex\pdftex_dl14.map...
2026-03-27 14:13:41,805+0800 INFO  miktex - Writing C:\Users\Lenovo\patents\7_SASPH-6G_Slice-Adaptive_Split-PQC_Handshake\.miktex-local\data\fonts\map\pdftex\pdftex_ndl14.map...
2026-03-27 14:13:41,811+0800 INFO  miktex - Copying C:\Users\Lenovo\patents\7_SASPH-6G_Slice-Adaptive_Split-PQC_Handshake\.miktex-local\data\fonts\map\dvips\psfonts_t1.map
2026-03-27 14:13:41,811+0800 INFO  miktex -      to C:\Users\Lenovo\patents\7_SASPH-6G_Slice-Adaptive_Split-PQC_Handshake\.miktex-local\data\fonts\map\dvips\psfonts.map...
2026-03-27 14:13:41,814+0800 INFO  miktex - Copying C:\Users\Lenovo\patents\7_SASPH-6G_Slice-Adaptive_Split-PQC_Handshake\.miktex-local\data\fonts\map\pdftex\pdftex_dl14.map
2026-03-27 14:13:41,814+0800 INFO  miktex -      to C:\Users\Lenovo\patents\7_SASPH-6G_Slice-Adaptive_Split-PQC_Handshake\.miktex-local\data\fonts\map\pdftex\pdftex.map...
2026-03-27 14:13:41,826+0800 INFO  miktex - running: miktex-fc-cache --miktex-disable-maintenance --miktex-disable-diagnose
2026-03-27 14:13:41,827+0800 INFO  miktex.core - start process: miktex-fc-cache --miktex-disable-maintenance --miktex-disable-diagnose
2026-03-27 14:13:42,333+0800 INFO  miktex - miktex-fc-cache: security risk: running with elevated privileges
2026-03-27 14:13:42,338+0800 WARN  miktex.core - still open: C:\Users\Lenovo\patents\7_SASPH-6G_Slice-Adaptive_Split-PQC_Handshake\.miktex-local\install\fontconfig/config\fonts.conf.in
2026-03-27 14:13:42,338+0800 WARN  miktex.core - still open: C:\Users\Lenovo\patents\7_SASPH-6G_Slice-Adaptive_Split-PQC_Handshake\.miktex-local\config\fontconfig\config\fonts.conf
2026-03-27 14:13:42,338+0800 INFO  miktex - this process (37420) finishes with exit code 0
2026-03-27 14:13:46,389+0800 INFO  miktex - this is One MiKTeX Utility 1.11 (MiKTeX 25.4)
2026-03-27 14:13:46,390+0800 INFO  miktex - this process (16880) started by xelatex in directory C:\Users\Lenovo\patents\7_SASPH-6G_Slice-Adaptive_Split-PQC_Handshake with command line: miktex fontmaps configure
2026-03-27 14:13:46,391+0800 INFO  miktex - Parsing configuration file C:\Users\Lenovo\patents\7_SASPH-6G_Slice-Adaptive_Split-PQC_Handshake\.miktex-local\install\miktex/config\updmap.cfg...
2026-03-27 14:13:46,528+0800 INFO  miktex - Writing C:\Users\Lenovo\patents\7_SASPH-6G_Slice-Adaptive_Split-PQC_Handshake\.miktex-local\data\fonts\map\dvipdfmx\kanjix.map...
2026-03-27 14:13:46,529+0800 INFO  miktex - Writing C:\Users\Lenovo\patents\7_SASPH-6G_Slice-Adaptive_Split-PQC_Handshake\.miktex-local\data\fonts\map\dvips\builtin35.map...
2026-03-27 14:13:46,530+0800 INFO  miktex - Writing C:\Users\Lenovo\patents\7_SASPH-6G_Slice-Adaptive_Split-PQC_Handshake\.miktex-local\data\fonts\map\dvips\download35.map...
2026-03-27 14:13:46,532+0800 INFO  miktex - Writing C:\Users\Lenovo\patents\7_SASPH-6G_Slice-Adaptive_Split-PQC_Handshake\.miktex-local\data\fonts\map\dvips\ps2pk.map...
2026-03-27 14:13:46,536+0800 INFO  miktex - Writing C:\Users\Lenovo\patents\7_SASPH-6G_Slice-Adaptive_Split-PQC_Handshake\.miktex-local\data\fonts\map\dvips\psfonts_pk.map...
2026-03-27 14:13:46,540+0800 INFO  miktex - Writing C:\Users\Lenovo\patents\7_SASPH-6G_Slice-Adaptive_Split-PQC_Handshake\.miktex-local\data\fonts\map\dvips\psfonts_t1.map...
2026-03-27 14:13:46,545+0800 INFO  miktex - Writing C:\Users\Lenovo\patents\7_SASPH-6G_Slice-Adaptive_Split-PQC_Handshake\.miktex-local\data\fonts\map\pdftex\pdftex_dl14.map...
2026-03-27 14:13:46,551+0800 INFO  miktex - Writing C:\Users\Lenovo\patents\7_SASPH-6G_Slice-Adaptive_Split-PQC_Handshake\.miktex-local\data\fonts\map\pdftex\pdftex_ndl14.map...
2026-03-27 14:13:46,555+0800 INFO  miktex - Copying C:\Users\Lenovo\patents\7_SASPH-6G_Slice-Adaptive_Split-PQC_Handshake\.miktex-local\data\fonts\map\dvips\psfonts_t1.map
2026-03-27 14:13:46,555+0800 INFO  miktex -      to C:\Users\Lenovo\patents\7_SASPH-6G_Slice-Adaptive_Split-PQC_Handshake\.miktex-local\data\fonts\map\dvips\psfonts.map...
2026-03-27 14:13:46,557+0800 INFO  miktex - Copying C:\Users\Lenovo\patents\7_SASPH-6G_Slice-Adaptive_Split-PQC_Handshake\.miktex-local\data\fonts\map\pdftex\pdftex_dl14.map
2026-03-27 14:13:46,557+0800 INFO  miktex -      to C:\Users\Lenovo\patents\7_SASPH-6G_Slice-Adaptive_Split-PQC_Handshake\.miktex-local\data\fonts\map\pdftex\pdftex.map...
2026-03-27 14:13:46,563+0800 INFO  miktex - running: miktex-fc-cache --miktex-disable-maintenance --miktex-disable-diagnose
2026-03-27 14:13:46,564+0800 INFO  miktex.core - start process: miktex-fc-cache --miktex-disable-maintenance --miktex-disable-diagnose
2026-03-27 14:13:47,093+0800 INFO  miktex - miktex-fc-cache: security risk: running with elevated privileges
2026-03-27 14:13:47,098+0800 WARN  miktex.core - still open: C:\Users\Lenovo\patents\7_SASPH-6G_Slice-Adaptive_Split-PQC_Handshake\.miktex-local\config\fontconfig\config\fonts.conf
2026-03-27 14:13:47,098+0800 WARN  miktex.core - still open: C:\Users\Lenovo\patents\7_SASPH-6G_Slice-Adaptive_Split-PQC_Handshake\.miktex-local\install\fontconfig/config\fonts.conf.in
2026-03-27 14:13:47,098+0800 INFO  miktex - this process (16880) finishes with exit code 0
2026-03-27 14:13:51,219+0800 INFO  miktex - this is One MiKTeX Utility 1.11 (MiKTeX 25.4)
2026-03-27 14:13:51,220+0800 INFO  miktex - this process (32844) started by xelatex in directory C:\Users\Lenovo\patents\7_SASPH-6G_Slice-Adaptive_Split-PQC_Handshake with command line: miktex fontmaps configure
2026-03-27 14:13:51,222+0800 INFO  miktex - Parsing configuration file C:\Users\Lenovo\patents\7_SASPH-6G_Slice-Adaptive_Split-PQC_Handshake\.miktex-local\install\miktex/config\updmap.cfg...
2026-03-27 14:13:51,418+0800 INFO  miktex - Writing C:\Users\Lenovo\patents\7_SASPH-6G_Slice-Adaptive_Split-PQC_Handshake\.miktex-local\data\fonts\map\dvipdfmx\kanjix.map...
2026-03-27 14:13:51,419+0800 INFO  miktex - Writing C:\Users\Lenovo\patents\7_SASPH-6G_Slice-Adaptive_Split-PQC_Handshake\.miktex-local\data\fonts\map\dvips\builtin35.map...
2026-03-27 14:13:51,422+0800 INFO  miktex - Writing C:\Users\Lenovo\patents\7_SASPH-6G_Slice-Adaptive_Split-PQC_Handshake\.miktex-local\data\fonts\map\dvips\download35.map...
2026-03-27 14:13:51,424+0800 INFO  miktex - Writing C:\Users\Lenovo\patents\7_SASPH-6G_Slice-Adaptive_Split-PQC_Handshake\.miktex-local\data\fonts\map\dvips\ps2pk.map...
2026-03-27 14:13:51,430+0800 INFO  miktex - Writing C:\Users\Lenovo\patents\7_SASPH-6G_Slice-Adaptive_Split-PQC_Handshake\.miktex-local\data\fonts\map\dvips\psfonts_pk.map...
2026-03-27 14:13:51,444+0800 INFO  miktex - Writing C:\Users\Lenovo\patents\7_SASPH-6G_Slice-Adaptive_Split-PQC_Handshake\.miktex-local\data\fonts\map\dvips\psfonts_t1.map...
2026-03-27 14:13:51,453+0800 INFO  miktex - Writing C:\Users\Lenovo\patents\7_SASPH-6G_Slice-Adaptive_Split-PQC_Handshake\.miktex-local\data\fonts\map\pdftex\pdftex_dl14.map...
2026-03-27 14:13:51,460+0800 INFO  miktex - Writing C:\Users\Lenovo\patents\7_SASPH-6G_Slice-Adaptive_Split-PQC_Handshake\.miktex-local\data\fonts\map\pdftex\pdftex_ndl14.map...
2026-03-27 14:13:51,469+0800 INFO  miktex - Copying C:\Users\Lenovo\patents\7_SASPH-6G_Slice-Adaptive_Split-PQC_Handshake\.miktex-local\data\fonts\map\dvips\psfonts_t1.map
2026-03-27 14:13:51,469+0800 INFO  miktex -      to C:\Users\Lenovo\patents\7_SASPH-6G_Slice-Adaptive_Split-PQC_Handshake\.miktex-local\data\fonts\map\dvips\psfonts.map...
2026-03-27 14:13:51,473+0800 INFO  miktex - Copying C:\Users\Lenovo\patents\7_SASPH-6G_Slice-Adaptive_Split-PQC_Handshake\.miktex-local\data\fonts\map\pdftex\pdftex_dl14.map
2026-03-27 14:13:51,473+0800 INFO  miktex -      to C:\Users\Lenovo\patents\7_SASPH-6G_Slice-Adaptive_Split-PQC_Handshake\.miktex-local\data\fonts\map\pdftex\pdftex.map...
2026-03-27 14:13:51,485+0800 INFO  miktex - running: miktex-fc-cache --miktex-disable-maintenance --miktex-disable-diagnose
2026-03-27 14:13:51,485+0800 INFO  miktex.core - start process: miktex-fc-cache --miktex-disable-maintenance --miktex-disable-diagnose
2026-03-27 14:13:52,003+0800 INFO  miktex - miktex-fc-cache: security risk: running with elevated privileges
2026-03-27 14:13:52,009+0800 WARN  miktex.core - still open: C:\Users\Lenovo\patents\7_SASPH-6G_Slice-Adaptive_Split-PQC_Handshake\.miktex-local\config\fontconfig\config\fonts.conf
2026-03-27 14:13:52,009+0800 WARN  miktex.core - still open: C:\Users\Lenovo\patents\7_SASPH-6G_Slice-Adaptive_Split-PQC_Handshake\.miktex-local\install\fontconfig/config\fonts.conf.in
2026-03-27 14:13:52,009+0800 INFO  miktex - this process (32844) finishes with exit code 0
2026-03-27 14:13:54,928+0800 INFO  miktex - this is One MiKTeX Utility 1.11 (MiKTeX 25.4)
2026-03-27 14:13:54,928+0800 INFO  miktex - this process (32308) started by xelatex in directory C:\Users\Lenovo\patents\7_SASPH-6G_Slice-Adaptive_Split-PQC_Handshake with command line: miktex fontmaps configure
2026-03-27 14:13:54,929+0800 INFO  miktex - Parsing configuration file C:\Users\Lenovo\patents\7_SASPH-6G_Slice-Adaptive_Split-PQC_Handshake\.miktex-local\install\miktex/config\updmap.cfg...
2026-03-27 14:13:55,035+0800 INFO  miktex - Writing C:\Users\Lenovo\patents\7_SASPH-6G_Slice-Adaptive_Split-PQC_Handshake\.miktex-local\data\fonts\map\dvipdfmx\kanjix.map...
2026-03-27 14:13:55,035+0800 INFO  miktex - Writing C:\Users\Lenovo\patents\7_SASPH-6G_Slice-Adaptive_Split-PQC_Handshake\.miktex-local\data\fonts\map\dvips\builtin35.map...
2026-03-27 14:13:55,038+0800 INFO  miktex - Writing C:\Users\Lenovo\patents\7_SASPH-6G_Slice-Adaptive_Split-PQC_Handshake\.miktex-local\data\fonts\map\dvips\download35.map...
2026-03-27 14:13:55,041+0800 INFO  miktex - Writing C:\Users\Lenovo\patents\7_SASPH-6G_Slice-Adaptive_Split-PQC_Handshake\.miktex-local\data\fonts\map\dvips\ps2pk.map...
2026-03-27 14:13:55,049+0800 INFO  miktex - Writing C:\Users\Lenovo\patents\7_SASPH-6G_Slice-Adaptive_Split-PQC_Handshake\.miktex-local\data\fonts\map\dvips\psfonts_pk.map...
2026-03-27 14:13:55,058+0800 INFO  miktex - Writing C:\Users\Lenovo\patents\7_SASPH-6G_Slice-Adaptive_Split-PQC_Handshake\.miktex-local\data\fonts\map\dvips\psfonts_t1.map...
2026-03-27 14:13:55,065+0800 INFO  miktex - Writing C:\Users\Lenovo\patents\7_SASPH-6G_Slice-Adaptive_Split-PQC_Handshake\.miktex-local\data\fonts\map\pdftex\pdftex_dl14.map...
2026-03-27 14:13:55,071+0800 INFO  miktex - Writing C:\Users\Lenovo\patents\7_SASPH-6G_Slice-Adaptive_Split-PQC_Handshake\.miktex-local\data\fonts\map\pdftex\pdftex_ndl14.map...
2026-03-27 14:13:55,076+0800 INFO  miktex - Copying C:\Users\Lenovo\patents\7_SASPH-6G_Slice-Adaptive_Split-PQC_Handshake\.miktex-local\data\fonts\map\dvips\psfonts_t1.map
2026-03-27 14:13:55,076+0800 INFO  miktex -      to C:\Users\Lenovo\patents\7_SASPH-6G_Slice-Adaptive_Split-PQC_Handshake\.miktex-local\data\fonts\map\dvips\psfonts.map...
2026-03-27 14:13:55,078+0800 INFO  miktex - Copying C:\Users\Lenovo\patents\7_SASPH-6G_Slice-Adaptive_Split-PQC_Handshake\.miktex-local\data\fonts\map\pdftex\pdftex_dl14.map
2026-03-27 14:13:55,079+0800 INFO  miktex -      to C:\Users\Lenovo\patents\7_SASPH-6G_Slice-Adaptive_Split-PQC_Handshake\.miktex-local\data\fonts\map\pdftex\pdftex.map...
2026-03-27 14:13:55,087+0800 INFO  miktex - running: miktex-fc-cache --miktex-disable-maintenance --miktex-disable-diagnose
2026-03-27 14:13:55,087+0800 INFO  miktex.core - start process: miktex-fc-cache --miktex-disable-maintenance --miktex-disable-diagnose
2026-03-27 14:13:55,497+0800 INFO  miktex - miktex-fc-cache: security risk: running with elevated privileges
2026-03-27 14:13:55,500+0800 WARN  miktex.core - still open: C:\Users\Lenovo\patents\7_SASPH-6G_Slice-Adaptive_Split-PQC_Handshake\.miktex-local\install\fontconfig/config\fonts.conf.in
2026-03-27 14:13:55,501+0800 WARN  miktex.core - still open: C:\Users\Lenovo\patents\7_SASPH-6G_Slice-Adaptive_Split-PQC_Handshake\.miktex-local\config\fontconfig\config\fonts.conf
2026-03-27 14:13:55,501+0800 INFO  miktex - this process (32308) finishes with exit code 0
2026-03-27 14:13:58,591+0800 INFO  miktex - this is One MiKTeX Utility 1.11 (MiKTeX 25.4)
2026-03-27 14:13:58,591+0800 INFO  miktex - this process (1584) started by xelatex in directory C:\Users\Lenovo\patents\7_SASPH-6G_Slice-Adaptive_Split-PQC_Handshake with command line: miktex fontmaps configure
2026-03-27 14:13:58,592+0800 INFO  miktex - Parsing configuration file C:\Users\Lenovo\patents\7_SASPH-6G_Slice-Adaptive_Split-PQC_Handshake\.miktex-local\install\miktex/config\updmap.cfg...
2026-03-27 14:13:58,693+0800 INFO  miktex - Writing C:\Users\Lenovo\patents\7_SASPH-6G_Slice-Adaptive_Split-PQC_Handshake\.miktex-local\data\fonts\map\dvipdfmx\kanjix.map...
2026-03-27 14:13:58,694+0800 INFO  miktex - Writing C:\Users\Lenovo\patents\7_SASPH-6G_Slice-Adaptive_Split-PQC_Handshake\.miktex-local\data\fonts\map\dvips\builtin35.map...
2026-03-27 14:13:58,696+0800 INFO  miktex - Writing C:\Users\Lenovo\patents\7_SASPH-6G_Slice-Adaptive_Split-PQC_Handshake\.miktex-local\data\fonts\map\dvips\download35.map...
2026-03-27 14:13:58,698+0800 INFO  miktex - Writing C:\Users\Lenovo\patents\7_SASPH-6G_Slice-Adaptive_Split-PQC_Handshake\.miktex-local\data\fonts\map\dvips\ps2pk.map...
2026-03-27 14:13:58,703+0800 INFO  miktex - Writing C:\Users\Lenovo\patents\7_SASPH-6G_Slice-Adaptive_Split-PQC_Handshake\.miktex-local\data\fonts\map\dvips\psfonts_pk.map...
2026-03-27 14:13:58,708+0800 INFO  miktex - Writing C:\Users\Lenovo\patents\7_SASPH-6G_Slice-Adaptive_Split-PQC_Handshake\.miktex-local\data\fonts\map\dvips\psfonts_t1.map...
2026-03-27 14:13:58,712+0800 INFO  miktex - Writing C:\Users\Lenovo\patents\7_SASPH-6G_Slice-Adaptive_Split-PQC_Handshake\.miktex-local\data\fonts\map\pdftex\pdftex_dl14.map...
2026-03-27 14:13:58,717+0800 INFO  miktex - Writing C:\Users\Lenovo\patents\7_SASPH-6G_Slice-Adaptive_Split-PQC_Handshake\.miktex-local\data\fonts\map\pdftex\pdftex_ndl14.map...
2026-03-27 14:13:58,721+0800 INFO  miktex - Copying C:\Users\Lenovo\patents\7_SASPH-6G_Slice-Adaptive_Split-PQC_Handshake\.miktex-local\data\fonts\map\dvips\psfonts_t1.map
2026-03-27 14:13:58,721+0800 INFO  miktex -      to C:\Users\Lenovo\patents\7_SASPH-6G_Slice-Adaptive_Split-PQC_Handshake\.miktex-local\data\fonts\map\dvips\psfonts.map...
2026-03-27 14:13:58,722+0800 INFO  miktex - Copying C:\Users\Lenovo\patents\7_SASPH-6G_Slice-Adaptive_Split-PQC_Handshake\.miktex-local\data\fonts\map\pdftex\pdftex_dl14.map
2026-03-27 14:13:58,722+0800 INFO  miktex -      to C:\Users\Lenovo\patents\7_SASPH-6G_Slice-Adaptive_Split-PQC_Handshake\.miktex-local\data\fonts\map\pdftex\pdftex.map...
2026-03-27 14:13:58,729+0800 INFO  miktex - running: miktex-fc-cache --miktex-disable-maintenance --miktex-disable-diagnose
2026-03-27 14:13:58,729+0800 INFO  miktex.core - start process: miktex-fc-cache --miktex-disable-maintenance --miktex-disable-diagnose
2026-03-27 14:13:59,107+0800 INFO  miktex - miktex-fc-cache: security risk: running with elevated privileges
2026-03-27 14:13:59,111+0800 WARN  miktex.core - still open: C:\Users\Lenovo\patents\7_SASPH-6G_Slice-Adaptive_Split-PQC_Handshake\.miktex-local\config\fontconfig\config\fonts.conf
2026-03-27 14:13:59,111+0800 WARN  miktex.core - still open: C:\Users\Lenovo\patents\7_SASPH-6G_Slice-Adaptive_Split-PQC_Handshake\.miktex-local\install\fontconfig/config\fonts.conf.in
2026-03-27 14:13:59,111+0800 INFO  miktex - this process (1584) finishes with exit code 0
2026-03-27 14:14:01,156+0800 INFO  miktex - this is One MiKTeX Utility 1.11 (MiKTeX 25.4)
2026-03-27 14:14:01,156+0800 INFO  miktex - this process (38124) started by xelatex in directory C:\Users\Lenovo\patents\7_SASPH-6G_Slice-Adaptive_Split-PQC_Handshake with command line: miktex fontmaps configure
2026-03-27 14:14:01,156+0800 INFO  miktex - Parsing configuration file C:\Users\Lenovo\patents\7_SASPH-6G_Slice-Adaptive_Split-PQC_Handshake\.miktex-local\install\miktex/config\updmap.cfg...
2026-03-27 14:14:01,248+0800 INFO  miktex - Writing C:\Users\Lenovo\patents\7_SASPH-6G_Slice-Adaptive_Split-PQC_Handshake\.miktex-local\data\fonts\map\dvipdfmx\kanjix.map...
2026-03-27 14:14:01,249+0800 INFO  miktex - Writing C:\Users\Lenovo\patents\7_SASPH-6G_Slice-Adaptive_Split-PQC_Handshake\.miktex-local\data\fonts\map\dvips\builtin35.map...
2026-03-27 14:14:01,251+0800 INFO  miktex - Writing C:\Users\Lenovo\patents\7_SASPH-6G_Slice-Adaptive_Split-PQC_Handshake\.miktex-local\data\fonts\map\dvips\download35.map...
2026-03-27 14:14:01,252+0800 INFO  miktex - Writing C:\Users\Lenovo\patents\7_SASPH-6G_Slice-Adaptive_Split-PQC_Handshake\.miktex-local\data\fonts\map\dvips\ps2pk.map...
2026-03-27 14:14:01,257+0800 INFO  miktex - Writing C:\Users\Lenovo\patents\7_SASPH-6G_Slice-Adaptive_Split-PQC_Handshake\.miktex-local\data\fonts\map\dvips\psfonts_pk.map...
2026-03-27 14:14:01,262+0800 INFO  miktex - Writing C:\Users\Lenovo\patents\7_SASPH-6G_Slice-Adaptive_Split-PQC_Handshake\.miktex-local\data\fonts\map\dvips\psfonts_t1.map...
2026-03-27 14:14:01,266+0800 INFO  miktex - Writing C:\Users\Lenovo\patents\7_SASPH-6G_Slice-Adaptive_Split-PQC_Handshake\.miktex-local\data\fonts\map\pdftex\pdftex_dl14.map...
2026-03-27 14:14:01,271+0800 INFO  miktex - Writing C:\Users\Lenovo\patents\7_SASPH-6G_Slice-Adaptive_Split-PQC_Handshake\.miktex-local\data\fonts\map\pdftex\pdftex_ndl14.map...
2026-03-27 14:14:01,276+0800 INFO  miktex - Copying C:\Users\Lenovo\patents\7_SASPH-6G_Slice-Adaptive_Split-PQC_Handshake\.miktex-local\data\fonts\map\dvips\psfonts_t1.map
2026-03-27 14:14:01,276+0800 INFO  miktex -      to C:\Users\Lenovo\patents\7_SASPH-6G_Slice-Adaptive_Split-PQC_Handshake\.miktex-local\data\fonts\map\dvips\psfonts.map...
2026-03-27 14:14:01,278+0800 INFO  miktex - Copying C:\Users\Lenovo\patents\7_SASPH-6G_Slice-Adaptive_Split-PQC_Handshake\.miktex-local\data\fonts\map\pdftex\pdftex_dl14.map
2026-03-27 14:14:01,278+0800 INFO  miktex -      to C:\Users\Lenovo\patents\7_SASPH-6G_Slice-Adaptive_Split-PQC_Handshake\.miktex-local\data\fonts\map\pdftex\pdftex.map...
2026-03-27 14:14:01,284+0800 INFO  miktex - running: miktex-fc-cache --miktex-disable-maintenance --miktex-disable-diagnose
2026-03-27 14:14:01,285+0800 INFO  miktex.core - start process: miktex-fc-cache --miktex-disable-maintenance --miktex-disable-diagnose
2026-03-27 14:14:01,631+0800 INFO  miktex - miktex-fc-cache: security risk: running with elevated privileges
2026-03-27 14:14:01,635+0800 WARN  miktex.core - still open: C:\Users\Lenovo\patents\7_SASPH-6G_Slice-Adaptive_Split-PQC_Handshake\.miktex-local\install\fontconfig/config\fonts.conf.in
2026-03-27 14:14:01,635+0800 WARN  miktex.core - still open: C:\Users\Lenovo\patents\7_SASPH-6G_Slice-Adaptive_Split-PQC_Handshake\.miktex-local\config\fontconfig\config\fonts.conf
2026-03-27 14:14:01,636+0800 INFO  miktex - this process (38124) finishes with exit code 0
2026-03-27 14:14:04,304+0800 INFO  miktex - this is One MiKTeX Utility 1.11 (MiKTeX 25.4)
2026-03-27 14:14:04,304+0800 INFO  miktex - this process (29252) started by xelatex in directory C:\Users\Lenovo\patents\7_SASPH-6G_Slice-Adaptive_Split-PQC_Handshake with command line: miktex fontmaps configure
2026-03-27 14:14:04,305+0800 INFO  miktex - Parsing configuration file C:\Users\Lenovo\patents\7_SASPH-6G_Slice-Adaptive_Split-PQC_Handshake\.miktex-local\install\miktex/config\updmap.cfg...
2026-03-27 14:14:04,391+0800 INFO  miktex - Writing C:\Users\Lenovo\patents\7_SASPH-6G_Slice-Adaptive_Split-PQC_Handshake\.miktex-local\data\fonts\map\dvipdfmx\kanjix.map...
2026-03-27 14:14:04,392+0800 INFO  miktex - Writing C:\Users\Lenovo\patents\7_SASPH-6G_Slice-Adaptive_Split-PQC_Handshake\.miktex-local\data\fonts\map\dvips\builtin35.map...
2026-03-27 14:14:04,393+0800 INFO  miktex - Writing C:\Users\Lenovo\patents\7_SASPH-6G_Slice-Adaptive_Split-PQC_Handshake\.miktex-local\data\fonts\map\dvips\download35.map...
2026-03-27 14:14:04,395+0800 INFO  miktex - Writing C:\Users\Lenovo\patents\7_SASPH-6G_Slice-Adaptive_Split-PQC_Handshake\.miktex-local\data\fonts\map\dvips\ps2pk.map...
2026-03-27 14:14:04,402+0800 INFO  miktex - Writing C:\Users\Lenovo\patents\7_SASPH-6G_Slice-Adaptive_Split-PQC_Handshake\.miktex-local\data\fonts\map\dvips\psfonts_pk.map...
2026-03-27 14:14:04,408+0800 INFO  miktex - Writing C:\Users\Lenovo\patents\7_SASPH-6G_Slice-Adaptive_Split-PQC_Handshake\.miktex-local\data\fonts\map\dvips\psfonts_t1.map...
2026-03-27 14:14:04,415+0800 INFO  miktex - Writing C:\Users\Lenovo\patents\7_SASPH-6G_Slice-Adaptive_Split-PQC_Handshake\.miktex-local\data\fonts\map\pdftex\pdftex_dl14.map...
2026-03-27 14:14:04,421+0800 INFO  miktex - Writing C:\Users\Lenovo\patents\7_SASPH-6G_Slice-Adaptive_Split-PQC_Handshake\.miktex-local\data\fonts\map\pdftex\pdftex_ndl14.map...
2026-03-27 14:14:04,428+0800 INFO  miktex - Copying C:\Users\Lenovo\patents\7_SASPH-6G_Slice-Adaptive_Split-PQC_Handshake\.miktex-local\data\fonts\map\dvips\psfonts_t1.map
2026-03-27 14:14:04,428+0800 INFO  miktex -      to C:\Users\Lenovo\patents\7_SASPH-6G_Slice-Adaptive_Split-PQC_Handshake\.miktex-local\data\fonts\map\dvips\psfonts.map...
2026-03-27 14:14:04,431+0800 INFO  miktex - Copying C:\Users\Lenovo\patents\7_SASPH-6G_Slice-Adaptive_Split-PQC_Handshake\.miktex-local\data\fonts\map\pdftex\pdftex_dl14.map
2026-03-27 14:14:04,431+0800 INFO  miktex -      to C:\Users\Lenovo\patents\7_SASPH-6G_Slice-Adaptive_Split-PQC_Handshake\.miktex-local\data\fonts\map\pdftex\pdftex.map...
2026-03-27 14:14:04,446+0800 INFO  miktex - running: miktex-fc-cache --miktex-disable-maintenance --miktex-disable-diagnose
2026-03-27 14:14:04,446+0800 INFO  miktex.core - start process: miktex-fc-cache --miktex-disable-maintenance --miktex-disable-diagnose
2026-03-27 14:14:04,780+0800 INFO  miktex - miktex-fc-cache: security risk: running with elevated privileges
2026-03-27 14:14:04,783+0800 WARN  miktex.core - still open: C:\Users\Lenovo\patents\7_SASPH-6G_Slice-Adaptive_Split-PQC_Handshake\.miktex-local\install\fontconfig/config\fonts.conf.in
2026-03-27 14:14:04,783+0800 WARN  miktex.core - still open: C:\Users\Lenovo\patents\7_SASPH-6G_Slice-Adaptive_Split-PQC_Handshake\.miktex-local\config\fontconfig\config\fonts.conf
2026-03-27 14:14:04,783+0800 INFO  miktex - this process (29252) finishes with exit code 0
2026-03-27 14:14:06,903+0800 INFO  miktex - this is One MiKTeX Utility 1.11 (MiKTeX 25.4)
2026-03-27 14:14:06,904+0800 INFO  miktex - this process (2488) started by xelatex in directory C:\Users\Lenovo\patents\7_SASPH-6G_Slice-Adaptive_Split-PQC_Handshake with command line: miktex fontmaps configure
2026-03-27 14:14:06,904+0800 INFO  miktex - Parsing configuration file C:\Users\Lenovo\patents\7_SASPH-6G_Slice-Adaptive_Split-PQC_Handshake\.miktex-local\install\miktex/config\updmap.cfg...
2026-03-27 14:14:06,992+0800 INFO  miktex - Writing C:\Users\Lenovo\patents\7_SASPH-6G_Slice-Adaptive_Split-PQC_Handshake\.miktex-local\data\fonts\map\dvipdfmx\kanjix.map...
2026-03-27 14:14:06,993+0800 INFO  miktex - Writing C:\Users\Lenovo\patents\7_SASPH-6G_Slice-Adaptive_Split-PQC_Handshake\.miktex-local\data\fonts\map\dvips\builtin35.map...
2026-03-27 14:14:06,995+0800 INFO  miktex - Writing C:\Users\Lenovo\patents\7_SASPH-6G_Slice-Adaptive_Split-PQC_Handshake\.miktex-local\data\fonts\map\dvips\download35.map...
2026-03-27 14:14:06,997+0800 INFO  miktex - Writing C:\Users\Lenovo\patents\7_SASPH-6G_Slice-Adaptive_Split-PQC_Handshake\.miktex-local\data\fonts\map\dvips\ps2pk.map...
2026-03-27 14:14:07,005+0800 INFO  miktex - Writing C:\Users\Lenovo\patents\7_SASPH-6G_Slice-Adaptive_Split-PQC_Handshake\.miktex-local\data\fonts\map\dvips\psfonts_pk.map...
2026-03-27 14:14:07,014+0800 INFO  miktex - Writing C:\Users\Lenovo\patents\7_SASPH-6G_Slice-Adaptive_Split-PQC_Handshake\.miktex-local\data\fonts\map\dvips\psfonts_t1.map...
2026-03-27 14:14:07,026+0800 INFO  miktex - Writing C:\Users\Lenovo\patents\7_SASPH-6G_Slice-Adaptive_Split-PQC_Handshake\.miktex-local\data\fonts\map\pdftex\pdftex_dl14.map...
2026-03-27 14:14:07,037+0800 INFO  miktex - Writing C:\Users\Lenovo\patents\7_SASPH-6G_Slice-Adaptive_Split-PQC_Handshake\.miktex-local\data\fonts\map\pdftex\pdftex_ndl14.map...
2026-03-27 14:14:07,044+0800 INFO  miktex - Copying C:\Users\Lenovo\patents\7_SASPH-6G_Slice-Adaptive_Split-PQC_Handshake\.miktex-local\data\fonts\map\dvips\psfonts_t1.map
2026-03-27 14:14:07,044+0800 INFO  miktex -      to C:\Users\Lenovo\patents\7_SASPH-6G_Slice-Adaptive_Split-PQC_Handshake\.miktex-local\data\fonts\map\dvips\psfonts.map...
2026-03-27 14:14:07,046+0800 INFO  miktex - Copying C:\Users\Lenovo\patents\7_SASPH-6G_Slice-Adaptive_Split-PQC_Handshake\.miktex-local\data\fonts\map\pdftex\pdftex_dl14.map
2026-03-27 14:14:07,046+0800 INFO  miktex -      to C:\Users\Lenovo\patents\7_SASPH-6G_Slice-Adaptive_Split-PQC_Handshake\.miktex-local\data\fonts\map\pdftex\pdftex.map...
2026-03-27 14:14:07,053+0800 INFO  miktex - running: miktex-fc-cache --miktex-disable-maintenance --miktex-disable-diagnose
2026-03-27 14:14:07,053+0800 INFO  miktex.core - start process: miktex-fc-cache --miktex-disable-maintenance --miktex-disable-diagnose
2026-03-27 14:14:07,365+0800 INFO  miktex - miktex-fc-cache: security risk: running with elevated privileges
2026-03-27 14:14:07,369+0800 WARN  miktex.core - still open: C:\Users\Lenovo\patents\7_SASPH-6G_Slice-Adaptive_Split-PQC_Handshake\.miktex-local\config\fontconfig\config\fonts.conf
2026-03-27 14:14:07,369+0800 WARN  miktex.core - still open: C:\Users\Lenovo\patents\7_SASPH-6G_Slice-Adaptive_Split-PQC_Handshake\.miktex-local\install\fontconfig/config\fonts.conf.in
2026-03-27 14:14:07,369+0800 INFO  miktex - this process (2488) finishes with exit code 0
2026-03-27 14:14:09,813+0800 INFO  miktex - this is One MiKTeX Utility 1.11 (MiKTeX 25.4)
2026-03-27 14:14:09,814+0800 INFO  miktex - this process (32456) started by xelatex in directory C:\Users\Lenovo\patents\7_SASPH-6G_Slice-Adaptive_Split-PQC_Handshake with command line: miktex fontmaps configure
2026-03-27 14:14:09,814+0800 INFO  miktex - Parsing configuration file C:\Users\Lenovo\patents\7_SASPH-6G_Slice-Adaptive_Split-PQC_Handshake\.miktex-local\install\miktex/config\updmap.cfg...
2026-03-27 14:14:09,904+0800 INFO  miktex - Writing C:\Users\Lenovo\patents\7_SASPH-6G_Slice-Adaptive_Split-PQC_Handshake\.miktex-local\data\fonts\map\dvipdfmx\kanjix.map...
2026-03-27 14:14:09,904+0800 INFO  miktex - Writing C:\Users\Lenovo\patents\7_SASPH-6G_Slice-Adaptive_Split-PQC_Handshake\.miktex-local\data\fonts\map\dvips\builtin35.map...
2026-03-27 14:14:09,906+0800 INFO  miktex - Writing C:\Users\Lenovo\patents\7_SASPH-6G_Slice-Adaptive_Split-PQC_Handshake\.miktex-local\data\fonts\map\dvips\download35.map...
2026-03-27 14:14:09,908+0800 INFO  miktex - Writing C:\Users\Lenovo\patents\7_SASPH-6G_Slice-Adaptive_Split-PQC_Handshake\.miktex-local\data\fonts\map\dvips\ps2pk.map...
2026-03-27 14:14:09,916+0800 INFO  miktex - Writing C:\Users\Lenovo\patents\7_SASPH-6G_Slice-Adaptive_Split-PQC_Handshake\.miktex-local\data\fonts\map\dvips\psfonts_pk.map...
2026-03-27 14:14:09,930+0800 INFO  miktex - Writing C:\Users\Lenovo\patents\7_SASPH-6G_Slice-Adaptive_Split-PQC_Handshake\.miktex-local\data\fonts\map\dvips\psfonts_t1.map...
2026-03-27 14:14:09,943+0800 INFO  miktex - Writing C:\Users\Lenovo\patents\7_SASPH-6G_Slice-Adaptive_Split-PQC_Handshake\.miktex-local\data\fonts\map\pdftex\pdftex_dl14.map...
2026-03-27 14:14:09,955+0800 INFO  miktex - Writing C:\Users\Lenovo\patents\7_SASPH-6G_Slice-Adaptive_Split-PQC_Handshake\.miktex-local\data\fonts\map\pdftex\pdftex_ndl14.map...
2026-03-27 14:14:09,962+0800 INFO  miktex - Copying C:\Users\Lenovo\patents\7_SASPH-6G_Slice-Adaptive_Split-PQC_Handshake\.miktex-local\data\fonts\map\dvips\psfonts_t1.map
2026-03-27 14:14:09,962+0800 INFO  miktex -      to C:\Users\Lenovo\patents\7_SASPH-6G_Slice-Adaptive_Split-PQC_Handshake\.miktex-local\data\fonts\map\dvips\psfonts.map...
2026-03-27 14:14:09,965+0800 INFO  miktex - Copying C:\Users\Lenovo\patents\7_SASPH-6G_Slice-Adaptive_Split-PQC_Handshake\.miktex-local\data\fonts\map\pdftex\pdftex_dl14.map
2026-03-27 14:14:09,965+0800 INFO  miktex -      to C:\Users\Lenovo\patents\7_SASPH-6G_Slice-Adaptive_Split-PQC_Handshake\.miktex-local\data\fonts\map\pdftex\pdftex.map...
2026-03-27 14:14:09,976+0800 INFO  miktex - running: miktex-fc-cache --miktex-disable-maintenance --miktex-disable-diagnose
2026-03-27 14:14:09,976+0800 INFO  miktex.core - start process: miktex-fc-cache --miktex-disable-maintenance --miktex-disable-diagnose
2026-03-27 14:14:10,300+0800 INFO  miktex - miktex-fc-cache: security risk: running with elevated privileges
2026-03-27 14:14:10,303+0800 WARN  miktex.core - still open: C:\Users\Lenovo\patents\7_SASPH-6G_Slice-Adaptive_Split-PQC_Handshake\.miktex-local\install\fontconfig/config\fonts.conf.in
2026-03-27 14:14:10,303+0800 WARN  miktex.core - still open: C:\Users\Lenovo\patents\7_SASPH-6G_Slice-Adaptive_Split-PQC_Handshake\.miktex-local\config\fontconfig\config\fonts.conf
2026-03-27 14:14:10,303+0800 INFO  miktex - this process (32456) finishes with exit code 0
2026-03-27 14:14:12,353+0800 INFO  miktex - this is One MiKTeX Utility 1.11 (MiKTeX 25.4)
2026-03-27 14:14:12,354+0800 INFO  miktex - this process (31752) started by xelatex in directory C:\Users\Lenovo\patents\7_SASPH-6G_Slice-Adaptive_Split-PQC_Handshake with command line: miktex fontmaps configure
2026-03-27 14:14:12,354+0800 INFO  miktex - Parsing configuration file C:\Users\Lenovo\patents\7_SASPH-6G_Slice-Adaptive_Split-PQC_Handshake\.miktex-local\install\miktex/config\updmap.cfg...
2026-03-27 14:14:12,464+0800 INFO  miktex - Writing C:\Users\Lenovo\patents\7_SASPH-6G_Slice-Adaptive_Split-PQC_Handshake\.miktex-local\data\fonts\map\dvipdfmx\kanjix.map...
2026-03-27 14:14:12,465+0800 INFO  miktex - Writing C:\Users\Lenovo\patents\7_SASPH-6G_Slice-Adaptive_Split-PQC_Handshake\.miktex-local\data\fonts\map\dvips\builtin35.map...
2026-03-27 14:14:12,467+0800 INFO  miktex - Writing C:\Users\Lenovo\patents\7_SASPH-6G_Slice-Adaptive_Split-PQC_Handshake\.miktex-local\data\fonts\map\dvips\download35.map...
2026-03-27 14:14:12,469+0800 INFO  miktex - Writing C:\Users\Lenovo\patents\7_SASPH-6G_Slice-Adaptive_Split-PQC_Handshake\.miktex-local\data\fonts\map\dvips\ps2pk.map...
2026-03-27 14:14:12,474+0800 INFO  miktex - Writing C:\Users\Lenovo\patents\7_SASPH-6G_Slice-Adaptive_Split-PQC_Handshake\.miktex-local\data\fonts\map\dvips\psfonts_pk.map...
2026-03-27 14:14:12,478+0800 INFO  miktex - Writing C:\Users\Lenovo\patents\7_SASPH-6G_Slice-Adaptive_Split-PQC_Handshake\.miktex-local\data\fonts\map\dvips\psfonts_t1.map...
2026-03-27 14:14:12,482+0800 INFO  miktex - Writing C:\Users\Lenovo\patents\7_SASPH-6G_Slice-Adaptive_Split-PQC_Handshake\.miktex-local\data\fonts\map\pdftex\pdftex_dl14.map...
2026-03-27 14:14:12,486+0800 INFO  miktex - Writing C:\Users\Lenovo\patents\7_SASPH-6G_Slice-Adaptive_Split-PQC_Handshake\.miktex-local\data\fonts\map\pdftex\pdftex_ndl14.map...
2026-03-27 14:14:12,491+0800 INFO  miktex - Copying C:\Users\Lenovo\patents\7_SASPH-6G_Slice-Adaptive_Split-PQC_Handshake\.miktex-local\data\fonts\map\dvips\psfonts_t1.map
2026-03-27 14:14:12,491+0800 INFO  miktex -      to C:\Users\Lenovo\patents\7_SASPH-6G_Slice-Adaptive_Split-PQC_Handshake\.miktex-local\data\fonts\map\dvips\psfonts.map...
2026-03-27 14:14:12,493+0800 INFO  miktex - Copying C:\Users\Lenovo\patents\7_SASPH-6G_Slice-Adaptive_Split-PQC_Handshake\.miktex-local\data\fonts\map\pdftex\pdftex_dl14.map
2026-03-27 14:14:12,493+0800 INFO  miktex -      to C:\Users\Lenovo\patents\7_SASPH-6G_Slice-Adaptive_Split-PQC_Handshake\.miktex-local\data\fonts\map\pdftex\pdftex.map...
2026-03-27 14:14:12,501+0800 INFO  miktex - running: miktex-fc-cache --miktex-disable-maintenance --miktex-disable-diagnose
2026-03-27 14:14:12,501+0800 INFO  miktex.core - start process: miktex-fc-cache --miktex-disable-maintenance --miktex-disable-diagnose
2026-03-27 14:14:12,859+0800 INFO  miktex - miktex-fc-cache: security risk: running with elevated privileges
2026-03-27 14:14:12,863+0800 WARN  miktex.core - still open: C:\Users\Lenovo\patents\7_SASPH-6G_Slice-Adaptive_Split-PQC_Handshake\.miktex-local\install\fontconfig/config\fonts.conf.in
2026-03-27 14:14:12,863+0800 WARN  miktex.core - still open: C:\Users\Lenovo\patents\7_SASPH-6G_Slice-Adaptive_Split-PQC_Handshake\.miktex-local\config\fontconfig\config\fonts.conf
2026-03-27 14:14:12,863+0800 INFO  miktex - this process (31752) finishes with exit code 0
2026-03-27 14:14:15,198+0800 INFO  miktex - this is One MiKTeX Utility 1.11 (MiKTeX 25.4)
2026-03-27 14:14:15,198+0800 INFO  miktex - this process (32012) started by xelatex in directory C:\Users\Lenovo\patents\7_SASPH-6G_Slice-Adaptive_Split-PQC_Handshake with command line: miktex fontmaps configure
2026-03-27 14:14:15,198+0800 INFO  miktex - Parsing configuration file C:\Users\Lenovo\patents\7_SASPH-6G_Slice-Adaptive_Split-PQC_Handshake\.miktex-local\install\miktex/config\updmap.cfg...
2026-03-27 14:14:15,283+0800 INFO  miktex - Writing C:\Users\Lenovo\patents\7_SASPH-6G_Slice-Adaptive_Split-PQC_Handshake\.miktex-local\data\fonts\map\dvipdfmx\kanjix.map...
2026-03-27 14:14:15,284+0800 INFO  miktex - Writing C:\Users\Lenovo\patents\7_SASPH-6G_Slice-Adaptive_Split-PQC_Handshake\.miktex-local\data\fonts\map\dvips\builtin35.map...
2026-03-27 14:14:15,285+0800 INFO  miktex - Writing C:\Users\Lenovo\patents\7_SASPH-6G_Slice-Adaptive_Split-PQC_Handshake\.miktex-local\data\fonts\map\dvips\download35.map...
2026-03-27 14:14:15,288+0800 INFO  miktex - Writing C:\Users\Lenovo\patents\7_SASPH-6G_Slice-Adaptive_Split-PQC_Handshake\.miktex-local\data\fonts\map\dvips\ps2pk.map...
2026-03-27 14:14:15,292+0800 INFO  miktex - Writing C:\Users\Lenovo\patents\7_SASPH-6G_Slice-Adaptive_Split-PQC_Handshake\.miktex-local\data\fonts\map\dvips\psfonts_pk.map...
2026-03-27 14:14:15,296+0800 INFO  miktex - Writing C:\Users\Lenovo\patents\7_SASPH-6G_Slice-Adaptive_Split-PQC_Handshake\.miktex-local\data\fonts\map\dvips\psfonts_t1.map...
2026-03-27 14:14:15,306+0800 INFO  miktex - Writing C:\Users\Lenovo\patents\7_SASPH-6G_Slice-Adaptive_Split-PQC_Handshake\.miktex-local\data\fonts\map\pdftex\pdftex_dl14.map...
2026-03-27 14:14:15,313+0800 INFO  miktex - Writing C:\Users\Lenovo\patents\7_SASPH-6G_Slice-Adaptive_Split-PQC_Handshake\.miktex-local\data\fonts\map\pdftex\pdftex_ndl14.map...
2026-03-27 14:14:15,317+0800 INFO  miktex - Copying C:\Users\Lenovo\patents\7_SASPH-6G_Slice-Adaptive_Split-PQC_Handshake\.miktex-local\data\fonts\map\dvips\psfonts_t1.map
2026-03-27 14:14:15,317+0800 INFO  miktex -      to C:\Users\Lenovo\patents\7_SASPH-6G_Slice-Adaptive_Split-PQC_Handshake\.miktex-local\data\fonts\map\dvips\psfonts.map...
2026-03-27 14:14:15,319+0800 INFO  miktex - Copying C:\Users\Lenovo\patents\7_SASPH-6G_Slice-Adaptive_Split-PQC_Handshake\.miktex-local\data\fonts\map\pdftex\pdftex_dl14.map
2026-03-27 14:14:15,319+0800 INFO  miktex -      to C:\Users\Lenovo\patents\7_SASPH-6G_Slice-Adaptive_Split-PQC_Handshake\.miktex-local\data\fonts\map\pdftex\pdftex.map...
2026-03-27 14:14:15,327+0800 INFO  miktex - running: miktex-fc-cache --miktex-disable-maintenance --miktex-disable-diagnose
2026-03-27 14:14:15,327+0800 INFO  miktex.core - start process: miktex-fc-cache --miktex-disable-maintenance --miktex-disable-diagnose
2026-03-27 14:14:15,680+0800 INFO  miktex - miktex-fc-cache: security risk: running with elevated privileges
2026-03-27 14:14:15,683+0800 WARN  miktex.core - still open: C:\Users\Lenovo\patents\7_SASPH-6G_Slice-Adaptive_Split-PQC_Handshake\.miktex-local\config\fontconfig\config\fonts.conf
2026-03-27 14:14:15,683+0800 WARN  miktex.core - still open: C:\Users\Lenovo\patents\7_SASPH-6G_Slice-Adaptive_Split-PQC_Handshake\.miktex-local\install\fontconfig/config\fonts.conf.in
2026-03-27 14:14:15,683+0800 INFO  miktex - this process (32012) finishes with exit code 0
2026-03-27 14:14:20,800+0800 INFO  miktex - this is One MiKTeX Utility 1.11 (MiKTeX 25.4)
2026-03-27 14:14:20,800+0800 INFO  miktex - this process (39136) started by xelatex in directory C:\Users\Lenovo\patents\7_SASPH-6G_Slice-Adaptive_Split-PQC_Handshake with command line: miktex fontmaps configure
2026-03-27 14:14:20,801+0800 INFO  miktex - Parsing configuration file C:\Users\Lenovo\patents\7_SASPH-6G_Slice-Adaptive_Split-PQC_Handshake\.miktex-local\install\miktex/config\updmap.cfg...
2026-03-27 14:14:20,921+0800 INFO  miktex - Writing C:\Users\Lenovo\patents\7_SASPH-6G_Slice-Adaptive_Split-PQC_Handshake\.miktex-local\data\fonts\map\dvipdfmx\kanjix.map...
2026-03-27 14:14:20,922+0800 INFO  miktex - Writing C:\Users\Lenovo\patents\7_SASPH-6G_Slice-Adaptive_Split-PQC_Handshake\.miktex-local\data\fonts\map\dvips\builtin35.map...
2026-03-27 14:14:20,926+0800 INFO  miktex - Writing C:\Users\Lenovo\patents\7_SASPH-6G_Slice-Adaptive_Split-PQC_Handshake\.miktex-local\data\fonts\map\dvips\download35.map...
2026-03-27 14:14:20,930+0800 INFO  miktex - Writing C:\Users\Lenovo\patents\7_SASPH-6G_Slice-Adaptive_Split-PQC_Handshake\.miktex-local\data\fonts\map\dvips\ps2pk.map...
2026-03-27 14:14:20,936+0800 INFO  miktex - Writing C:\Users\Lenovo\patents\7_SASPH-6G_Slice-Adaptive_Split-PQC_Handshake\.miktex-local\data\fonts\map\dvips\psfonts_pk.map...
2026-03-27 14:14:20,944+0800 INFO  miktex - Writing C:\Users\Lenovo\patents\7_SASPH-6G_Slice-Adaptive_Split-PQC_Handshake\.miktex-local\data\fonts\map\dvips\psfonts_t1.map...
2026-03-27 14:14:20,952+0800 INFO  miktex - Writing C:\Users\Lenovo\patents\7_SASPH-6G_Slice-Adaptive_Split-PQC_Handshake\.miktex-local\data\fonts\map\pdftex\pdftex_dl14.map...
2026-03-27 14:14:20,960+0800 INFO  miktex - Writing C:\Users\Lenovo\patents\7_SASPH-6G_Slice-Adaptive_Split-PQC_Handshake\.miktex-local\data\fonts\map\pdftex\pdftex_ndl14.map...
2026-03-27 14:14:20,969+0800 INFO  miktex - Copying C:\Users\Lenovo\patents\7_SASPH-6G_Slice-Adaptive_Split-PQC_Handshake\.miktex-local\data\fonts\map\dvips\psfonts_t1.map
2026-03-27 14:14:20,969+0800 INFO  miktex -      to C:\Users\Lenovo\patents\7_SASPH-6G_Slice-Adaptive_Split-PQC_Handshake\.miktex-local\data\fonts\map\dvips\psfonts.map...
2026-03-27 14:14:20,972+0800 INFO  miktex - Copying C:\Users\Lenovo\patents\7_SASPH-6G_Slice-Adaptive_Split-PQC_Handshake\.miktex-local\data\fonts\map\pdftex\pdftex_dl14.map
2026-03-27 14:14:20,972+0800 INFO  miktex -      to C:\Users\Lenovo\patents\7_SASPH-6G_Slice-Adaptive_Split-PQC_Handshake\.miktex-local\data\fonts\map\pdftex\pdftex.map...
2026-03-27 14:14:20,980+0800 INFO  miktex - running: miktex-fc-cache --miktex-disable-maintenance --miktex-disable-diagnose
2026-03-27 14:14:20,981+0800 INFO  miktex.core - start process: miktex-fc-cache --miktex-disable-maintenance --miktex-disable-diagnose
2026-03-27 14:14:21,490+0800 INFO  miktex - miktex-fc-cache: security risk: running with elevated privileges
2026-03-27 14:14:21,495+0800 WARN  miktex.core - still open: C:\Users\Lenovo\patents\7_SASPH-6G_Slice-Adaptive_Split-PQC_Handshake\.miktex-local\install\fontconfig/config\fonts.conf.in
2026-03-27 14:14:21,495+0800 WARN  miktex.core - still open: C:\Users\Lenovo\patents\7_SASPH-6G_Slice-Adaptive_Split-PQC_Handshake\.miktex-local\config\fontconfig\config\fonts.conf
2026-03-27 14:14:21,496+0800 INFO  miktex - this process (39136) finishes with exit code 0
2026-03-27 14:14:23,736+0800 INFO  miktex - this is One MiKTeX Utility 1.11 (MiKTeX 25.4)
2026-03-27 14:14:23,736+0800 INFO  miktex - this process (40864) started by xelatex in directory C:\Users\Lenovo\patents\7_SASPH-6G_Slice-Adaptive_Split-PQC_Handshake with command line: miktex fontmaps configure
2026-03-27 14:14:23,737+0800 INFO  miktex - Parsing configuration file C:\Users\Lenovo\patents\7_SASPH-6G_Slice-Adaptive_Split-PQC_Handshake\.miktex-local\install\miktex/config\updmap.cfg...
2026-03-27 14:14:23,859+0800 INFO  miktex - Writing C:\Users\Lenovo\patents\7_SASPH-6G_Slice-Adaptive_Split-PQC_Handshake\.miktex-local\data\fonts\map\dvipdfmx\kanjix.map...
2026-03-27 14:14:23,860+0800 INFO  miktex - Writing C:\Users\Lenovo\patents\7_SASPH-6G_Slice-Adaptive_Split-PQC_Handshake\.miktex-local\data\fonts\map\dvips\builtin35.map...
2026-03-27 14:14:23,862+0800 INFO  miktex - Writing C:\Users\Lenovo\patents\7_SASPH-6G_Slice-Adaptive_Split-PQC_Handshake\.miktex-local\data\fonts\map\dvips\download35.map...
2026-03-27 14:14:23,866+0800 INFO  miktex - Writing C:\Users\Lenovo\patents\7_SASPH-6G_Slice-Adaptive_Split-PQC_Handshake\.miktex-local\data\fonts\map\dvips\ps2pk.map...
2026-03-27 14:14:23,874+0800 INFO  miktex - Writing C:\Users\Lenovo\patents\7_SASPH-6G_Slice-Adaptive_Split-PQC_Handshake\.miktex-local\data\fonts\map\dvips\psfonts_pk.map...
2026-03-27 14:14:23,880+0800 INFO  miktex - Writing C:\Users\Lenovo\patents\7_SASPH-6G_Slice-Adaptive_Split-PQC_Handshake\.miktex-local\data\fonts\map\dvips\psfonts_t1.map...
2026-03-27 14:14:23,887+0800 INFO  miktex - Writing C:\Users\Lenovo\patents\7_SASPH-6G_Slice-Adaptive_Split-PQC_Handshake\.miktex-local\data\fonts\map\pdftex\pdftex_dl14.map...
2026-03-27 14:14:23,895+0800 INFO  miktex - Writing C:\Users\Lenovo\patents\7_SASPH-6G_Slice-Adaptive_Split-PQC_Handshake\.miktex-local\data\fonts\map\pdftex\pdftex_ndl14.map...
2026-03-27 14:14:23,903+0800 INFO  miktex - Copying C:\Users\Lenovo\patents\7_SASPH-6G_Slice-Adaptive_Split-PQC_Handshake\.miktex-local\data\fonts\map\dvips\psfonts_t1.map
2026-03-27 14:14:23,903+0800 INFO  miktex -      to C:\Users\Lenovo\patents\7_SASPH-6G_Slice-Adaptive_Split-PQC_Handshake\.miktex-local\data\fonts\map\dvips\psfonts.map...
2026-03-27 14:14:23,905+0800 INFO  miktex - Copying C:\Users\Lenovo\patents\7_SASPH-6G_Slice-Adaptive_Split-PQC_Handshake\.miktex-local\data\fonts\map\pdftex\pdftex_dl14.map
2026-03-27 14:14:23,905+0800 INFO  miktex -      to C:\Users\Lenovo\patents\7_SASPH-6G_Slice-Adaptive_Split-PQC_Handshake\.miktex-local\data\fonts\map\pdftex\pdftex.map...
2026-03-27 14:14:23,914+0800 INFO  miktex - running: miktex-fc-cache --miktex-disable-maintenance --miktex-disable-diagnose
2026-03-27 14:14:23,914+0800 INFO  miktex.core - start process: miktex-fc-cache --miktex-disable-maintenance --miktex-disable-diagnose
2026-03-27 14:14:24,387+0800 INFO  miktex - miktex-fc-cache: security risk: running with elevated privileges
2026-03-27 14:14:24,390+0800 WARN  miktex.core - still open: C:\Users\Lenovo\patents\7_SASPH-6G_Slice-Adaptive_Split-PQC_Handshake\.miktex-local\install\fontconfig/config\fonts.conf.in
2026-03-27 14:14:24,390+0800 WARN  miktex.core - still open: C:\Users\Lenovo\patents\7_SASPH-6G_Slice-Adaptive_Split-PQC_Handshake\.miktex-local\config\fontconfig\config\fonts.conf
2026-03-27 14:14:24,391+0800 INFO  miktex - this process (40864) finishes with exit code 0
2026-03-27 14:14:26,994+0800 INFO  miktex - this is One MiKTeX Utility 1.11 (MiKTeX 25.4)
2026-03-27 14:14:26,995+0800 INFO  miktex - this process (38632) started by xelatex in directory C:\Users\Lenovo\patents\7_SASPH-6G_Slice-Adaptive_Split-PQC_Handshake with command line: miktex fontmaps configure
2026-03-27 14:14:26,995+0800 INFO  miktex - Parsing configuration file C:\Users\Lenovo\patents\7_SASPH-6G_Slice-Adaptive_Split-PQC_Handshake\.miktex-local\install\miktex/config\updmap.cfg...
2026-03-27 14:14:27,093+0800 INFO  miktex - Writing C:\Users\Lenovo\patents\7_SASPH-6G_Slice-Adaptive_Split-PQC_Handshake\.miktex-local\data\fonts\map\dvipdfmx\kanjix.map...
2026-03-27 14:14:27,094+0800 INFO  miktex - Writing C:\Users\Lenovo\patents\7_SASPH-6G_Slice-Adaptive_Split-PQC_Handshake\.miktex-local\data\fonts\map\dvips\builtin35.map...
2026-03-27 14:14:27,095+0800 INFO  miktex - Writing C:\Users\Lenovo\patents\7_SASPH-6G_Slice-Adaptive_Split-PQC_Handshake\.miktex-local\data\fonts\map\dvips\download35.map...
2026-03-27 14:14:27,099+0800 INFO  miktex - Writing C:\Users\Lenovo\patents\7_SASPH-6G_Slice-Adaptive_Split-PQC_Handshake\.miktex-local\data\fonts\map\dvips\ps2pk.map...
2026-03-27 14:14:27,104+0800 INFO  miktex - Writing C:\Users\Lenovo\patents\7_SASPH-6G_Slice-Adaptive_Split-PQC_Handshake\.miktex-local\data\fonts\map\dvips\psfonts_pk.map...
2026-03-27 14:14:27,111+0800 INFO  miktex - Writing C:\Users\Lenovo\patents\7_SASPH-6G_Slice-Adaptive_Split-PQC_Handshake\.miktex-local\data\fonts\map\dvips\psfonts_t1.map...
2026-03-27 14:14:27,121+0800 INFO  miktex - Writing C:\Users\Lenovo\patents\7_SASPH-6G_Slice-Adaptive_Split-PQC_Handshake\.miktex-local\data\fonts\map\pdftex\pdftex_dl14.map...
2026-03-27 14:14:27,129+0800 INFO  miktex - Writing C:\Users\Lenovo\patents\7_SASPH-6G_Slice-Adaptive_Split-PQC_Handshake\.miktex-local\data\fonts\map\pdftex\pdftex_ndl14.map...
2026-03-27 14:14:27,135+0800 INFO  miktex - Copying C:\Users\Lenovo\patents\7_SASPH-6G_Slice-Adaptive_Split-PQC_Handshake\.miktex-local\data\fonts\map\dvips\psfonts_t1.map
2026-03-27 14:14:27,135+0800 INFO  miktex -      to C:\Users\Lenovo\patents\7_SASPH-6G_Slice-Adaptive_Split-PQC_Handshake\.miktex-local\data\fonts\map\dvips\psfonts.map...
2026-03-27 14:14:27,136+0800 INFO  miktex - Copying C:\Users\Lenovo\patents\7_SASPH-6G_Slice-Adaptive_Split-PQC_Handshake\.miktex-local\data\fonts\map\pdftex\pdftex_dl14.map
2026-03-27 14:14:27,136+0800 INFO  miktex -      to C:\Users\Lenovo\patents\7_SASPH-6G_Slice-Adaptive_Split-PQC_Handshake\.miktex-local\data\fonts\map\pdftex\pdftex.map...
2026-03-27 14:14:27,144+0800 INFO  miktex - running: miktex-fc-cache --miktex-disable-maintenance --miktex-disable-diagnose
2026-03-27 14:14:27,144+0800 INFO  miktex.core - start process: miktex-fc-cache --miktex-disable-maintenance --miktex-disable-diagnose
2026-03-27 14:14:27,564+0800 INFO  miktex - miktex-fc-cache: security risk: running with elevated privileges
2026-03-27 14:14:27,567+0800 WARN  miktex.core - still open: C:\Users\Lenovo\patents\7_SASPH-6G_Slice-Adaptive_Split-PQC_Handshake\.miktex-local\install\fontconfig/config\fonts.conf.in
2026-03-27 14:14:27,567+0800 WARN  miktex.core - still open: C:\Users\Lenovo\patents\7_SASPH-6G_Slice-Adaptive_Split-PQC_Handshake\.miktex-local\config\fontconfig\config\fonts.conf
2026-03-27 14:14:27,568+0800 INFO  miktex - this process (38632) finishes with exit code 0
2026-03-27 14:14:30,902+0800 INFO  miktex - this is One MiKTeX Utility 1.11 (MiKTeX 25.4)
2026-03-27 14:14:30,902+0800 INFO  miktex - this process (38976) started by xelatex in directory C:\Users\Lenovo\patents\7_SASPH-6G_Slice-Adaptive_Split-PQC_Handshake with command line: miktex fontmaps configure
2026-03-27 14:14:30,902+0800 INFO  miktex - Parsing configuration file C:\Users\Lenovo\patents\7_SASPH-6G_Slice-Adaptive_Split-PQC_Handshake\.miktex-local\install\miktex/config\updmap.cfg...
2026-03-27 14:14:31,018+0800 INFO  miktex - Writing C:\Users\Lenovo\patents\7_SASPH-6G_Slice-Adaptive_Split-PQC_Handshake\.miktex-local\data\fonts\map\dvipdfmx\kanjix.map...
2026-03-27 14:14:31,019+0800 INFO  miktex - Writing C:\Users\Lenovo\patents\7_SASPH-6G_Slice-Adaptive_Split-PQC_Handshake\.miktex-local\data\fonts\map\dvips\builtin35.map...
2026-03-27 14:14:31,020+0800 INFO  miktex - Writing C:\Users\Lenovo\patents\7_SASPH-6G_Slice-Adaptive_Split-PQC_Handshake\.miktex-local\data\fonts\map\dvips\download35.map...
2026-03-27 14:14:31,022+0800 INFO  miktex - Writing C:\Users\Lenovo\patents\7_SASPH-6G_Slice-Adaptive_Split-PQC_Handshake\.miktex-local\data\fonts\map\dvips\ps2pk.map...
2026-03-27 14:14:31,032+0800 INFO  miktex - Writing C:\Users\Lenovo\patents\7_SASPH-6G_Slice-Adaptive_Split-PQC_Handshake\.miktex-local\data\fonts\map\dvips\psfonts_pk.map...
2026-03-27 14:14:31,040+0800 INFO  miktex - Writing C:\Users\Lenovo\patents\7_SASPH-6G_Slice-Adaptive_Split-PQC_Handshake\.miktex-local\data\fonts\map\dvips\psfonts_t1.map...
2026-03-27 14:14:31,052+0800 INFO  miktex - Writing C:\Users\Lenovo\patents\7_SASPH-6G_Slice-Adaptive_Split-PQC_Handshake\.miktex-local\data\fonts\map\pdftex\pdftex_dl14.map...
2026-03-27 14:14:31,063+0800 INFO  miktex - Writing C:\Users\Lenovo\patents\7_SASPH-6G_Slice-Adaptive_Split-PQC_Handshake\.miktex-local\data\fonts\map\pdftex\pdftex_ndl14.map...
2026-03-27 14:14:31,072+0800 INFO  miktex - Copying C:\Users\Lenovo\patents\7_SASPH-6G_Slice-Adaptive_Split-PQC_Handshake\.miktex-local\data\fonts\map\dvips\psfonts_t1.map
2026-03-27 14:14:31,073+0800 INFO  miktex -      to C:\Users\Lenovo\patents\7_SASPH-6G_Slice-Adaptive_Split-PQC_Handshake\.miktex-local\data\fonts\map\dvips\psfonts.map...
2026-03-27 14:14:31,074+0800 INFO  miktex - Copying C:\Users\Lenovo\patents\7_SASPH-6G_Slice-Adaptive_Split-PQC_Handshake\.miktex-local\data\fonts\map\pdftex\pdftex_dl14.map
2026-03-27 14:14:31,074+0800 INFO  miktex -      to C:\Users\Lenovo\patents\7_SASPH-6G_Slice-Adaptive_Split-PQC_Handshake\.miktex-local\data\fonts\map\pdftex\pdftex.map...
2026-03-27 14:14:31,083+0800 INFO  miktex - running: miktex-fc-cache --miktex-disable-maintenance --miktex-disable-diagnose
2026-03-27 14:14:31,083+0800 INFO  miktex.core - start process: miktex-fc-cache --miktex-disable-maintenance --miktex-disable-diagnose
2026-03-27 14:14:31,417+0800 INFO  miktex - miktex-fc-cache: security risk: running with elevated privileges
2026-03-27 14:14:31,421+0800 WARN  miktex.core - still open: C:\Users\Lenovo\patents\7_SASPH-6G_Slice-Adaptive_Split-PQC_Handshake\.miktex-local\install\fontconfig/config\fonts.conf.in
2026-03-27 14:14:31,421+0800 WARN  miktex.core - still open: C:\Users\Lenovo\patents\7_SASPH-6G_Slice-Adaptive_Split-PQC_Handshake\.miktex-local\config\fontconfig\config\fonts.conf
2026-03-27 14:14:31,421+0800 INFO  miktex - this process (38976) finishes with exit code 0
2026-03-27 14:14:33,398+0800 INFO  miktex - this is One MiKTeX Utility 1.11 (MiKTeX 25.4)
2026-03-27 14:14:33,398+0800 INFO  miktex - this process (18556) started by xelatex in directory C:\Users\Lenovo\patents\7_SASPH-6G_Slice-Adaptive_Split-PQC_Handshake with command line: miktex fontmaps configure
2026-03-27 14:14:33,399+0800 INFO  miktex - Parsing configuration file C:\Users\Lenovo\patents\7_SASPH-6G_Slice-Adaptive_Split-PQC_Handshake\.miktex-local\install\miktex/config\updmap.cfg...
2026-03-27 14:14:33,489+0800 INFO  miktex - Writing C:\Users\Lenovo\patents\7_SASPH-6G_Slice-Adaptive_Split-PQC_Handshake\.miktex-local\data\fonts\map\dvipdfmx\kanjix.map...
2026-03-27 14:14:33,489+0800 INFO  miktex - Writing C:\Users\Lenovo\patents\7_SASPH-6G_Slice-Adaptive_Split-PQC_Handshake\.miktex-local\data\fonts\map\dvips\builtin35.map...
2026-03-27 14:14:33,491+0800 INFO  miktex - Writing C:\Users\Lenovo\patents\7_SASPH-6G_Slice-Adaptive_Split-PQC_Handshake\.miktex-local\data\fonts\map\dvips\download35.map...
2026-03-27 14:14:33,492+0800 INFO  miktex - Writing C:\Users\Lenovo\patents\7_SASPH-6G_Slice-Adaptive_Split-PQC_Handshake\.miktex-local\data\fonts\map\dvips\ps2pk.map...
2026-03-27 14:14:33,500+0800 INFO  miktex - Writing C:\Users\Lenovo\patents\7_SASPH-6G_Slice-Adaptive_Split-PQC_Handshake\.miktex-local\data\fonts\map\dvips\psfonts_pk.map...
2026-03-27 14:14:33,512+0800 INFO  miktex - Writing C:\Users\Lenovo\patents\7_SASPH-6G_Slice-Adaptive_Split-PQC_Handshake\.miktex-local\data\fonts\map\dvips\psfonts_t1.map...
2026-03-27 14:14:33,520+0800 INFO  miktex - Writing C:\Users\Lenovo\patents\7_SASPH-6G_Slice-Adaptive_Split-PQC_Handshake\.miktex-local\data\fonts\map\pdftex\pdftex_dl14.map...
2026-03-27 14:14:33,531+0800 INFO  miktex - Writing C:\Users\Lenovo\patents\7_SASPH-6G_Slice-Adaptive_Split-PQC_Handshake\.miktex-local\data\fonts\map\pdftex\pdftex_ndl14.map...
2026-03-27 14:14:33,540+0800 INFO  miktex - Copying C:\Users\Lenovo\patents\7_SASPH-6G_Slice-Adaptive_Split-PQC_Handshake\.miktex-local\data\fonts\map\dvips\psfonts_t1.map
2026-03-27 14:14:33,540+0800 INFO  miktex -      to C:\Users\Lenovo\patents\7_SASPH-6G_Slice-Adaptive_Split-PQC_Handshake\.miktex-local\data\fonts\map\dvips\psfonts.map...
2026-03-27 14:14:33,544+0800 INFO  miktex - Copying C:\Users\Lenovo\patents\7_SASPH-6G_Slice-Adaptive_Split-PQC_Handshake\.miktex-local\data\fonts\map\pdftex\pdftex_dl14.map
2026-03-27 14:14:33,544+0800 INFO  miktex -      to C:\Users\Lenovo\patents\7_SASPH-6G_Slice-Adaptive_Split-PQC_Handshake\.miktex-local\data\fonts\map\pdftex\pdftex.map...
2026-03-27 14:14:33,556+0800 INFO  miktex - running: miktex-fc-cache --miktex-disable-maintenance --miktex-disable-diagnose
2026-03-27 14:14:33,556+0800 INFO  miktex.core - start process: miktex-fc-cache --miktex-disable-maintenance --miktex-disable-diagnose
2026-03-27 14:14:33,885+0800 INFO  miktex - miktex-fc-cache: security risk: running with elevated privileges
2026-03-27 14:14:33,889+0800 WARN  miktex.core - still open: C:\Users\Lenovo\patents\7_SASPH-6G_Slice-Adaptive_Split-PQC_Handshake\.miktex-local\install\fontconfig/config\fonts.conf.in
2026-03-27 14:14:33,890+0800 WARN  miktex.core - still open: C:\Users\Lenovo\patents\7_SASPH-6G_Slice-Adaptive_Split-PQC_Handshake\.miktex-local\config\fontconfig\config\fonts.conf
2026-03-27 14:14:33,890+0800 INFO  miktex - this process (18556) finishes with exit code 0
2026-03-27 14:14:35,848+0800 INFO  miktex - this is One MiKTeX Utility 1.11 (MiKTeX 25.4)
2026-03-27 14:14:35,849+0800 INFO  miktex - this process (30904) started by xelatex in directory C:\Users\Lenovo\patents\7_SASPH-6G_Slice-Adaptive_Split-PQC_Handshake with command line: miktex fontmaps configure
2026-03-27 14:14:35,849+0800 INFO  miktex - Parsing configuration file C:\Users\Lenovo\patents\7_SASPH-6G_Slice-Adaptive_Split-PQC_Handshake\.miktex-local\install\miktex/config\updmap.cfg...
2026-03-27 14:14:35,933+0800 INFO  miktex - Writing C:\Users\Lenovo\patents\7_SASPH-6G_Slice-Adaptive_Split-PQC_Handshake\.miktex-local\data\fonts\map\dvipdfmx\kanjix.map...
2026-03-27 14:14:35,933+0800 INFO  miktex - Writing C:\Users\Lenovo\patents\7_SASPH-6G_Slice-Adaptive_Split-PQC_Handshake\.miktex-local\data\fonts\map\dvips\builtin35.map...
2026-03-27 14:14:35,935+0800 INFO  miktex - Writing C:\Users\Lenovo\patents\7_SASPH-6G_Slice-Adaptive_Split-PQC_Handshake\.miktex-local\data\fonts\map\dvips\download35.map...
2026-03-27 14:14:35,937+0800 INFO  miktex - Writing C:\Users\Lenovo\patents\7_SASPH-6G_Slice-Adaptive_Split-PQC_Handshake\.miktex-local\data\fonts\map\dvips\ps2pk.map...
2026-03-27 14:14:35,945+0800 INFO  miktex - Writing C:\Users\Lenovo\patents\7_SASPH-6G_Slice-Adaptive_Split-PQC_Handshake\.miktex-local\data\fonts\map\dvips\psfonts_pk.map...
2026-03-27 14:14:35,955+0800 INFO  miktex - Writing C:\Users\Lenovo\patents\7_SASPH-6G_Slice-Adaptive_Split-PQC_Handshake\.miktex-local\data\fonts\map\dvips\psfonts_t1.map...
2026-03-27 14:14:35,964+0800 INFO  miktex - Writing C:\Users\Lenovo\patents\7_SASPH-6G_Slice-Adaptive_Split-PQC_Handshake\.miktex-local\data\fonts\map\pdftex\pdftex_dl14.map...
2026-03-27 14:14:35,972+0800 INFO  miktex - Writing C:\Users\Lenovo\patents\7_SASPH-6G_Slice-Adaptive_Split-PQC_Handshake\.miktex-local\data\fonts\map\pdftex\pdftex_ndl14.map...
2026-03-27 14:14:35,984+0800 INFO  miktex - Copying C:\Users\Lenovo\patents\7_SASPH-6G_Slice-Adaptive_Split-PQC_Handshake\.miktex-local\data\fonts\map\dvips\psfonts_t1.map
2026-03-27 14:14:35,984+0800 INFO  miktex -      to C:\Users\Lenovo\patents\7_SASPH-6G_Slice-Adaptive_Split-PQC_Handshake\.miktex-local\data\fonts\map\dvips\psfonts.map...
2026-03-27 14:14:35,988+0800 INFO  miktex - Copying C:\Users\Lenovo\patents\7_SASPH-6G_Slice-Adaptive_Split-PQC_Handshake\.miktex-local\data\fonts\map\pdftex\pdftex_dl14.map
2026-03-27 14:14:35,989+0800 INFO  miktex -      to C:\Users\Lenovo\patents\7_SASPH-6G_Slice-Adaptive_Split-PQC_Handshake\.miktex-local\data\fonts\map\pdftex\pdftex.map...
2026-03-27 14:14:36,001+0800 INFO  miktex - running: miktex-fc-cache --miktex-disable-maintenance --miktex-disable-diagnose
2026-03-27 14:14:36,002+0800 INFO  miktex.core - start process: miktex-fc-cache --miktex-disable-maintenance --miktex-disable-diagnose
2026-03-27 14:14:36,357+0800 INFO  miktex - miktex-fc-cache: security risk: running with elevated privileges
2026-03-27 14:14:36,361+0800 WARN  miktex.core - still open: C:\Users\Lenovo\patents\7_SASPH-6G_Slice-Adaptive_Split-PQC_Handshake\.miktex-local\install\fontconfig/config\fonts.conf.in
2026-03-27 14:14:36,361+0800 WARN  miktex.core - still open: C:\Users\Lenovo\patents\7_SASPH-6G_Slice-Adaptive_Split-PQC_Handshake\.miktex-local\config\fontconfig\config\fonts.conf
2026-03-27 14:14:36,361+0800 INFO  miktex - this process (30904) finishes with exit code 0
2026-03-27 14:14:39,475+0800 INFO  miktex - this is One MiKTeX Utility 1.11 (MiKTeX 25.4)
2026-03-27 14:14:39,475+0800 INFO  miktex - this process (20284) started by xelatex in directory C:\Users\Lenovo\patents\7_SASPH-6G_Slice-Adaptive_Split-PQC_Handshake with command line: miktex fontmaps configure
2026-03-27 14:14:39,475+0800 INFO  miktex - Parsing configuration file C:\Users\Lenovo\patents\7_SASPH-6G_Slice-Adaptive_Split-PQC_Handshake\.miktex-local\install\miktex/config\updmap.cfg...
2026-03-27 14:14:39,561+0800 INFO  miktex - Writing C:\Users\Lenovo\patents\7_SASPH-6G_Slice-Adaptive_Split-PQC_Handshake\.miktex-local\data\fonts\map\dvipdfmx\kanjix.map...
2026-03-27 14:14:39,562+0800 INFO  miktex - Writing C:\Users\Lenovo\patents\7_SASPH-6G_Slice-Adaptive_Split-PQC_Handshake\.miktex-local\data\fonts\map\dvips\builtin35.map...
2026-03-27 14:14:39,563+0800 INFO  miktex - Writing C:\Users\Lenovo\patents\7_SASPH-6G_Slice-Adaptive_Split-PQC_Handshake\.miktex-local\data\fonts\map\dvips\download35.map...
2026-03-27 14:14:39,565+0800 INFO  miktex - Writing C:\Users\Lenovo\patents\7_SASPH-6G_Slice-Adaptive_Split-PQC_Handshake\.miktex-local\data\fonts\map\dvips\ps2pk.map...
2026-03-27 14:14:39,573+0800 INFO  miktex - Writing C:\Users\Lenovo\patents\7_SASPH-6G_Slice-Adaptive_Split-PQC_Handshake\.miktex-local\data\fonts\map\dvips\psfonts_pk.map...
2026-03-27 14:14:39,583+0800 INFO  miktex - Writing C:\Users\Lenovo\patents\7_SASPH-6G_Slice-Adaptive_Split-PQC_Handshake\.miktex-local\data\fonts\map\dvips\psfonts_t1.map...
2026-03-27 14:14:39,594+0800 INFO  miktex - Writing C:\Users\Lenovo\patents\7_SASPH-6G_Slice-Adaptive_Split-PQC_Handshake\.miktex-local\data\fonts\map\pdftex\pdftex_dl14.map...
2026-03-27 14:14:39,608+0800 INFO  miktex - Writing C:\Users\Lenovo\patents\7_SASPH-6G_Slice-Adaptive_Split-PQC_Handshake\.miktex-local\data\fonts\map\pdftex\pdftex_ndl14.map...
2026-03-27 14:14:39,615+0800 INFO  miktex - Copying C:\Users\Lenovo\patents\7_SASPH-6G_Slice-Adaptive_Split-PQC_Handshake\.miktex-local\data\fonts\map\dvips\psfonts_t1.map
2026-03-27 14:14:39,615+0800 INFO  miktex -      to C:\Users\Lenovo\patents\7_SASPH-6G_Slice-Adaptive_Split-PQC_Handshake\.miktex-local\data\fonts\map\dvips\psfonts.map...
2026-03-27 14:14:39,617+0800 INFO  miktex - Copying C:\Users\Lenovo\patents\7_SASPH-6G_Slice-Adaptive_Split-PQC_Handshake\.miktex-local\data\fonts\map\pdftex\pdftex_dl14.map
2026-03-27 14:14:39,617+0800 INFO  miktex -      to C:\Users\Lenovo\patents\7_SASPH-6G_Slice-Adaptive_Split-PQC_Handshake\.miktex-local\data\fonts\map\pdftex\pdftex.map...
2026-03-27 14:14:39,626+0800 INFO  miktex - running: miktex-fc-cache --miktex-disable-maintenance --miktex-disable-diagnose
2026-03-27 14:14:39,626+0800 INFO  miktex.core - start process: miktex-fc-cache --miktex-disable-maintenance --miktex-disable-diagnose
2026-03-27 14:14:39,948+0800 INFO  miktex - miktex-fc-cache: security risk: running with elevated privileges
2026-03-27 14:14:39,954+0800 WARN  miktex.core - still open: C:\Users\Lenovo\patents\7_SASPH-6G_Slice-Adaptive_Split-PQC_Handshake\.miktex-local\install\fontconfig/config\fonts.conf.in
2026-03-27 14:14:39,954+0800 WARN  miktex.core - still open: C:\Users\Lenovo\patents\7_SASPH-6G_Slice-Adaptive_Split-PQC_Handshake\.miktex-local\config\fontconfig\config\fonts.conf
2026-03-27 14:14:39,955+0800 INFO  miktex - this process (20284) finishes with exit code 0
2026-03-27 14:14:43,456+0800 INFO  miktex - this is One MiKTeX Utility 1.11 (MiKTeX 25.4)
2026-03-27 14:14:43,456+0800 INFO  miktex - this process (34232) started by xelatex in directory C:\Users\Lenovo\patents\7_SASPH-6G_Slice-Adaptive_Split-PQC_Handshake with command line: miktex fontmaps configure
2026-03-27 14:14:43,456+0800 INFO  miktex - Parsing configuration file C:\Users\Lenovo\patents\7_SASPH-6G_Slice-Adaptive_Split-PQC_Handshake\.miktex-local\install\miktex/config\updmap.cfg...
2026-03-27 14:14:43,557+0800 INFO  miktex - Writing C:\Users\Lenovo\patents\7_SASPH-6G_Slice-Adaptive_Split-PQC_Handshake\.miktex-local\data\fonts\map\dvipdfmx\kanjix.map...
2026-03-27 14:14:43,559+0800 INFO  miktex - Writing C:\Users\Lenovo\patents\7_SASPH-6G_Slice-Adaptive_Split-PQC_Handshake\.miktex-local\data\fonts\map\dvips\builtin35.map...
2026-03-27 14:14:43,561+0800 INFO  miktex - Writing C:\Users\Lenovo\patents\7_SASPH-6G_Slice-Adaptive_Split-PQC_Handshake\.miktex-local\data\fonts\map\dvips\download35.map...
2026-03-27 14:14:43,563+0800 INFO  miktex - Writing C:\Users\Lenovo\patents\7_SASPH-6G_Slice-Adaptive_Split-PQC_Handshake\.miktex-local\data\fonts\map\dvips\ps2pk.map...
2026-03-27 14:14:43,571+0800 INFO  miktex - Writing C:\Users\Lenovo\patents\7_SASPH-6G_Slice-Adaptive_Split-PQC_Handshake\.miktex-local\data\fonts\map\dvips\psfonts_pk.map...
2026-03-27 14:14:43,581+0800 INFO  miktex - Writing C:\Users\Lenovo\patents\7_SASPH-6G_Slice-Adaptive_Split-PQC_Handshake\.miktex-local\data\fonts\map\dvips\psfonts_t1.map...
2026-03-27 14:14:43,592+0800 INFO  miktex - Writing C:\Users\Lenovo\patents\7_SASPH-6G_Slice-Adaptive_Split-PQC_Handshake\.miktex-local\data\fonts\map\pdftex\pdftex_dl14.map...
2026-03-27 14:14:43,602+0800 INFO  miktex - Writing C:\Users\Lenovo\patents\7_SASPH-6G_Slice-Adaptive_Split-PQC_Handshake\.miktex-local\data\fonts\map\pdftex\pdftex_ndl14.map...
2026-03-27 14:14:43,611+0800 INFO  miktex - Copying C:\Users\Lenovo\patents\7_SASPH-6G_Slice-Adaptive_Split-PQC_Handshake\.miktex-local\data\fonts\map\dvips\psfonts_t1.map
2026-03-27 14:14:43,611+0800 INFO  miktex -      to C:\Users\Lenovo\patents\7_SASPH-6G_Slice-Adaptive_Split-PQC_Handshake\.miktex-local\data\fonts\map\dvips\psfonts.map...
2026-03-27 14:14:43,615+0800 INFO  miktex - Copying C:\Users\Lenovo\patents\7_SASPH-6G_Slice-Adaptive_Split-PQC_Handshake\.miktex-local\data\fonts\map\pdftex\pdftex_dl14.map
2026-03-27 14:14:43,615+0800 INFO  miktex -      to C:\Users\Lenovo\patents\7_SASPH-6G_Slice-Adaptive_Split-PQC_Handshake\.miktex-local\data\fonts\map\pdftex\pdftex.map...
2026-03-27 14:14:43,627+0800 INFO  miktex - running: miktex-fc-cache --miktex-disable-maintenance --miktex-disable-diagnose
2026-03-27 14:14:43,627+0800 INFO  miktex.core - start process: miktex-fc-cache --miktex-disable-maintenance --miktex-disable-diagnose
2026-03-27 14:14:44,152+0800 INFO  miktex - miktex-fc-cache: security risk: running with elevated privileges
2026-03-27 14:14:44,155+0800 WARN  miktex.core - still open: C:\Users\Lenovo\patents\7_SASPH-6G_Slice-Adaptive_Split-PQC_Handshake\.miktex-local\install\fontconfig/config\fonts.conf.in
2026-03-27 14:14:44,156+0800 WARN  miktex.core - still open: C:\Users\Lenovo\patents\7_SASPH-6G_Slice-Adaptive_Split-PQC_Handshake\.miktex-local\config\fontconfig\config\fonts.conf
2026-03-27 14:14:44,156+0800 INFO  miktex - this process (34232) finishes with exit code 0
2026-03-27 14:14:46,428+0800 INFO  miktex - this is One MiKTeX Utility 1.11 (MiKTeX 25.4)
2026-03-27 14:14:46,429+0800 INFO  miktex - this process (38800) started by xelatex in directory C:\Users\Lenovo\patents\7_SASPH-6G_Slice-Adaptive_Split-PQC_Handshake with command line: miktex fontmaps configure
2026-03-27 14:14:46,429+0800 INFO  miktex - Parsing configuration file C:\Users\Lenovo\patents\7_SASPH-6G_Slice-Adaptive_Split-PQC_Handshake\.miktex-local\install\miktex/config\updmap.cfg...
2026-03-27 14:14:46,531+0800 INFO  miktex - Writing C:\Users\Lenovo\patents\7_SASPH-6G_Slice-Adaptive_Split-PQC_Handshake\.miktex-local\data\fonts\map\dvipdfmx\kanjix.map...
2026-03-27 14:14:46,531+0800 INFO  miktex - Writing C:\Users\Lenovo\patents\7_SASPH-6G_Slice-Adaptive_Split-PQC_Handshake\.miktex-local\data\fonts\map\dvips\builtin35.map...
2026-03-27 14:14:46,533+0800 INFO  miktex - Writing C:\Users\Lenovo\patents\7_SASPH-6G_Slice-Adaptive_Split-PQC_Handshake\.miktex-local\data\fonts\map\dvips\download35.map...
2026-03-27 14:14:46,536+0800 INFO  miktex - Writing C:\Users\Lenovo\patents\7_SASPH-6G_Slice-Adaptive_Split-PQC_Handshake\.miktex-local\data\fonts\map\dvips\ps2pk.map...
2026-03-27 14:14:46,548+0800 INFO  miktex - Writing C:\Users\Lenovo\patents\7_SASPH-6G_Slice-Adaptive_Split-PQC_Handshake\.miktex-local\data\fonts\map\dvips\psfonts_pk.map...
2026-03-27 14:14:46,560+0800 INFO  miktex - Writing C:\Users\Lenovo\patents\7_SASPH-6G_Slice-Adaptive_Split-PQC_Handshake\.miktex-local\data\fonts\map\dvips\psfonts_t1.map...
2026-03-27 14:14:46,569+0800 INFO  miktex - Writing C:\Users\Lenovo\patents\7_SASPH-6G_Slice-Adaptive_Split-PQC_Handshake\.miktex-local\data\fonts\map\pdftex\pdftex_dl14.map...
2026-03-27 14:14:46,580+0800 INFO  miktex - Writing C:\Users\Lenovo\patents\7_SASPH-6G_Slice-Adaptive_Split-PQC_Handshake\.miktex-local\data\fonts\map\pdftex\pdftex_ndl14.map...
2026-03-27 14:14:46,590+0800 INFO  miktex - Copying C:\Users\Lenovo\patents\7_SASPH-6G_Slice-Adaptive_Split-PQC_Handshake\.miktex-local\data\fonts\map\dvips\psfonts_t1.map
2026-03-27 14:14:46,591+0800 INFO  miktex -      to C:\Users\Lenovo\patents\7_SASPH-6G_Slice-Adaptive_Split-PQC_Handshake\.miktex-local\data\fonts\map\dvips\psfonts.map...
2026-03-27 14:14:46,594+0800 INFO  miktex - Copying C:\Users\Lenovo\patents\7_SASPH-6G_Slice-Adaptive_Split-PQC_Handshake\.miktex-local\data\fonts\map\pdftex\pdftex_dl14.map
2026-03-27 14:14:46,594+0800 INFO  miktex -      to C:\Users\Lenovo\patents\7_SASPH-6G_Slice-Adaptive_Split-PQC_Handshake\.miktex-local\data\fonts\map\pdftex\pdftex.map...
2026-03-27 14:14:46,606+0800 INFO  miktex - running: miktex-fc-cache --miktex-disable-maintenance --miktex-disable-diagnose
2026-03-27 14:14:46,607+0800 INFO  miktex.core - start process: miktex-fc-cache --miktex-disable-maintenance --miktex-disable-diagnose
2026-03-27 14:14:47,049+0800 INFO  miktex - miktex-fc-cache: security risk: running with elevated privileges
2026-03-27 14:14:47,053+0800 WARN  miktex.core - still open: C:\Users\Lenovo\patents\7_SASPH-6G_Slice-Adaptive_Split-PQC_Handshake\.miktex-local\install\fontconfig/config\fonts.conf.in
2026-03-27 14:14:47,053+0800 WARN  miktex.core - still open: C:\Users\Lenovo\patents\7_SASPH-6G_Slice-Adaptive_Split-PQC_Handshake\.miktex-local\config\fontconfig\config\fonts.conf
2026-03-27 14:14:47,053+0800 INFO  miktex - this process (38800) finishes with exit code 0
2026-03-27 14:14:49,387+0800 INFO  miktex - this is One MiKTeX Utility 1.11 (MiKTeX 25.4)
2026-03-27 14:14:49,387+0800 INFO  miktex - this process (35064) started by xelatex in directory C:\Users\Lenovo\patents\7_SASPH-6G_Slice-Adaptive_Split-PQC_Handshake with command line: miktex fontmaps configure
2026-03-27 14:14:49,388+0800 INFO  miktex - Parsing configuration file C:\Users\Lenovo\patents\7_SASPH-6G_Slice-Adaptive_Split-PQC_Handshake\.miktex-local\install\miktex/config\updmap.cfg...
2026-03-27 14:14:49,500+0800 INFO  miktex - Writing C:\Users\Lenovo\patents\7_SASPH-6G_Slice-Adaptive_Split-PQC_Handshake\.miktex-local\data\fonts\map\dvipdfmx\kanjix.map...
2026-03-27 14:14:49,501+0800 INFO  miktex - Writing C:\Users\Lenovo\patents\7_SASPH-6G_Slice-Adaptive_Split-PQC_Handshake\.miktex-local\data\fonts\map\dvips\builtin35.map...
2026-03-27 14:14:49,503+0800 INFO  miktex - Writing C:\Users\Lenovo\patents\7_SASPH-6G_Slice-Adaptive_Split-PQC_Handshake\.miktex-local\data\fonts\map\dvips\download35.map...
2026-03-27 14:14:49,505+0800 INFO  miktex - Writing C:\Users\Lenovo\patents\7_SASPH-6G_Slice-Adaptive_Split-PQC_Handshake\.miktex-local\data\fonts\map\dvips\ps2pk.map...
2026-03-27 14:14:49,510+0800 INFO  miktex - Writing C:\Users\Lenovo\patents\7_SASPH-6G_Slice-Adaptive_Split-PQC_Handshake\.miktex-local\data\fonts\map\dvips\psfonts_pk.map...
2026-03-27 14:14:49,515+0800 INFO  miktex - Writing C:\Users\Lenovo\patents\7_SASPH-6G_Slice-Adaptive_Split-PQC_Handshake\.miktex-local\data\fonts\map\dvips\psfonts_t1.map...
2026-03-27 14:14:49,520+0800 INFO  miktex - Writing C:\Users\Lenovo\patents\7_SASPH-6G_Slice-Adaptive_Split-PQC_Handshake\.miktex-local\data\fonts\map\pdftex\pdftex_dl14.map...
2026-03-27 14:14:49,525+0800 INFO  miktex - Writing C:\Users\Lenovo\patents\7_SASPH-6G_Slice-Adaptive_Split-PQC_Handshake\.miktex-local\data\fonts\map\pdftex\pdftex_ndl14.map...
2026-03-27 14:14:49,530+0800 INFO  miktex - Copying C:\Users\Lenovo\patents\7_SASPH-6G_Slice-Adaptive_Split-PQC_Handshake\.miktex-local\data\fonts\map\dvips\psfonts_t1.map
2026-03-27 14:14:49,530+0800 INFO  miktex -      to C:\Users\Lenovo\patents\7_SASPH-6G_Slice-Adaptive_Split-PQC_Handshake\.miktex-local\data\fonts\map\dvips\psfonts.map...
2026-03-27 14:14:49,531+0800 INFO  miktex - Copying C:\Users\Lenovo\patents\7_SASPH-6G_Slice-Adaptive_Split-PQC_Handshake\.miktex-local\data\fonts\map\pdftex\pdftex_dl14.map
2026-03-27 14:14:49,531+0800 INFO  miktex -      to C:\Users\Lenovo\patents\7_SASPH-6G_Slice-Adaptive_Split-PQC_Handshake\.miktex-local\data\fonts\map\pdftex\pdftex.map...
2026-03-27 14:14:49,538+0800 INFO  miktex - running: miktex-fc-cache --miktex-disable-maintenance --miktex-disable-diagnose
2026-03-27 14:14:49,538+0800 INFO  miktex.core - start process: miktex-fc-cache --miktex-disable-maintenance --miktex-disable-diagnose
2026-03-27 14:14:49,996+0800 INFO  miktex - miktex-fc-cache: security risk: running with elevated privileges
2026-03-27 14:14:49,999+0800 WARN  miktex.core - still open: C:\Users\Lenovo\patents\7_SASPH-6G_Slice-Adaptive_Split-PQC_Handshake\.miktex-local\config\fontconfig\config\fonts.conf
2026-03-27 14:14:49,999+0800 WARN  miktex.core - still open: C:\Users\Lenovo\patents\7_SASPH-6G_Slice-Adaptive_Split-PQC_Handshake\.miktex-local\install\fontconfig/config\fonts.conf.in
2026-03-27 14:14:49,999+0800 INFO  miktex - this process (35064) finishes with exit code 0
2026-03-27 14:14:53,060+0800 INFO  miktex - this is One MiKTeX Utility 1.11 (MiKTeX 25.4)
2026-03-27 14:14:53,060+0800 INFO  miktex - this process (26356) started by xelatex in directory C:\Users\Lenovo\patents\7_SASPH-6G_Slice-Adaptive_Split-PQC_Handshake with command line: miktex fontmaps configure
2026-03-27 14:14:53,061+0800 INFO  miktex - Parsing configuration file C:\Users\Lenovo\patents\7_SASPH-6G_Slice-Adaptive_Split-PQC_Handshake\.miktex-local\install\miktex/config\updmap.cfg...
2026-03-27 14:14:53,142+0800 INFO  miktex - Writing C:\Users\Lenovo\patents\7_SASPH-6G_Slice-Adaptive_Split-PQC_Handshake\.miktex-local\data\fonts\map\dvipdfmx\kanjix.map...
2026-03-27 14:14:53,142+0800 INFO  miktex - Writing C:\Users\Lenovo\patents\7_SASPH-6G_Slice-Adaptive_Split-PQC_Handshake\.miktex-local\data\fonts\map\dvips\builtin35.map...
2026-03-27 14:14:53,144+0800 INFO  miktex - Writing C:\Users\Lenovo\patents\7_SASPH-6G_Slice-Adaptive_Split-PQC_Handshake\.miktex-local\data\fonts\map\dvips\download35.map...
2026-03-27 14:14:53,146+0800 INFO  miktex - Writing C:\Users\Lenovo\patents\7_SASPH-6G_Slice-Adaptive_Split-PQC_Handshake\.miktex-local\data\fonts\map\dvips\ps2pk.map...
2026-03-27 14:14:53,155+0800 INFO  miktex - Writing C:\Users\Lenovo\patents\7_SASPH-6G_Slice-Adaptive_Split-PQC_Handshake\.miktex-local\data\fonts\map\dvips\psfonts_pk.map...
2026-03-27 14:14:53,164+0800 INFO  miktex - Writing C:\Users\Lenovo\patents\7_SASPH-6G_Slice-Adaptive_Split-PQC_Handshake\.miktex-local\data\fonts\map\dvips\psfonts_t1.map...
2026-03-27 14:14:53,171+0800 INFO  miktex - Writing C:\Users\Lenovo\patents\7_SASPH-6G_Slice-Adaptive_Split-PQC_Handshake\.miktex-local\data\fonts\map\pdftex\pdftex_dl14.map...
2026-03-27 14:14:53,178+0800 INFO  miktex - Writing C:\Users\Lenovo\patents\7_SASPH-6G_Slice-Adaptive_Split-PQC_Handshake\.miktex-local\data\fonts\map\pdftex\pdftex_ndl14.map...
2026-03-27 14:14:53,189+0800 INFO  miktex - Copying C:\Users\Lenovo\patents\7_SASPH-6G_Slice-Adaptive_Split-PQC_Handshake\.miktex-local\data\fonts\map\dvips\psfonts_t1.map
2026-03-27 14:14:53,189+0800 INFO  miktex -      to C:\Users\Lenovo\patents\7_SASPH-6G_Slice-Adaptive_Split-PQC_Handshake\.miktex-local\data\fonts\map\dvips\psfonts.map...
2026-03-27 14:14:53,191+0800 INFO  miktex - Copying C:\Users\Lenovo\patents\7_SASPH-6G_Slice-Adaptive_Split-PQC_Handshake\.miktex-local\data\fonts\map\pdftex\pdftex_dl14.map
2026-03-27 14:14:53,191+0800 INFO  miktex -      to C:\Users\Lenovo\patents\7_SASPH-6G_Slice-Adaptive_Split-PQC_Handshake\.miktex-local\data\fonts\map\pdftex\pdftex.map...
2026-03-27 14:14:53,200+0800 INFO  miktex - running: miktex-fc-cache --miktex-disable-maintenance --miktex-disable-diagnose
2026-03-27 14:14:53,201+0800 INFO  miktex.core - start process: miktex-fc-cache --miktex-disable-maintenance --miktex-disable-diagnose
2026-03-27 14:14:53,522+0800 INFO  miktex - miktex-fc-cache: security risk: running with elevated privileges
2026-03-27 14:14:53,526+0800 WARN  miktex.core - still open: C:\Users\Lenovo\patents\7_SASPH-6G_Slice-Adaptive_Split-PQC_Handshake\.miktex-local\install\fontconfig/config\fonts.conf.in
2026-03-27 14:14:53,526+0800 WARN  miktex.core - still open: C:\Users\Lenovo\patents\7_SASPH-6G_Slice-Adaptive_Split-PQC_Handshake\.miktex-local\config\fontconfig\config\fonts.conf
2026-03-27 14:14:53,526+0800 INFO  miktex - this process (26356) finishes with exit code 0
2026-03-27 14:14:56,681+0800 INFO  miktex - this is One MiKTeX Utility 1.11 (MiKTeX 25.4)
2026-03-27 14:14:56,681+0800 INFO  miktex - this process (38244) started by xelatex in directory C:\Users\Lenovo\patents\7_SASPH-6G_Slice-Adaptive_Split-PQC_Handshake with command line: miktex fontmaps configure
2026-03-27 14:14:56,682+0800 INFO  miktex - Parsing configuration file C:\Users\Lenovo\patents\7_SASPH-6G_Slice-Adaptive_Split-PQC_Handshake\.miktex-local\install\miktex/config\updmap.cfg...
2026-03-27 14:14:56,768+0800 INFO  miktex - Writing C:\Users\Lenovo\patents\7_SASPH-6G_Slice-Adaptive_Split-PQC_Handshake\.miktex-local\data\fonts\map\dvipdfmx\kanjix.map...
2026-03-27 14:14:56,769+0800 INFO  miktex - Writing C:\Users\Lenovo\patents\7_SASPH-6G_Slice-Adaptive_Split-PQC_Handshake\.miktex-local\data\fonts\map\dvips\builtin35.map...
2026-03-27 14:14:56,771+0800 INFO  miktex - Writing C:\Users\Lenovo\patents\7_SASPH-6G_Slice-Adaptive_Split-PQC_Handshake\.miktex-local\data\fonts\map\dvips\download35.map...
2026-03-27 14:14:56,773+0800 INFO  miktex - Writing C:\Users\Lenovo\patents\7_SASPH-6G_Slice-Adaptive_Split-PQC_Handshake\.miktex-local\data\fonts\map\dvips\ps2pk.map...
2026-03-27 14:14:56,784+0800 INFO  miktex - Writing C:\Users\Lenovo\patents\7_SASPH-6G_Slice-Adaptive_Split-PQC_Handshake\.miktex-local\data\fonts\map\dvips\psfonts_pk.map...
2026-03-27 14:14:56,796+0800 INFO  miktex - Writing C:\Users\Lenovo\patents\7_SASPH-6G_Slice-Adaptive_Split-PQC_Handshake\.miktex-local\data\fonts\map\dvips\psfonts_t1.map...
2026-03-27 14:14:56,806+0800 INFO  miktex - Writing C:\Users\Lenovo\patents\7_SASPH-6G_Slice-Adaptive_Split-PQC_Handshake\.miktex-local\data\fonts\map\pdftex\pdftex_dl14.map...
2026-03-27 14:14:56,818+0800 INFO  miktex - Writing C:\Users\Lenovo\patents\7_SASPH-6G_Slice-Adaptive_Split-PQC_Handshake\.miktex-local\data\fonts\map\pdftex\pdftex_ndl14.map...
2026-03-27 14:14:56,832+0800 INFO  miktex - Copying C:\Users\Lenovo\patents\7_SASPH-6G_Slice-Adaptive_Split-PQC_Handshake\.miktex-local\data\fonts\map\dvips\psfonts_t1.map
2026-03-27 14:14:56,832+0800 INFO  miktex -      to C:\Users\Lenovo\patents\7_SASPH-6G_Slice-Adaptive_Split-PQC_Handshake\.miktex-local\data\fonts\map\dvips\psfonts.map...
2026-03-27 14:14:56,835+0800 INFO  miktex - Copying C:\Users\Lenovo\patents\7_SASPH-6G_Slice-Adaptive_Split-PQC_Handshake\.miktex-local\data\fonts\map\pdftex\pdftex_dl14.map
2026-03-27 14:14:56,835+0800 INFO  miktex -      to C:\Users\Lenovo\patents\7_SASPH-6G_Slice-Adaptive_Split-PQC_Handshake\.miktex-local\data\fonts\map\pdftex\pdftex.map...
2026-03-27 14:14:56,848+0800 INFO  miktex - running: miktex-fc-cache --miktex-disable-maintenance --miktex-disable-diagnose
2026-03-27 14:14:56,848+0800 INFO  miktex.core - start process: miktex-fc-cache --miktex-disable-maintenance --miktex-disable-diagnose
2026-03-27 14:14:57,291+0800 INFO  miktex - miktex-fc-cache: security risk: running with elevated privileges
2026-03-27 14:14:57,295+0800 WARN  miktex.core - still open: C:\Users\Lenovo\patents\7_SASPH-6G_Slice-Adaptive_Split-PQC_Handshake\.miktex-local\config\fontconfig\config\fonts.conf
2026-03-27 14:14:57,295+0800 WARN  miktex.core - still open: C:\Users\Lenovo\patents\7_SASPH-6G_Slice-Adaptive_Split-PQC_Handshake\.miktex-local\install\fontconfig/config\fonts.conf.in
2026-03-27 14:14:57,295+0800 INFO  miktex - this process (38244) finishes with exit code 0
2026-03-27 14:15:00,402+0800 INFO  miktex - this is One MiKTeX Utility 1.11 (MiKTeX 25.4)
2026-03-27 14:15:00,403+0800 INFO  miktex - this process (12872) started by xelatex in directory C:\Users\Lenovo\patents\7_SASPH-6G_Slice-Adaptive_Split-PQC_Handshake with command line: miktex fontmaps configure
2026-03-27 14:15:00,403+0800 INFO  miktex - Parsing configuration file C:\Users\Lenovo\patents\7_SASPH-6G_Slice-Adaptive_Split-PQC_Handshake\.miktex-local\install\miktex/config\updmap.cfg...
2026-03-27 14:15:00,486+0800 INFO  miktex - Writing C:\Users\Lenovo\patents\7_SASPH-6G_Slice-Adaptive_Split-PQC_Handshake\.miktex-local\data\fonts\map\dvipdfmx\kanjix.map...
2026-03-27 14:15:00,486+0800 INFO  miktex - Writing C:\Users\Lenovo\patents\7_SASPH-6G_Slice-Adaptive_Split-PQC_Handshake\.miktex-local\data\fonts\map\dvips\builtin35.map...
2026-03-27 14:15:00,488+0800 INFO  miktex - Writing C:\Users\Lenovo\patents\7_SASPH-6G_Slice-Adaptive_Split-PQC_Handshake\.miktex-local\data\fonts\map\dvips\download35.map...
2026-03-27 14:15:00,489+0800 INFO  miktex - Writing C:\Users\Lenovo\patents\7_SASPH-6G_Slice-Adaptive_Split-PQC_Handshake\.miktex-local\data\fonts\map\dvips\ps2pk.map...
2026-03-27 14:15:00,493+0800 INFO  miktex - Writing C:\Users\Lenovo\patents\7_SASPH-6G_Slice-Adaptive_Split-PQC_Handshake\.miktex-local\data\fonts\map\dvips\psfonts_pk.map...
2026-03-27 14:15:00,497+0800 INFO  miktex - Writing C:\Users\Lenovo\patents\7_SASPH-6G_Slice-Adaptive_Split-PQC_Handshake\.miktex-local\data\fonts\map\dvips\psfonts_t1.map...
2026-03-27 14:15:00,502+0800 INFO  miktex - Writing C:\Users\Lenovo\patents\7_SASPH-6G_Slice-Adaptive_Split-PQC_Handshake\.miktex-local\data\fonts\map\pdftex\pdftex_dl14.map...
2026-03-27 14:15:00,507+0800 INFO  miktex - Writing C:\Users\Lenovo\patents\7_SASPH-6G_Slice-Adaptive_Split-PQC_Handshake\.miktex-local\data\fonts\map\pdftex\pdftex_ndl14.map...
2026-03-27 14:15:00,512+0800 INFO  miktex - Copying C:\Users\Lenovo\patents\7_SASPH-6G_Slice-Adaptive_Split-PQC_Handshake\.miktex-local\data\fonts\map\dvips\psfonts_t1.map
2026-03-27 14:15:00,512+0800 INFO  miktex -      to C:\Users\Lenovo\patents\7_SASPH-6G_Slice-Adaptive_Split-PQC_Handshake\.miktex-local\data\fonts\map\dvips\psfonts.map...
2026-03-27 14:15:00,514+0800 INFO  miktex - Copying C:\Users\Lenovo\patents\7_SASPH-6G_Slice-Adaptive_Split-PQC_Handshake\.miktex-local\data\fonts\map\pdftex\pdftex_dl14.map
2026-03-27 14:15:00,514+0800 INFO  miktex -      to C:\Users\Lenovo\patents\7_SASPH-6G_Slice-Adaptive_Split-PQC_Handshake\.miktex-local\data\fonts\map\pdftex\pdftex.map...
2026-03-27 14:15:00,520+0800 INFO  miktex - running: miktex-fc-cache --miktex-disable-maintenance --miktex-disable-diagnose
2026-03-27 14:15:00,521+0800 INFO  miktex.core - start process: miktex-fc-cache --miktex-disable-maintenance --miktex-disable-diagnose
2026-03-27 14:15:00,852+0800 INFO  miktex - miktex-fc-cache: security risk: running with elevated privileges
2026-03-27 14:15:00,856+0800 WARN  miktex.core - still open: C:\Users\Lenovo\patents\7_SASPH-6G_Slice-Adaptive_Split-PQC_Handshake\.miktex-local\install\fontconfig/config\fonts.conf.in
2026-03-27 14:15:00,856+0800 WARN  miktex.core - still open: C:\Users\Lenovo\patents\7_SASPH-6G_Slice-Adaptive_Split-PQC_Handshake\.miktex-local\config\fontconfig\config\fonts.conf
2026-03-27 14:15:00,856+0800 INFO  miktex - this process (12872) finishes with exit code 0
2026-03-27 14:15:03,923+0800 INFO  miktex - this is One MiKTeX Utility 1.11 (MiKTeX 25.4)
2026-03-27 14:15:03,934+0800 INFO  miktex - this process (30496) started by xelatex in directory C:\Users\Lenovo\patents\7_SASPH-6G_Slice-Adaptive_Split-PQC_Handshake with command line: miktex fontmaps configure
2026-03-27 14:15:03,934+0800 INFO  miktex - Parsing configuration file C:\Users\Lenovo\patents\7_SASPH-6G_Slice-Adaptive_Split-PQC_Handshake\.miktex-local\install\miktex/config\updmap.cfg...
2026-03-27 14:15:04,010+0800 INFO  miktex - Writing C:\Users\Lenovo\patents\7_SASPH-6G_Slice-Adaptive_Split-PQC_Handshake\.miktex-local\data\fonts\map\dvipdfmx\kanjix.map...
2026-03-27 14:15:04,011+0800 INFO  miktex - Writing C:\Users\Lenovo\patents\7_SASPH-6G_Slice-Adaptive_Split-PQC_Handshake\.miktex-local\data\fonts\map\dvips\builtin35.map...
2026-03-27 14:15:04,012+0800 INFO  miktex - Writing C:\Users\Lenovo\patents\7_SASPH-6G_Slice-Adaptive_Split-PQC_Handshake\.miktex-local\data\fonts\map\dvips\download35.map...
2026-03-27 14:15:04,013+0800 INFO  miktex - Writing C:\Users\Lenovo\patents\7_SASPH-6G_Slice-Adaptive_Split-PQC_Handshake\.miktex-local\data\fonts\map\dvips\ps2pk.map...
2026-03-27 14:15:04,018+0800 INFO  miktex - Writing C:\Users\Lenovo\patents\7_SASPH-6G_Slice-Adaptive_Split-PQC_Handshake\.miktex-local\data\fonts\map\dvips\psfonts_pk.map...
2026-03-27 14:15:04,028+0800 INFO  miktex - Writing C:\Users\Lenovo\patents\7_SASPH-6G_Slice-Adaptive_Split-PQC_Handshake\.miktex-local\data\fonts\map\dvips\psfonts_t1.map...
2026-03-27 14:15:04,040+0800 INFO  miktex - Writing C:\Users\Lenovo\patents\7_SASPH-6G_Slice-Adaptive_Split-PQC_Handshake\.miktex-local\data\fonts\map\pdftex\pdftex_dl14.map...
2026-03-27 14:15:04,053+0800 INFO  miktex - Writing C:\Users\Lenovo\patents\7_SASPH-6G_Slice-Adaptive_Split-PQC_Handshake\.miktex-local\data\fonts\map\pdftex\pdftex_ndl14.map...
2026-03-27 14:15:04,065+0800 INFO  miktex - Copying C:\Users\Lenovo\patents\7_SASPH-6G_Slice-Adaptive_Split-PQC_Handshake\.miktex-local\data\fonts\map\dvips\psfonts_t1.map
2026-03-27 14:15:04,065+0800 INFO  miktex -      to C:\Users\Lenovo\patents\7_SASPH-6G_Slice-Adaptive_Split-PQC_Handshake\.miktex-local\data\fonts\map\dvips\psfonts.map...
2026-03-27 14:15:04,068+0800 INFO  miktex - Copying C:\Users\Lenovo\patents\7_SASPH-6G_Slice-Adaptive_Split-PQC_Handshake\.miktex-local\data\fonts\map\pdftex\pdftex_dl14.map
2026-03-27 14:15:04,068+0800 INFO  miktex -      to C:\Users\Lenovo\patents\7_SASPH-6G_Slice-Adaptive_Split-PQC_Handshake\.miktex-local\data\fonts\map\pdftex\pdftex.map...
2026-03-27 14:15:04,083+0800 INFO  miktex - running: miktex-fc-cache --miktex-disable-maintenance --miktex-disable-diagnose
2026-03-27 14:15:04,083+0800 INFO  miktex.core - start process: miktex-fc-cache --miktex-disable-maintenance --miktex-disable-diagnose
2026-03-27 14:15:04,402+0800 INFO  miktex - miktex-fc-cache: security risk: running with elevated privileges
2026-03-27 14:15:04,405+0800 WARN  miktex.core - still open: C:\Users\Lenovo\patents\7_SASPH-6G_Slice-Adaptive_Split-PQC_Handshake\.miktex-local\install\fontconfig/config\fonts.conf.in
2026-03-27 14:15:04,405+0800 WARN  miktex.core - still open: C:\Users\Lenovo\patents\7_SASPH-6G_Slice-Adaptive_Split-PQC_Handshake\.miktex-local\config\fontconfig\config\fonts.conf
2026-03-27 14:15:04,405+0800 INFO  miktex - this process (30496) finishes with exit code 0
2026-03-27 14:15:06,322+0800 INFO  miktex - this is One MiKTeX Utility 1.11 (MiKTeX 25.4)
2026-03-27 14:15:06,322+0800 INFO  miktex - this process (13612) started by xelatex in directory C:\Users\Lenovo\patents\7_SASPH-6G_Slice-Adaptive_Split-PQC_Handshake with command line: miktex fontmaps configure
2026-03-27 14:15:06,323+0800 INFO  miktex - Parsing configuration file C:\Users\Lenovo\patents\7_SASPH-6G_Slice-Adaptive_Split-PQC_Handshake\.miktex-local\install\miktex/config\updmap.cfg...
2026-03-27 14:15:06,410+0800 INFO  miktex - Writing C:\Users\Lenovo\patents\7_SASPH-6G_Slice-Adaptive_Split-PQC_Handshake\.miktex-local\data\fonts\map\dvipdfmx\kanjix.map...
2026-03-27 14:15:06,411+0800 INFO  miktex - Writing C:\Users\Lenovo\patents\7_SASPH-6G_Slice-Adaptive_Split-PQC_Handshake\.miktex-local\data\fonts\map\dvips\builtin35.map...
2026-03-27 14:15:06,412+0800 INFO  miktex - Writing C:\Users\Lenovo\patents\7_SASPH-6G_Slice-Adaptive_Split-PQC_Handshake\.miktex-local\data\fonts\map\dvips\download35.map...
2026-03-27 14:15:06,414+0800 INFO  miktex - Writing C:\Users\Lenovo\patents\7_SASPH-6G_Slice-Adaptive_Split-PQC_Handshake\.miktex-local\data\fonts\map\dvips\ps2pk.map...
2026-03-27 14:15:06,418+0800 INFO  miktex - Writing C:\Users\Lenovo\patents\7_SASPH-6G_Slice-Adaptive_Split-PQC_Handshake\.miktex-local\data\fonts\map\dvips\psfonts_pk.map...
2026-03-27 14:15:06,423+0800 INFO  miktex - Writing C:\Users\Lenovo\patents\7_SASPH-6G_Slice-Adaptive_Split-PQC_Handshake\.miktex-local\data\fonts\map\dvips\psfonts_t1.map...
2026-03-27 14:15:06,428+0800 INFO  miktex - Writing C:\Users\Lenovo\patents\7_SASPH-6G_Slice-Adaptive_Split-PQC_Handshake\.miktex-local\data\fonts\map\pdftex\pdftex_dl14.map...
2026-03-27 14:15:06,434+0800 INFO  miktex - Writing C:\Users\Lenovo\patents\7_SASPH-6G_Slice-Adaptive_Split-PQC_Handshake\.miktex-local\data\fonts\map\pdftex\pdftex_ndl14.map...
2026-03-27 14:15:06,439+0800 INFO  miktex - Copying C:\Users\Lenovo\patents\7_SASPH-6G_Slice-Adaptive_Split-PQC_Handshake\.miktex-local\data\fonts\map\dvips\psfonts_t1.map
2026-03-27 14:15:06,439+0800 INFO  miktex -      to C:\Users\Lenovo\patents\7_SASPH-6G_Slice-Adaptive_Split-PQC_Handshake\.miktex-local\data\fonts\map\dvips\psfonts.map...
2026-03-27 14:15:06,440+0800 INFO  miktex - Copying C:\Users\Lenovo\patents\7_SASPH-6G_Slice-Adaptive_Split-PQC_Handshake\.miktex-local\data\fonts\map\pdftex\pdftex_dl14.map
2026-03-27 14:15:06,441+0800 INFO  miktex -      to C:\Users\Lenovo\patents\7_SASPH-6G_Slice-Adaptive_Split-PQC_Handshake\.miktex-local\data\fonts\map\pdftex\pdftex.map...
2026-03-27 14:15:06,446+0800 INFO  miktex - running: miktex-fc-cache --miktex-disable-maintenance --miktex-disable-diagnose
2026-03-27 14:15:06,447+0800 INFO  miktex.core - start process: miktex-fc-cache --miktex-disable-maintenance --miktex-disable-diagnose
2026-03-27 14:15:06,794+0800 INFO  miktex - miktex-fc-cache: security risk: running with elevated privileges
2026-03-27 14:15:06,799+0800 WARN  miktex.core - still open: C:\Users\Lenovo\patents\7_SASPH-6G_Slice-Adaptive_Split-PQC_Handshake\.miktex-local\install\fontconfig/config\fonts.conf.in
2026-03-27 14:15:06,799+0800 WARN  miktex.core - still open: C:\Users\Lenovo\patents\7_SASPH-6G_Slice-Adaptive_Split-PQC_Handshake\.miktex-local\config\fontconfig\config\fonts.conf
2026-03-27 14:15:06,799+0800 INFO  miktex - this process (13612) finishes with exit code 0
2026-03-27 14:15:08,867+0800 INFO  miktex - this is One MiKTeX Utility 1.11 (MiKTeX 25.4)
2026-03-27 14:15:08,867+0800 INFO  miktex - this process (38800) started by xelatex in directory C:\Users\Lenovo\patents\7_SASPH-6G_Slice-Adaptive_Split-PQC_Handshake with command line: miktex fontmaps configure
2026-03-27 14:15:08,867+0800 INFO  miktex - Parsing configuration file C:\Users\Lenovo\patents\7_SASPH-6G_Slice-Adaptive_Split-PQC_Handshake\.miktex-local\install\miktex/config\updmap.cfg...
2026-03-27 14:15:08,954+0800 INFO  miktex - Writing C:\Users\Lenovo\patents\7_SASPH-6G_Slice-Adaptive_Split-PQC_Handshake\.miktex-local\data\fonts\map\dvipdfmx\kanjix.map...
2026-03-27 14:15:08,955+0800 INFO  miktex - Writing C:\Users\Lenovo\patents\7_SASPH-6G_Slice-Adaptive_Split-PQC_Handshake\.miktex-local\data\fonts\map\dvips\builtin35.map...
2026-03-27 14:15:08,956+0800 INFO  miktex - Writing C:\Users\Lenovo\patents\7_SASPH-6G_Slice-Adaptive_Split-PQC_Handshake\.miktex-local\data\fonts\map\dvips\download35.map...
2026-03-27 14:15:08,958+0800 INFO  miktex - Writing C:\Users\Lenovo\patents\7_SASPH-6G_Slice-Adaptive_Split-PQC_Handshake\.miktex-local\data\fonts\map\dvips\ps2pk.map...
2026-03-27 14:15:08,963+0800 INFO  miktex - Writing C:\Users\Lenovo\patents\7_SASPH-6G_Slice-Adaptive_Split-PQC_Handshake\.miktex-local\data\fonts\map\dvips\psfonts_pk.map...
2026-03-27 14:15:08,972+0800 INFO  miktex - Writing C:\Users\Lenovo\patents\7_SASPH-6G_Slice-Adaptive_Split-PQC_Handshake\.miktex-local\data\fonts\map\dvips\psfonts_t1.map...
2026-03-27 14:15:08,981+0800 INFO  miktex - Writing C:\Users\Lenovo\patents\7_SASPH-6G_Slice-Adaptive_Split-PQC_Handshake\.miktex-local\data\fonts\map\pdftex\pdftex_dl14.map...
2026-03-27 14:15:08,991+0800 INFO  miktex - Writing C:\Users\Lenovo\patents\7_SASPH-6G_Slice-Adaptive_Split-PQC_Handshake\.miktex-local\data\fonts\map\pdftex\pdftex_ndl14.map...
2026-03-27 14:15:09,002+0800 INFO  miktex - Copying C:\Users\Lenovo\patents\7_SASPH-6G_Slice-Adaptive_Split-PQC_Handshake\.miktex-local\data\fonts\map\dvips\psfonts_t1.map
2026-03-27 14:15:09,002+0800 INFO  miktex -      to C:\Users\Lenovo\patents\7_SASPH-6G_Slice-Adaptive_Split-PQC_Handshake\.miktex-local\data\fonts\map\dvips\psfonts.map...
2026-03-27 14:15:09,006+0800 INFO  miktex - Copying C:\Users\Lenovo\patents\7_SASPH-6G_Slice-Adaptive_Split-PQC_Handshake\.miktex-local\data\fonts\map\pdftex\pdftex_dl14.map
2026-03-27 14:15:09,006+0800 INFO  miktex -      to C:\Users\Lenovo\patents\7_SASPH-6G_Slice-Adaptive_Split-PQC_Handshake\.miktex-local\data\fonts\map\pdftex\pdftex.map...
2026-03-27 14:15:09,018+0800 INFO  miktex - running: miktex-fc-cache --miktex-disable-maintenance --miktex-disable-diagnose
2026-03-27 14:15:09,018+0800 INFO  miktex.core - start process: miktex-fc-cache --miktex-disable-maintenance --miktex-disable-diagnose
2026-03-27 14:15:09,386+0800 INFO  miktex - miktex-fc-cache: security risk: running with elevated privileges
2026-03-27 14:15:09,389+0800 WARN  miktex.core - still open: C:\Users\Lenovo\patents\7_SASPH-6G_Slice-Adaptive_Split-PQC_Handshake\.miktex-local\config\fontconfig\config\fonts.conf
2026-03-27 14:15:09,389+0800 WARN  miktex.core - still open: C:\Users\Lenovo\patents\7_SASPH-6G_Slice-Adaptive_Split-PQC_Handshake\.miktex-local\install\fontconfig/config\fonts.conf.in
2026-03-27 14:15:09,389+0800 INFO  miktex - this process (38800) finishes with exit code 0
2026-03-27 14:15:13,048+0800 INFO  miktex - this is One MiKTeX Utility 1.11 (MiKTeX 25.4)
2026-03-27 14:15:13,048+0800 INFO  miktex - this process (40320) started by xelatex in directory C:\Users\Lenovo\patents\7_SASPH-6G_Slice-Adaptive_Split-PQC_Handshake with command line: miktex fontmaps configure
2026-03-27 14:15:13,049+0800 INFO  miktex - Parsing configuration file C:\Users\Lenovo\patents\7_SASPH-6G_Slice-Adaptive_Split-PQC_Handshake\.miktex-local\install\miktex/config\updmap.cfg...
2026-03-27 14:15:13,148+0800 INFO  miktex - Writing C:\Users\Lenovo\patents\7_SASPH-6G_Slice-Adaptive_Split-PQC_Handshake\.miktex-local\data\fonts\map\dvipdfmx\kanjix.map...
2026-03-27 14:15:13,149+0800 INFO  miktex - Writing C:\Users\Lenovo\patents\7_SASPH-6G_Slice-Adaptive_Split-PQC_Handshake\.miktex-local\data\fonts\map\dvips\builtin35.map...
2026-03-27 14:15:13,151+0800 INFO  miktex - Writing C:\Users\Lenovo\patents\7_SASPH-6G_Slice-Adaptive_Split-PQC_Handshake\.miktex-local\data\fonts\map\dvips\download35.map...
2026-03-27 14:15:13,154+0800 INFO  miktex - Writing C:\Users\Lenovo\patents\7_SASPH-6G_Slice-Adaptive_Split-PQC_Handshake\.miktex-local\data\fonts\map\dvips\ps2pk.map...
2026-03-27 14:15:13,160+0800 INFO  miktex - Writing C:\Users\Lenovo\patents\7_SASPH-6G_Slice-Adaptive_Split-PQC_Handshake\.miktex-local\data\fonts\map\dvips\psfonts_pk.map...
2026-03-27 14:15:13,165+0800 INFO  miktex - Writing C:\Users\Lenovo\patents\7_SASPH-6G_Slice-Adaptive_Split-PQC_Handshake\.miktex-local\data\fonts\map\dvips\psfonts_t1.map...
2026-03-27 14:15:13,173+0800 INFO  miktex - Writing C:\Users\Lenovo\patents\7_SASPH-6G_Slice-Adaptive_Split-PQC_Handshake\.miktex-local\data\fonts\map\pdftex\pdftex_dl14.map...
2026-03-27 14:15:13,184+0800 INFO  miktex - Writing C:\Users\Lenovo\patents\7_SASPH-6G_Slice-Adaptive_Split-PQC_Handshake\.miktex-local\data\fonts\map\pdftex\pdftex_ndl14.map...
2026-03-27 14:15:13,192+0800 INFO  miktex - Copying C:\Users\Lenovo\patents\7_SASPH-6G_Slice-Adaptive_Split-PQC_Handshake\.miktex-local\data\fonts\map\dvips\psfonts_t1.map
2026-03-27 14:15:13,192+0800 INFO  miktex -      to C:\Users\Lenovo\patents\7_SASPH-6G_Slice-Adaptive_Split-PQC_Handshake\.miktex-local\data\fonts\map\dvips\psfonts.map...
2026-03-27 14:15:13,195+0800 INFO  miktex - Copying C:\Users\Lenovo\patents\7_SASPH-6G_Slice-Adaptive_Split-PQC_Handshake\.miktex-local\data\fonts\map\pdftex\pdftex_dl14.map
2026-03-27 14:15:13,196+0800 INFO  miktex -      to C:\Users\Lenovo\patents\7_SASPH-6G_Slice-Adaptive_Split-PQC_Handshake\.miktex-local\data\fonts\map\pdftex\pdftex.map...
2026-03-27 14:15:13,204+0800 INFO  miktex - running: miktex-fc-cache --miktex-disable-maintenance --miktex-disable-diagnose
2026-03-27 14:15:13,205+0800 INFO  miktex.core - start process: miktex-fc-cache --miktex-disable-maintenance --miktex-disable-diagnose
2026-03-27 14:15:13,602+0800 INFO  miktex - miktex-fc-cache: security risk: running with elevated privileges
2026-03-27 14:15:13,606+0800 WARN  miktex.core - still open: C:\Users\Lenovo\patents\7_SASPH-6G_Slice-Adaptive_Split-PQC_Handshake\.miktex-local\install\fontconfig/config\fonts.conf.in
2026-03-27 14:15:13,607+0800 WARN  miktex.core - still open: C:\Users\Lenovo\patents\7_SASPH-6G_Slice-Adaptive_Split-PQC_Handshake\.miktex-local\config\fontconfig\config\fonts.conf
2026-03-27 14:15:13,607+0800 INFO  miktex - this process (40320) finishes with exit code 0
2026-03-27 14:15:17,055+0800 INFO  miktex - this is One MiKTeX Utility 1.11 (MiKTeX 25.4)
2026-03-27 14:15:17,055+0800 INFO  miktex - this process (38148) started by xelatex in directory C:\Users\Lenovo\patents\7_SASPH-6G_Slice-Adaptive_Split-PQC_Handshake with command line: miktex fontmaps configure
2026-03-27 14:15:17,055+0800 INFO  miktex - Parsing configuration file C:\Users\Lenovo\patents\7_SASPH-6G_Slice-Adaptive_Split-PQC_Handshake\.miktex-local\install\miktex/config\updmap.cfg...
2026-03-27 14:15:17,140+0800 INFO  miktex - Writing C:\Users\Lenovo\patents\7_SASPH-6G_Slice-Adaptive_Split-PQC_Handshake\.miktex-local\data\fonts\map\dvipdfmx\kanjix.map...
2026-03-27 14:15:17,141+0800 INFO  miktex - Writing C:\Users\Lenovo\patents\7_SASPH-6G_Slice-Adaptive_Split-PQC_Handshake\.miktex-local\data\fonts\map\dvips\builtin35.map...
2026-03-27 14:15:17,142+0800 INFO  miktex - Writing C:\Users\Lenovo\patents\7_SASPH-6G_Slice-Adaptive_Split-PQC_Handshake\.miktex-local\data\fonts\map\dvips\download35.map...
2026-03-27 14:15:17,145+0800 INFO  miktex - Writing C:\Users\Lenovo\patents\7_SASPH-6G_Slice-Adaptive_Split-PQC_Handshake\.miktex-local\data\fonts\map\dvips\ps2pk.map...
2026-03-27 14:15:17,152+0800 INFO  miktex - Writing C:\Users\Lenovo\patents\7_SASPH-6G_Slice-Adaptive_Split-PQC_Handshake\.miktex-local\data\fonts\map\dvips\psfonts_pk.map...
2026-03-27 14:15:17,161+0800 INFO  miktex - Writing C:\Users\Lenovo\patents\7_SASPH-6G_Slice-Adaptive_Split-PQC_Handshake\.miktex-local\data\fonts\map\dvips\psfonts_t1.map...
2026-03-27 14:15:17,175+0800 INFO  miktex - Writing C:\Users\Lenovo\patents\7_SASPH-6G_Slice-Adaptive_Split-PQC_Handshake\.miktex-local\data\fonts\map\pdftex\pdftex_dl14.map...
2026-03-27 14:15:17,186+0800 INFO  miktex - Writing C:\Users\Lenovo\patents\7_SASPH-6G_Slice-Adaptive_Split-PQC_Handshake\.miktex-local\data\fonts\map\pdftex\pdftex_ndl14.map...
2026-03-27 14:15:17,196+0800 INFO  miktex - Copying C:\Users\Lenovo\patents\7_SASPH-6G_Slice-Adaptive_Split-PQC_Handshake\.miktex-local\data\fonts\map\dvips\psfonts_t1.map
2026-03-27 14:15:17,196+0800 INFO  miktex -      to C:\Users\Lenovo\patents\7_SASPH-6G_Slice-Adaptive_Split-PQC_Handshake\.miktex-local\data\fonts\map\dvips\psfonts.map...
2026-03-27 14:15:17,198+0800 INFO  miktex - Copying C:\Users\Lenovo\patents\7_SASPH-6G_Slice-Adaptive_Split-PQC_Handshake\.miktex-local\data\fonts\map\pdftex\pdftex_dl14.map
2026-03-27 14:15:17,198+0800 INFO  miktex -      to C:\Users\Lenovo\patents\7_SASPH-6G_Slice-Adaptive_Split-PQC_Handshake\.miktex-local\data\fonts\map\pdftex\pdftex.map...
2026-03-27 14:15:17,209+0800 INFO  miktex - running: miktex-fc-cache --miktex-disable-maintenance --miktex-disable-diagnose
2026-03-27 14:15:17,209+0800 INFO  miktex.core - start process: miktex-fc-cache --miktex-disable-maintenance --miktex-disable-diagnose
2026-03-27 14:15:17,509+0800 INFO  miktex - miktex-fc-cache: security risk: running with elevated privileges
2026-03-27 14:15:17,512+0800 WARN  miktex.core - still open: C:\Users\Lenovo\patents\7_SASPH-6G_Slice-Adaptive_Split-PQC_Handshake\.miktex-local\install\fontconfig/config\fonts.conf.in
2026-03-27 14:15:17,512+0800 WARN  miktex.core - still open: C:\Users\Lenovo\patents\7_SASPH-6G_Slice-Adaptive_Split-PQC_Handshake\.miktex-local\config\fontconfig\config\fonts.conf
2026-03-27 14:15:17,512+0800 INFO  miktex - this process (38148) finishes with exit code 0
2026-03-27 14:15:19,520+0800 INFO  miktex - this is One MiKTeX Utility 1.11 (MiKTeX 25.4)
2026-03-27 14:15:19,521+0800 INFO  miktex - this process (32012) started by xelatex in directory C:\Users\Lenovo\patents\7_SASPH-6G_Slice-Adaptive_Split-PQC_Handshake with command line: miktex fontmaps configure
2026-03-27 14:15:19,521+0800 INFO  miktex - Parsing configuration file C:\Users\Lenovo\patents\7_SASPH-6G_Slice-Adaptive_Split-PQC_Handshake\.miktex-local\install\miktex/config\updmap.cfg...
2026-03-27 14:15:19,608+0800 INFO  miktex - Writing C:\Users\Lenovo\patents\7_SASPH-6G_Slice-Adaptive_Split-PQC_Handshake\.miktex-local\data\fonts\map\dvipdfmx\kanjix.map...
2026-03-27 14:15:19,609+0800 INFO  miktex - Writing C:\Users\Lenovo\patents\7_SASPH-6G_Slice-Adaptive_Split-PQC_Handshake\.miktex-local\data\fonts\map\dvips\builtin35.map...
2026-03-27 14:15:19,610+0800 INFO  miktex - Writing C:\Users\Lenovo\patents\7_SASPH-6G_Slice-Adaptive_Split-PQC_Handshake\.miktex-local\data\fonts\map\dvips\download35.map...
2026-03-27 14:15:19,611+0800 INFO  miktex - Writing C:\Users\Lenovo\patents\7_SASPH-6G_Slice-Adaptive_Split-PQC_Handshake\.miktex-local\data\fonts\map\dvips\ps2pk.map...
2026-03-27 14:15:19,619+0800 INFO  miktex - Writing C:\Users\Lenovo\patents\7_SASPH-6G_Slice-Adaptive_Split-PQC_Handshake\.miktex-local\data\fonts\map\dvips\psfonts_pk.map...
2026-03-27 14:15:19,626+0800 INFO  miktex - Writing C:\Users\Lenovo\patents\7_SASPH-6G_Slice-Adaptive_Split-PQC_Handshake\.miktex-local\data\fonts\map\dvips\psfonts_t1.map...
2026-03-27 14:15:19,636+0800 INFO  miktex - Writing C:\Users\Lenovo\patents\7_SASPH-6G_Slice-Adaptive_Split-PQC_Handshake\.miktex-local\data\fonts\map\pdftex\pdftex_dl14.map...
2026-03-27 14:15:19,647+0800 INFO  miktex - Writing C:\Users\Lenovo\patents\7_SASPH-6G_Slice-Adaptive_Split-PQC_Handshake\.miktex-local\data\fonts\map\pdftex\pdftex_ndl14.map...
2026-03-27 14:15:19,658+0800 INFO  miktex - Copying C:\Users\Lenovo\patents\7_SASPH-6G_Slice-Adaptive_Split-PQC_Handshake\.miktex-local\data\fonts\map\dvips\psfonts_t1.map
2026-03-27 14:15:19,658+0800 INFO  miktex -      to C:\Users\Lenovo\patents\7_SASPH-6G_Slice-Adaptive_Split-PQC_Handshake\.miktex-local\data\fonts\map\dvips\psfonts.map...
2026-03-27 14:15:19,659+0800 INFO  miktex - Copying C:\Users\Lenovo\patents\7_SASPH-6G_Slice-Adaptive_Split-PQC_Handshake\.miktex-local\data\fonts\map\pdftex\pdftex_dl14.map
2026-03-27 14:15:19,659+0800 INFO  miktex -      to C:\Users\Lenovo\patents\7_SASPH-6G_Slice-Adaptive_Split-PQC_Handshake\.miktex-local\data\fonts\map\pdftex\pdftex.map...
2026-03-27 14:15:19,668+0800 INFO  miktex - running: miktex-fc-cache --miktex-disable-maintenance --miktex-disable-diagnose
2026-03-27 14:15:19,668+0800 INFO  miktex.core - start process: miktex-fc-cache --miktex-disable-maintenance --miktex-disable-diagnose
2026-03-27 14:15:20,012+0800 INFO  miktex - miktex-fc-cache: security risk: running with elevated privileges
2026-03-27 14:15:20,017+0800 WARN  miktex.core - still open: C:\Users\Lenovo\patents\7_SASPH-6G_Slice-Adaptive_Split-PQC_Handshake\.miktex-local\install\fontconfig/config\fonts.conf.in
2026-03-27 14:15:20,017+0800 WARN  miktex.core - still open: C:\Users\Lenovo\patents\7_SASPH-6G_Slice-Adaptive_Split-PQC_Handshake\.miktex-local\config\fontconfig\config\fonts.conf
2026-03-27 14:15:20,017+0800 INFO  miktex - this process (32012) finishes with exit code 0
2026-03-27 14:15:22,614+0800 INFO  miktex - this is One MiKTeX Utility 1.11 (MiKTeX 25.4)
2026-03-27 14:15:22,614+0800 INFO  miktex - this process (37704) started by xelatex in directory C:\Users\Lenovo\patents\7_SASPH-6G_Slice-Adaptive_Split-PQC_Handshake with command line: miktex fontmaps configure
2026-03-27 14:15:22,615+0800 INFO  miktex - Parsing configuration file C:\Users\Lenovo\patents\7_SASPH-6G_Slice-Adaptive_Split-PQC_Handshake\.miktex-local\install\miktex/config\updmap.cfg...
2026-03-27 14:15:22,707+0800 INFO  miktex - Writing C:\Users\Lenovo\patents\7_SASPH-6G_Slice-Adaptive_Split-PQC_Handshake\.miktex-local\data\fonts\map\dvipdfmx\kanjix.map...
2026-03-27 14:15:22,707+0800 INFO  miktex - Writing C:\Users\Lenovo\patents\7_SASPH-6G_Slice-Adaptive_Split-PQC_Handshake\.miktex-local\data\fonts\map\dvips\builtin35.map...
2026-03-27 14:15:22,709+0800 INFO  miktex - Writing C:\Users\Lenovo\patents\7_SASPH-6G_Slice-Adaptive_Split-PQC_Handshake\.miktex-local\data\fonts\map\dvips\download35.map...
2026-03-27 14:15:22,711+0800 INFO  miktex - Writing C:\Users\Lenovo\patents\7_SASPH-6G_Slice-Adaptive_Split-PQC_Handshake\.miktex-local\data\fonts\map\dvips\ps2pk.map...
2026-03-27 14:15:22,715+0800 INFO  miktex - Writing C:\Users\Lenovo\patents\7_SASPH-6G_Slice-Adaptive_Split-PQC_Handshake\.miktex-local\data\fonts\map\dvips\psfonts_pk.map...
2026-03-27 14:15:22,721+0800 INFO  miktex - Writing C:\Users\Lenovo\patents\7_SASPH-6G_Slice-Adaptive_Split-PQC_Handshake\.miktex-local\data\fonts\map\dvips\psfonts_t1.map...
2026-03-27 14:15:22,732+0800 INFO  miktex - Writing C:\Users\Lenovo\patents\7_SASPH-6G_Slice-Adaptive_Split-PQC_Handshake\.miktex-local\data\fonts\map\pdftex\pdftex_dl14.map...
2026-03-27 14:15:22,740+0800 INFO  miktex - Writing C:\Users\Lenovo\patents\7_SASPH-6G_Slice-Adaptive_Split-PQC_Handshake\.miktex-local\data\fonts\map\pdftex\pdftex_ndl14.map...
2026-03-27 14:15:22,749+0800 INFO  miktex - Copying C:\Users\Lenovo\patents\7_SASPH-6G_Slice-Adaptive_Split-PQC_Handshake\.miktex-local\data\fonts\map\dvips\psfonts_t1.map
2026-03-27 14:15:22,749+0800 INFO  miktex -      to C:\Users\Lenovo\patents\7_SASPH-6G_Slice-Adaptive_Split-PQC_Handshake\.miktex-local\data\fonts\map\dvips\psfonts.map...
2026-03-27 14:15:22,751+0800 INFO  miktex - Copying C:\Users\Lenovo\patents\7_SASPH-6G_Slice-Adaptive_Split-PQC_Handshake\.miktex-local\data\fonts\map\pdftex\pdftex_dl14.map
2026-03-27 14:15:22,751+0800 INFO  miktex -      to C:\Users\Lenovo\patents\7_SASPH-6G_Slice-Adaptive_Split-PQC_Handshake\.miktex-local\data\fonts\map\pdftex\pdftex.map...
2026-03-27 14:15:22,759+0800 INFO  miktex - running: miktex-fc-cache --miktex-disable-maintenance --miktex-disable-diagnose
2026-03-27 14:15:22,759+0800 INFO  miktex.core - start process: miktex-fc-cache --miktex-disable-maintenance --miktex-disable-diagnose
2026-03-27 14:15:23,080+0800 INFO  miktex - miktex-fc-cache: security risk: running with elevated privileges
2026-03-27 14:15:23,084+0800 WARN  miktex.core - still open: C:\Users\Lenovo\patents\7_SASPH-6G_Slice-Adaptive_Split-PQC_Handshake\.miktex-local\install\fontconfig/config\fonts.conf.in
2026-03-27 14:15:23,084+0800 WARN  miktex.core - still open: C:\Users\Lenovo\patents\7_SASPH-6G_Slice-Adaptive_Split-PQC_Handshake\.miktex-local\config\fontconfig\config\fonts.conf
2026-03-27 14:15:23,084+0800 INFO  miktex - this process (37704) finishes with exit code 0
2026-03-27 14:15:26,460+0800 INFO  miktex - this is One MiKTeX Utility 1.11 (MiKTeX 25.4)
2026-03-27 14:15:26,460+0800 INFO  miktex - this process (6388) started by xelatex in directory C:\Users\Lenovo\patents\7_SASPH-6G_Slice-Adaptive_Split-PQC_Handshake with command line: miktex fontmaps configure
2026-03-27 14:15:26,460+0800 INFO  miktex - Parsing configuration file C:\Users\Lenovo\patents\7_SASPH-6G_Slice-Adaptive_Split-PQC_Handshake\.miktex-local\install\miktex/config\updmap.cfg...
2026-03-27 14:15:26,538+0800 INFO  miktex - Writing C:\Users\Lenovo\patents\7_SASPH-6G_Slice-Adaptive_Split-PQC_Handshake\.miktex-local\data\fonts\map\dvipdfmx\kanjix.map...
2026-03-27 14:15:26,538+0800 INFO  miktex - Writing C:\Users\Lenovo\patents\7_SASPH-6G_Slice-Adaptive_Split-PQC_Handshake\.miktex-local\data\fonts\map\dvips\builtin35.map...
2026-03-27 14:15:26,539+0800 INFO  miktex - Writing C:\Users\Lenovo\patents\7_SASPH-6G_Slice-Adaptive_Split-PQC_Handshake\.miktex-local\data\fonts\map\dvips\download35.map...
2026-03-27 14:15:26,541+0800 INFO  miktex - Writing C:\Users\Lenovo\patents\7_SASPH-6G_Slice-Adaptive_Split-PQC_Handshake\.miktex-local\data\fonts\map\dvips\ps2pk.map...
2026-03-27 14:15:26,549+0800 INFO  miktex - Writing C:\Users\Lenovo\patents\7_SASPH-6G_Slice-Adaptive_Split-PQC_Handshake\.miktex-local\data\fonts\map\dvips\psfonts_pk.map...
2026-03-27 14:15:26,559+0800 INFO  miktex - Writing C:\Users\Lenovo\patents\7_SASPH-6G_Slice-Adaptive_Split-PQC_Handshake\.miktex-local\data\fonts\map\dvips\psfonts_t1.map...
2026-03-27 14:15:26,570+0800 INFO  miktex - Writing C:\Users\Lenovo\patents\7_SASPH-6G_Slice-Adaptive_Split-PQC_Handshake\.miktex-local\data\fonts\map\pdftex\pdftex_dl14.map...
2026-03-27 14:15:26,581+0800 INFO  miktex - Writing C:\Users\Lenovo\patents\7_SASPH-6G_Slice-Adaptive_Split-PQC_Handshake\.miktex-local\data\fonts\map\pdftex\pdftex_ndl14.map...
2026-03-27 14:15:26,589+0800 INFO  miktex - Copying C:\Users\Lenovo\patents\7_SASPH-6G_Slice-Adaptive_Split-PQC_Handshake\.miktex-local\data\fonts\map\dvips\psfonts_t1.map
2026-03-27 14:15:26,590+0800 INFO  miktex -      to C:\Users\Lenovo\patents\7_SASPH-6G_Slice-Adaptive_Split-PQC_Handshake\.miktex-local\data\fonts\map\dvips\psfonts.map...
2026-03-27 14:15:26,593+0800 INFO  miktex - Copying C:\Users\Lenovo\patents\7_SASPH-6G_Slice-Adaptive_Split-PQC_Handshake\.miktex-local\data\fonts\map\pdftex\pdftex_dl14.map
2026-03-27 14:15:26,593+0800 INFO  miktex -      to C:\Users\Lenovo\patents\7_SASPH-6G_Slice-Adaptive_Split-PQC_Handshake\.miktex-local\data\fonts\map\pdftex\pdftex.map...
2026-03-27 14:15:26,603+0800 INFO  miktex - running: miktex-fc-cache --miktex-disable-maintenance --miktex-disable-diagnose
2026-03-27 14:15:26,603+0800 INFO  miktex.core - start process: miktex-fc-cache --miktex-disable-maintenance --miktex-disable-diagnose
2026-03-27 14:15:26,980+0800 INFO  miktex - miktex-fc-cache: security risk: running with elevated privileges
2026-03-27 14:15:26,984+0800 WARN  miktex.core - still open: C:\Users\Lenovo\patents\7_SASPH-6G_Slice-Adaptive_Split-PQC_Handshake\.miktex-local\install\fontconfig/config\fonts.conf.in
2026-03-27 14:15:26,984+0800 WARN  miktex.core - still open: C:\Users\Lenovo\patents\7_SASPH-6G_Slice-Adaptive_Split-PQC_Handshake\.miktex-local\config\fontconfig\config\fonts.conf
2026-03-27 14:15:26,984+0800 INFO  miktex - this process (6388) finishes with exit code 0
2026-03-27 14:15:30,053+0800 INFO  miktex - this is One MiKTeX Utility 1.11 (MiKTeX 25.4)
2026-03-27 14:15:30,053+0800 INFO  miktex - this process (6556) started by xelatex in directory C:\Users\Lenovo\patents\7_SASPH-6G_Slice-Adaptive_Split-PQC_Handshake with command line: miktex fontmaps configure
2026-03-27 14:15:30,054+0800 INFO  miktex - Parsing configuration file C:\Users\Lenovo\patents\7_SASPH-6G_Slice-Adaptive_Split-PQC_Handshake\.miktex-local\install\miktex/config\updmap.cfg...
2026-03-27 14:15:30,132+0800 INFO  miktex - Writing C:\Users\Lenovo\patents\7_SASPH-6G_Slice-Adaptive_Split-PQC_Handshake\.miktex-local\data\fonts\map\dvipdfmx\kanjix.map...
2026-03-27 14:15:30,132+0800 INFO  miktex - Writing C:\Users\Lenovo\patents\7_SASPH-6G_Slice-Adaptive_Split-PQC_Handshake\.miktex-local\data\fonts\map\dvips\builtin35.map...
2026-03-27 14:15:30,133+0800 INFO  miktex - Writing C:\Users\Lenovo\patents\7_SASPH-6G_Slice-Adaptive_Split-PQC_Handshake\.miktex-local\data\fonts\map\dvips\download35.map...
2026-03-27 14:15:30,135+0800 INFO  miktex - Writing C:\Users\Lenovo\patents\7_SASPH-6G_Slice-Adaptive_Split-PQC_Handshake\.miktex-local\data\fonts\map\dvips\ps2pk.map...
2026-03-27 14:15:30,143+0800 INFO  miktex - Writing C:\Users\Lenovo\patents\7_SASPH-6G_Slice-Adaptive_Split-PQC_Handshake\.miktex-local\data\fonts\map\dvips\psfonts_pk.map...
2026-03-27 14:15:30,151+0800 INFO  miktex - Writing C:\Users\Lenovo\patents\7_SASPH-6G_Slice-Adaptive_Split-PQC_Handshake\.miktex-local\data\fonts\map\dvips\psfonts_t1.map...
2026-03-27 14:15:30,161+0800 INFO  miktex - Writing C:\Users\Lenovo\patents\7_SASPH-6G_Slice-Adaptive_Split-PQC_Handshake\.miktex-local\data\fonts\map\pdftex\pdftex_dl14.map...
2026-03-27 14:15:30,169+0800 INFO  miktex - Writing C:\Users\Lenovo\patents\7_SASPH-6G_Slice-Adaptive_Split-PQC_Handshake\.miktex-local\data\fonts\map\pdftex\pdftex_ndl14.map...
2026-03-27 14:15:30,180+0800 INFO  miktex - Copying C:\Users\Lenovo\patents\7_SASPH-6G_Slice-Adaptive_Split-PQC_Handshake\.miktex-local\data\fonts\map\dvips\psfonts_t1.map
2026-03-27 14:15:30,180+0800 INFO  miktex -      to C:\Users\Lenovo\patents\7_SASPH-6G_Slice-Adaptive_Split-PQC_Handshake\.miktex-local\data\fonts\map\dvips\psfonts.map...
2026-03-27 14:15:30,183+0800 INFO  miktex - Copying C:\Users\Lenovo\patents\7_SASPH-6G_Slice-Adaptive_Split-PQC_Handshake\.miktex-local\data\fonts\map\pdftex\pdftex_dl14.map
2026-03-27 14:15:30,183+0800 INFO  miktex -      to C:\Users\Lenovo\patents\7_SASPH-6G_Slice-Adaptive_Split-PQC_Handshake\.miktex-local\data\fonts\map\pdftex\pdftex.map...
2026-03-27 14:15:30,196+0800 INFO  miktex - running: miktex-fc-cache --miktex-disable-maintenance --miktex-disable-diagnose
2026-03-27 14:15:30,197+0800 INFO  miktex.core - start process: miktex-fc-cache --miktex-disable-maintenance --miktex-disable-diagnose
2026-03-27 14:15:30,547+0800 INFO  miktex - miktex-fc-cache: security risk: running with elevated privileges
2026-03-27 14:15:30,550+0800 WARN  miktex.core - still open: C:\Users\Lenovo\patents\7_SASPH-6G_Slice-Adaptive_Split-PQC_Handshake\.miktex-local\install\fontconfig/config\fonts.conf.in
2026-03-27 14:15:30,551+0800 WARN  miktex.core - still open: C:\Users\Lenovo\patents\7_SASPH-6G_Slice-Adaptive_Split-PQC_Handshake\.miktex-local\config\fontconfig\config\fonts.conf
2026-03-27 14:15:30,551+0800 INFO  miktex - this process (6556) finishes with exit code 0
2026-03-27 14:15:32,501+0800 INFO  miktex - this is One MiKTeX Utility 1.11 (MiKTeX 25.4)
2026-03-27 14:15:32,502+0800 INFO  miktex - this process (35888) started by xelatex in directory C:\Users\Lenovo\patents\7_SASPH-6G_Slice-Adaptive_Split-PQC_Handshake with command line: miktex fontmaps configure
2026-03-27 14:15:32,502+0800 INFO  miktex - Parsing configuration file C:\Users\Lenovo\patents\7_SASPH-6G_Slice-Adaptive_Split-PQC_Handshake\.miktex-local\install\miktex/config\updmap.cfg...
2026-03-27 14:15:32,591+0800 INFO  miktex - Writing C:\Users\Lenovo\patents\7_SASPH-6G_Slice-Adaptive_Split-PQC_Handshake\.miktex-local\data\fonts\map\dvipdfmx\kanjix.map...
2026-03-27 14:15:32,592+0800 INFO  miktex - Writing C:\Users\Lenovo\patents\7_SASPH-6G_Slice-Adaptive_Split-PQC_Handshake\.miktex-local\data\fonts\map\dvips\builtin35.map...
2026-03-27 14:15:32,593+0800 INFO  miktex - Writing C:\Users\Lenovo\patents\7_SASPH-6G_Slice-Adaptive_Split-PQC_Handshake\.miktex-local\data\fonts\map\dvips\download35.map...
2026-03-27 14:15:32,597+0800 INFO  miktex - Writing C:\Users\Lenovo\patents\7_SASPH-6G_Slice-Adaptive_Split-PQC_Handshake\.miktex-local\data\fonts\map\dvips\ps2pk.map...
2026-03-27 14:15:32,606+0800 INFO  miktex - Writing C:\Users\Lenovo\patents\7_SASPH-6G_Slice-Adaptive_Split-PQC_Handshake\.miktex-local\data\fonts\map\dvips\psfonts_pk.map...
2026-03-27 14:15:32,611+0800 INFO  miktex - Writing C:\Users\Lenovo\patents\7_SASPH-6G_Slice-Adaptive_Split-PQC_Handshake\.miktex-local\data\fonts\map\dvips\psfonts_t1.map...
2026-03-27 14:15:32,618+0800 INFO  miktex - Writing C:\Users\Lenovo\patents\7_SASPH-6G_Slice-Adaptive_Split-PQC_Handshake\.miktex-local\data\fonts\map\pdftex\pdftex_dl14.map...
2026-03-27 14:15:32,625+0800 INFO  miktex - Writing C:\Users\Lenovo\patents\7_SASPH-6G_Slice-Adaptive_Split-PQC_Handshake\.miktex-local\data\fonts\map\pdftex\pdftex_ndl14.map...
2026-03-27 14:15:32,632+0800 INFO  miktex - Copying C:\Users\Lenovo\patents\7_SASPH-6G_Slice-Adaptive_Split-PQC_Handshake\.miktex-local\data\fonts\map\dvips\psfonts_t1.map
2026-03-27 14:15:32,632+0800 INFO  miktex -      to C:\Users\Lenovo\patents\7_SASPH-6G_Slice-Adaptive_Split-PQC_Handshake\.miktex-local\data\fonts\map\dvips\psfonts.map...
2026-03-27 14:15:32,636+0800 INFO  miktex - Copying C:\Users\Lenovo\patents\7_SASPH-6G_Slice-Adaptive_Split-PQC_Handshake\.miktex-local\data\fonts\map\pdftex\pdftex_dl14.map
2026-03-27 14:15:32,636+0800 INFO  miktex -      to C:\Users\Lenovo\patents\7_SASPH-6G_Slice-Adaptive_Split-PQC_Handshake\.miktex-local\data\fonts\map\pdftex\pdftex.map...
2026-03-27 14:15:32,650+0800 INFO  miktex - running: miktex-fc-cache --miktex-disable-maintenance --miktex-disable-diagnose
2026-03-27 14:15:32,650+0800 INFO  miktex.core - start process: miktex-fc-cache --miktex-disable-maintenance --miktex-disable-diagnose
2026-03-27 14:15:32,985+0800 INFO  miktex - miktex-fc-cache: security risk: running with elevated privileges
2026-03-27 14:15:32,988+0800 WARN  miktex.core - still open: C:\Users\Lenovo\patents\7_SASPH-6G_Slice-Adaptive_Split-PQC_Handshake\.miktex-local\config\fontconfig\config\fonts.conf
2026-03-27 14:15:32,988+0800 WARN  miktex.core - still open: C:\Users\Lenovo\patents\7_SASPH-6G_Slice-Adaptive_Split-PQC_Handshake\.miktex-local\install\fontconfig/config\fonts.conf.in
2026-03-27 14:15:32,988+0800 INFO  miktex - this process (35888) finishes with exit code 0
2026-03-27 14:15:36,091+0800 INFO  miktex - this is One MiKTeX Utility 1.11 (MiKTeX 25.4)
2026-03-27 14:15:36,091+0800 INFO  miktex - this process (37304) started by xelatex in directory C:\Users\Lenovo\patents\7_SASPH-6G_Slice-Adaptive_Split-PQC_Handshake with command line: miktex fontmaps configure
2026-03-27 14:15:36,091+0800 INFO  miktex - Parsing configuration file C:\Users\Lenovo\patents\7_SASPH-6G_Slice-Adaptive_Split-PQC_Handshake\.miktex-local\install\miktex/config\updmap.cfg...
2026-03-27 14:15:36,177+0800 INFO  miktex - Writing C:\Users\Lenovo\patents\7_SASPH-6G_Slice-Adaptive_Split-PQC_Handshake\.miktex-local\data\fonts\map\dvipdfmx\kanjix.map...
2026-03-27 14:15:36,177+0800 INFO  miktex - Writing C:\Users\Lenovo\patents\7_SASPH-6G_Slice-Adaptive_Split-PQC_Handshake\.miktex-local\data\fonts\map\dvips\builtin35.map...
2026-03-27 14:15:36,181+0800 INFO  miktex - Writing C:\Users\Lenovo\patents\7_SASPH-6G_Slice-Adaptive_Split-PQC_Handshake\.miktex-local\data\fonts\map\dvips\download35.map...
2026-03-27 14:15:36,182+0800 INFO  miktex - Writing C:\Users\Lenovo\patents\7_SASPH-6G_Slice-Adaptive_Split-PQC_Handshake\.miktex-local\data\fonts\map\dvips\ps2pk.map...
2026-03-27 14:15:36,192+0800 INFO  miktex - Writing C:\Users\Lenovo\patents\7_SASPH-6G_Slice-Adaptive_Split-PQC_Handshake\.miktex-local\data\fonts\map\dvips\psfonts_pk.map...
2026-03-27 14:15:36,202+0800 INFO  miktex - Writing C:\Users\Lenovo\patents\7_SASPH-6G_Slice-Adaptive_Split-PQC_Handshake\.miktex-local\data\fonts\map\dvips\psfonts_t1.map...
2026-03-27 14:15:36,209+0800 INFO  miktex - Writing C:\Users\Lenovo\patents\7_SASPH-6G_Slice-Adaptive_Split-PQC_Handshake\.miktex-local\data\fonts\map\pdftex\pdftex_dl14.map...
2026-03-27 14:15:36,217+0800 INFO  miktex - Writing C:\Users\Lenovo\patents\7_SASPH-6G_Slice-Adaptive_Split-PQC_Handshake\.miktex-local\data\fonts\map\pdftex\pdftex_ndl14.map...
2026-03-27 14:15:36,226+0800 INFO  miktex - Copying C:\Users\Lenovo\patents\7_SASPH-6G_Slice-Adaptive_Split-PQC_Handshake\.miktex-local\data\fonts\map\dvips\psfonts_t1.map
2026-03-27 14:15:36,226+0800 INFO  miktex -      to C:\Users\Lenovo\patents\7_SASPH-6G_Slice-Adaptive_Split-PQC_Handshake\.miktex-local\data\fonts\map\dvips\psfonts.map...
2026-03-27 14:15:36,230+0800 INFO  miktex - Copying C:\Users\Lenovo\patents\7_SASPH-6G_Slice-Adaptive_Split-PQC_Handshake\.miktex-local\data\fonts\map\pdftex\pdftex_dl14.map
2026-03-27 14:15:36,230+0800 INFO  miktex -      to C:\Users\Lenovo\patents\7_SASPH-6G_Slice-Adaptive_Split-PQC_Handshake\.miktex-local\data\fonts\map\pdftex\pdftex.map...
2026-03-27 14:15:36,239+0800 INFO  miktex - running: miktex-fc-cache --miktex-disable-maintenance --miktex-disable-diagnose
2026-03-27 14:15:36,239+0800 INFO  miktex.core - start process: miktex-fc-cache --miktex-disable-maintenance --miktex-disable-diagnose
2026-03-27 14:15:36,549+0800 INFO  miktex - miktex-fc-cache: security risk: running with elevated privileges
2026-03-27 14:15:36,552+0800 WARN  miktex.core - still open: C:\Users\Lenovo\patents\7_SASPH-6G_Slice-Adaptive_Split-PQC_Handshake\.miktex-local\install\fontconfig/config\fonts.conf.in
2026-03-27 14:15:36,553+0800 WARN  miktex.core - still open: C:\Users\Lenovo\patents\7_SASPH-6G_Slice-Adaptive_Split-PQC_Handshake\.miktex-local\config\fontconfig\config\fonts.conf
2026-03-27 14:15:36,553+0800 INFO  miktex - this process (37304) finishes with exit code 0
2026-03-27 14:15:38,504+0800 INFO  miktex - this is One MiKTeX Utility 1.11 (MiKTeX 25.4)
2026-03-27 14:15:38,504+0800 INFO  miktex - this process (32360) started by xelatex in directory C:\Users\Lenovo\patents\7_SASPH-6G_Slice-Adaptive_Split-PQC_Handshake with command line: miktex fontmaps configure
2026-03-27 14:15:38,505+0800 INFO  miktex - Parsing configuration file C:\Users\Lenovo\patents\7_SASPH-6G_Slice-Adaptive_Split-PQC_Handshake\.miktex-local\install\miktex/config\updmap.cfg...
2026-03-27 14:15:38,591+0800 INFO  miktex - Writing C:\Users\Lenovo\patents\7_SASPH-6G_Slice-Adaptive_Split-PQC_Handshake\.miktex-local\data\fonts\map\dvipdfmx\kanjix.map...
2026-03-27 14:15:38,592+0800 INFO  miktex - Writing C:\Users\Lenovo\patents\7_SASPH-6G_Slice-Adaptive_Split-PQC_Handshake\.miktex-local\data\fonts\map\dvips\builtin35.map...
2026-03-27 14:15:38,593+0800 INFO  miktex - Writing C:\Users\Lenovo\patents\7_SASPH-6G_Slice-Adaptive_Split-PQC_Handshake\.miktex-local\data\fonts\map\dvips\download35.map...
2026-03-27 14:15:38,595+0800 INFO  miktex - Writing C:\Users\Lenovo\patents\7_SASPH-6G_Slice-Adaptive_Split-PQC_Handshake\.miktex-local\data\fonts\map\dvips\ps2pk.map...
2026-03-27 14:15:38,604+0800 INFO  miktex - Writing C:\Users\Lenovo\patents\7_SASPH-6G_Slice-Adaptive_Split-PQC_Handshake\.miktex-local\data\fonts\map\dvips\psfonts_pk.map...
2026-03-27 14:15:38,613+0800 INFO  miktex - Writing C:\Users\Lenovo\patents\7_SASPH-6G_Slice-Adaptive_Split-PQC_Handshake\.miktex-local\data\fonts\map\dvips\psfonts_t1.map...
2026-03-27 14:15:38,628+0800 INFO  miktex - Writing C:\Users\Lenovo\patents\7_SASPH-6G_Slice-Adaptive_Split-PQC_Handshake\.miktex-local\data\fonts\map\pdftex\pdftex_dl14.map...
2026-03-27 14:15:38,640+0800 INFO  miktex - Writing C:\Users\Lenovo\patents\7_SASPH-6G_Slice-Adaptive_Split-PQC_Handshake\.miktex-local\data\fonts\map\pdftex\pdftex_ndl14.map...
2026-03-27 14:15:38,652+0800 INFO  miktex - Copying C:\Users\Lenovo\patents\7_SASPH-6G_Slice-Adaptive_Split-PQC_Handshake\.miktex-local\data\fonts\map\dvips\psfonts_t1.map
2026-03-27 14:15:38,653+0800 INFO  miktex -      to C:\Users\Lenovo\patents\7_SASPH-6G_Slice-Adaptive_Split-PQC_Handshake\.miktex-local\data\fonts\map\dvips\psfonts.map...
2026-03-27 14:15:38,655+0800 INFO  miktex - Copying C:\Users\Lenovo\patents\7_SASPH-6G_Slice-Adaptive_Split-PQC_Handshake\.miktex-local\data\fonts\map\pdftex\pdftex_dl14.map
2026-03-27 14:15:38,655+0800 INFO  miktex -      to C:\Users\Lenovo\patents\7_SASPH-6G_Slice-Adaptive_Split-PQC_Handshake\.miktex-local\data\fonts\map\pdftex\pdftex.map...
2026-03-27 14:15:38,665+0800 INFO  miktex - running: miktex-fc-cache --miktex-disable-maintenance --miktex-disable-diagnose
2026-03-27 14:15:38,665+0800 INFO  miktex.core - start process: miktex-fc-cache --miktex-disable-maintenance --miktex-disable-diagnose
2026-03-27 14:15:39,021+0800 INFO  miktex - miktex-fc-cache: security risk: running with elevated privileges
2026-03-27 14:15:39,025+0800 WARN  miktex.core - still open: C:\Users\Lenovo\patents\7_SASPH-6G_Slice-Adaptive_Split-PQC_Handshake\.miktex-local\install\fontconfig/config\fonts.conf.in
2026-03-27 14:15:39,025+0800 WARN  miktex.core - still open: C:\Users\Lenovo\patents\7_SASPH-6G_Slice-Adaptive_Split-PQC_Handshake\.miktex-local\config\fontconfig\config\fonts.conf
2026-03-27 14:15:39,025+0800 INFO  miktex - this process (32360) finishes with exit code 0
2026-03-27 14:15:41,271+0800 INFO  miktex - this is One MiKTeX Utility 1.11 (MiKTeX 25.4)
2026-03-27 14:15:41,271+0800 INFO  miktex - this process (18452) started by xelatex in directory C:\Users\Lenovo\patents\7_SASPH-6G_Slice-Adaptive_Split-PQC_Handshake with command line: miktex fontmaps configure
2026-03-27 14:15:41,271+0800 INFO  miktex - Parsing configuration file C:\Users\Lenovo\patents\7_SASPH-6G_Slice-Adaptive_Split-PQC_Handshake\.miktex-local\install\miktex/config\updmap.cfg...
2026-03-27 14:15:41,357+0800 INFO  miktex - Writing C:\Users\Lenovo\patents\7_SASPH-6G_Slice-Adaptive_Split-PQC_Handshake\.miktex-local\data\fonts\map\dvipdfmx\kanjix.map...
2026-03-27 14:15:41,358+0800 INFO  miktex - Writing C:\Users\Lenovo\patents\7_SASPH-6G_Slice-Adaptive_Split-PQC_Handshake\.miktex-local\data\fonts\map\dvips\builtin35.map...
2026-03-27 14:15:41,359+0800 INFO  miktex - Writing C:\Users\Lenovo\patents\7_SASPH-6G_Slice-Adaptive_Split-PQC_Handshake\.miktex-local\data\fonts\map\dvips\download35.map...
2026-03-27 14:15:41,361+0800 INFO  miktex - Writing C:\Users\Lenovo\patents\7_SASPH-6G_Slice-Adaptive_Split-PQC_Handshake\.miktex-local\data\fonts\map\dvips\ps2pk.map...
2026-03-27 14:15:41,372+0800 INFO  miktex - Writing C:\Users\Lenovo\patents\7_SASPH-6G_Slice-Adaptive_Split-PQC_Handshake\.miktex-local\data\fonts\map\dvips\psfonts_pk.map...
2026-03-27 14:15:41,379+0800 INFO  miktex - Writing C:\Users\Lenovo\patents\7_SASPH-6G_Slice-Adaptive_Split-PQC_Handshake\.miktex-local\data\fonts\map\dvips\psfonts_t1.map...
2026-03-27 14:15:41,388+0800 INFO  miktex - Writing C:\Users\Lenovo\patents\7_SASPH-6G_Slice-Adaptive_Split-PQC_Handshake\.miktex-local\data\fonts\map\pdftex\pdftex_dl14.map...
2026-03-27 14:15:41,396+0800 INFO  miktex - Writing C:\Users\Lenovo\patents\7_SASPH-6G_Slice-Adaptive_Split-PQC_Handshake\.miktex-local\data\fonts\map\pdftex\pdftex_ndl14.map...
2026-03-27 14:15:41,405+0800 INFO  miktex - Copying C:\Users\Lenovo\patents\7_SASPH-6G_Slice-Adaptive_Split-PQC_Handshake\.miktex-local\data\fonts\map\dvips\psfonts_t1.map
2026-03-27 14:15:41,405+0800 INFO  miktex -      to C:\Users\Lenovo\patents\7_SASPH-6G_Slice-Adaptive_Split-PQC_Handshake\.miktex-local\data\fonts\map\dvips\psfonts.map...
2026-03-27 14:15:41,407+0800 INFO  miktex - Copying C:\Users\Lenovo\patents\7_SASPH-6G_Slice-Adaptive_Split-PQC_Handshake\.miktex-local\data\fonts\map\pdftex\pdftex_dl14.map
2026-03-27 14:15:41,407+0800 INFO  miktex -      to C:\Users\Lenovo\patents\7_SASPH-6G_Slice-Adaptive_Split-PQC_Handshake\.miktex-local\data\fonts\map\pdftex\pdftex.map...
2026-03-27 14:15:41,415+0800 INFO  miktex - running: miktex-fc-cache --miktex-disable-maintenance --miktex-disable-diagnose
2026-03-27 14:15:41,415+0800 INFO  miktex.core - start process: miktex-fc-cache --miktex-disable-maintenance --miktex-disable-diagnose
2026-03-27 14:15:41,750+0800 INFO  miktex - miktex-fc-cache: security risk: running with elevated privileges
2026-03-27 14:15:41,753+0800 WARN  miktex.core - still open: C:\Users\Lenovo\patents\7_SASPH-6G_Slice-Adaptive_Split-PQC_Handshake\.miktex-local\install\fontconfig/config\fonts.conf.in
2026-03-27 14:15:41,753+0800 WARN  miktex.core - still open: C:\Users\Lenovo\patents\7_SASPH-6G_Slice-Adaptive_Split-PQC_Handshake\.miktex-local\config\fontconfig\config\fonts.conf
2026-03-27 14:15:41,753+0800 INFO  miktex - this process (18452) finishes with exit code 0
2026-03-27 14:15:43,929+0800 INFO  miktex - this is One MiKTeX Utility 1.11 (MiKTeX 25.4)
2026-03-27 14:15:43,929+0800 INFO  miktex - this process (32228) started by xelatex in directory C:\Users\Lenovo\patents\7_SASPH-6G_Slice-Adaptive_Split-PQC_Handshake with command line: miktex fontmaps configure
2026-03-27 14:15:43,930+0800 INFO  miktex - Parsing configuration file C:\Users\Lenovo\patents\7_SASPH-6G_Slice-Adaptive_Split-PQC_Handshake\.miktex-local\install\miktex/config\updmap.cfg...
2026-03-27 14:15:44,017+0800 INFO  miktex - Writing C:\Users\Lenovo\patents\7_SASPH-6G_Slice-Adaptive_Split-PQC_Handshake\.miktex-local\data\fonts\map\dvipdfmx\kanjix.map...
2026-03-27 14:15:44,018+0800 INFO  miktex - Writing C:\Users\Lenovo\patents\7_SASPH-6G_Slice-Adaptive_Split-PQC_Handshake\.miktex-local\data\fonts\map\dvips\builtin35.map...
2026-03-27 14:15:44,019+0800 INFO  miktex - Writing C:\Users\Lenovo\patents\7_SASPH-6G_Slice-Adaptive_Split-PQC_Handshake\.miktex-local\data\fonts\map\dvips\download35.map...
2026-03-27 14:15:44,021+0800 INFO  miktex - Writing C:\Users\Lenovo\patents\7_SASPH-6G_Slice-Adaptive_Split-PQC_Handshake\.miktex-local\data\fonts\map\dvips\ps2pk.map...
2026-03-27 14:15:44,027+0800 INFO  miktex - Writing C:\Users\Lenovo\patents\7_SASPH-6G_Slice-Adaptive_Split-PQC_Handshake\.miktex-local\data\fonts\map\dvips\psfonts_pk.map...
2026-03-27 14:15:44,033+0800 INFO  miktex - Writing C:\Users\Lenovo\patents\7_SASPH-6G_Slice-Adaptive_Split-PQC_Handshake\.miktex-local\data\fonts\map\dvips\psfonts_t1.map...
2026-03-27 14:15:44,044+0800 INFO  miktex - Writing C:\Users\Lenovo\patents\7_SASPH-6G_Slice-Adaptive_Split-PQC_Handshake\.miktex-local\data\fonts\map\pdftex\pdftex_dl14.map...
2026-03-27 14:15:44,055+0800 INFO  miktex - Writing C:\Users\Lenovo\patents\7_SASPH-6G_Slice-Adaptive_Split-PQC_Handshake\.miktex-local\data\fonts\map\pdftex\pdftex_ndl14.map...
2026-03-27 14:15:44,066+0800 INFO  miktex - Copying C:\Users\Lenovo\patents\7_SASPH-6G_Slice-Adaptive_Split-PQC_Handshake\.miktex-local\data\fonts\map\dvips\psfonts_t1.map
2026-03-27 14:15:44,066+0800 INFO  miktex -      to C:\Users\Lenovo\patents\7_SASPH-6G_Slice-Adaptive_Split-PQC_Handshake\.miktex-local\data\fonts\map\dvips\psfonts.map...
2026-03-27 14:15:44,069+0800 INFO  miktex - Copying C:\Users\Lenovo\patents\7_SASPH-6G_Slice-Adaptive_Split-PQC_Handshake\.miktex-local\data\fonts\map\pdftex\pdftex_dl14.map
2026-03-27 14:15:44,069+0800 INFO  miktex -      to C:\Users\Lenovo\patents\7_SASPH-6G_Slice-Adaptive_Split-PQC_Handshake\.miktex-local\data\fonts\map\pdftex\pdftex.map...
2026-03-27 14:15:44,081+0800 INFO  miktex - running: miktex-fc-cache --miktex-disable-maintenance --miktex-disable-diagnose
2026-03-27 14:15:44,081+0800 INFO  miktex.core - start process: miktex-fc-cache --miktex-disable-maintenance --miktex-disable-diagnose
2026-03-27 14:15:44,441+0800 INFO  miktex - miktex-fc-cache: security risk: running with elevated privileges
2026-03-27 14:15:44,446+0800 WARN  miktex.core - still open: C:\Users\Lenovo\patents\7_SASPH-6G_Slice-Adaptive_Split-PQC_Handshake\.miktex-local\config\fontconfig\config\fonts.conf
2026-03-27 14:15:44,446+0800 WARN  miktex.core - still open: C:\Users\Lenovo\patents\7_SASPH-6G_Slice-Adaptive_Split-PQC_Handshake\.miktex-local\install\fontconfig/config\fonts.conf.in
2026-03-27 14:15:44,446+0800 INFO  miktex - this process (32228) finishes with exit code 0
2026-03-27 14:15:48,627+0800 INFO  miktex - this is One MiKTeX Utility 1.11 (MiKTeX 25.4)
2026-03-27 14:15:48,628+0800 INFO  miktex - this process (38920) started by miktex-dvipdfmx in directory C:\Users\Lenovo\patents\7_SASPH-6G_Slice-Adaptive_Split-PQC_Handshake with command line: miktex fontmaps configure
2026-03-27 14:15:48,628+0800 INFO  miktex - Parsing configuration file C:\Users\Lenovo\patents\7_SASPH-6G_Slice-Adaptive_Split-PQC_Handshake\.miktex-local\install\miktex/config\updmap.cfg...
2026-03-27 14:15:48,724+0800 INFO  miktex - Writing C:\Users\Lenovo\patents\7_SASPH-6G_Slice-Adaptive_Split-PQC_Handshake\.miktex-local\data\fonts\map\dvipdfmx\kanjix.map...
2026-03-27 14:15:48,725+0800 INFO  miktex - Writing C:\Users\Lenovo\patents\7_SASPH-6G_Slice-Adaptive_Split-PQC_Handshake\.miktex-local\data\fonts\map\dvips\builtin35.map...
2026-03-27 14:15:48,726+0800 INFO  miktex - Writing C:\Users\Lenovo\patents\7_SASPH-6G_Slice-Adaptive_Split-PQC_Handshake\.miktex-local\data\fonts\map\dvips\download35.map...
2026-03-27 14:15:48,728+0800 INFO  miktex - Writing C:\Users\Lenovo\patents\7_SASPH-6G_Slice-Adaptive_Split-PQC_Handshake\.miktex-local\data\fonts\map\dvips\ps2pk.map...
2026-03-27 14:15:48,734+0800 INFO  miktex - Writing C:\Users\Lenovo\patents\7_SASPH-6G_Slice-Adaptive_Split-PQC_Handshake\.miktex-local\data\fonts\map\dvips\psfonts_pk.map...
2026-03-27 14:15:48,741+0800 INFO  miktex - Writing C:\Users\Lenovo\patents\7_SASPH-6G_Slice-Adaptive_Split-PQC_Handshake\.miktex-local\data\fonts\map\dvips\psfonts_t1.map...
2026-03-27 14:15:48,747+0800 INFO  miktex - Writing C:\Users\Lenovo\patents\7_SASPH-6G_Slice-Adaptive_Split-PQC_Handshake\.miktex-local\data\fonts\map\pdftex\pdftex_dl14.map...
2026-03-27 14:15:48,756+0800 INFO  miktex - Writing C:\Users\Lenovo\patents\7_SASPH-6G_Slice-Adaptive_Split-PQC_Handshake\.miktex-local\data\fonts\map\pdftex\pdftex_ndl14.map...
2026-03-27 14:15:48,764+0800 INFO  miktex - Copying C:\Users\Lenovo\patents\7_SASPH-6G_Slice-Adaptive_Split-PQC_Handshake\.miktex-local\data\fonts\map\dvips\psfonts_t1.map
2026-03-27 14:15:48,764+0800 INFO  miktex -      to C:\Users\Lenovo\patents\7_SASPH-6G_Slice-Adaptive_Split-PQC_Handshake\.miktex-local\data\fonts\map\dvips\psfonts.map...
2026-03-27 14:15:48,768+0800 INFO  miktex - Copying C:\Users\Lenovo\patents\7_SASPH-6G_Slice-Adaptive_Split-PQC_Handshake\.miktex-local\data\fonts\map\pdftex\pdftex_dl14.map
2026-03-27 14:15:48,768+0800 INFO  miktex -      to C:\Users\Lenovo\patents\7_SASPH-6G_Slice-Adaptive_Split-PQC_Handshake\.miktex-local\data\fonts\map\pdftex\pdftex.map...
2026-03-27 14:15:48,784+0800 INFO  miktex - running: miktex-fc-cache --miktex-disable-maintenance --miktex-disable-diagnose
2026-03-27 14:15:48,784+0800 INFO  miktex.core - start process: miktex-fc-cache --miktex-disable-maintenance --miktex-disable-diagnose
2026-03-27 14:15:49,119+0800 INFO  miktex - miktex-fc-cache: security risk: running with elevated privileges
2026-03-27 14:15:49,122+0800 WARN  miktex.core - still open: C:\Users\Lenovo\patents\7_SASPH-6G_Slice-Adaptive_Split-PQC_Handshake\.miktex-local\config\fontconfig\config\fonts.conf
2026-03-27 14:15:49,122+0800 WARN  miktex.core - still open: C:\Users\Lenovo\patents\7_SASPH-6G_Slice-Adaptive_Split-PQC_Handshake\.miktex-local\install\fontconfig/config\fonts.conf.in
2026-03-27 14:15:49,123+0800 INFO  miktex - this process (38920) finishes with exit code 0
2026-03-27 14:15:51,244+0800 INFO  miktex - this is One MiKTeX Utility 1.11 (MiKTeX 25.4)
2026-03-27 14:15:51,244+0800 INFO  miktex - this process (38884) started by miktex-dvipdfmx in directory C:\Users\Lenovo\patents\7_SASPH-6G_Slice-Adaptive_Split-PQC_Handshake with command line: miktex fontmaps configure
2026-03-27 14:15:51,244+0800 INFO  miktex - Parsing configuration file C:\Users\Lenovo\patents\7_SASPH-6G_Slice-Adaptive_Split-PQC_Handshake\.miktex-local\install\miktex/config\updmap.cfg...
2026-03-27 14:15:51,336+0800 INFO  miktex - Writing C:\Users\Lenovo\patents\7_SASPH-6G_Slice-Adaptive_Split-PQC_Handshake\.miktex-local\data\fonts\map\dvipdfmx\kanjix.map...
2026-03-27 14:15:51,337+0800 INFO  miktex - Writing C:\Users\Lenovo\patents\7_SASPH-6G_Slice-Adaptive_Split-PQC_Handshake\.miktex-local\data\fonts\map\dvips\builtin35.map...
2026-03-27 14:15:51,339+0800 INFO  miktex - Writing C:\Users\Lenovo\patents\7_SASPH-6G_Slice-Adaptive_Split-PQC_Handshake\.miktex-local\data\fonts\map\dvips\download35.map...
2026-03-27 14:15:51,340+0800 INFO  miktex - Writing C:\Users\Lenovo\patents\7_SASPH-6G_Slice-Adaptive_Split-PQC_Handshake\.miktex-local\data\fonts\map\dvips\ps2pk.map...
2026-03-27 14:15:51,346+0800 INFO  miktex - Writing C:\Users\Lenovo\patents\7_SASPH-6G_Slice-Adaptive_Split-PQC_Handshake\.miktex-local\data\fonts\map\dvips\psfonts_pk.map...
2026-03-27 14:15:51,351+0800 INFO  miktex - Writing C:\Users\Lenovo\patents\7_SASPH-6G_Slice-Adaptive_Split-PQC_Handshake\.miktex-local\data\fonts\map\dvips\psfonts_t1.map...
2026-03-27 14:15:51,356+0800 INFO  miktex - Writing C:\Users\Lenovo\patents\7_SASPH-6G_Slice-Adaptive_Split-PQC_Handshake\.miktex-local\data\fonts\map\pdftex\pdftex_dl14.map...
2026-03-27 14:15:51,362+0800 INFO  miktex - Writing C:\Users\Lenovo\patents\7_SASPH-6G_Slice-Adaptive_Split-PQC_Handshake\.miktex-local\data\fonts\map\pdftex\pdftex_ndl14.map...
2026-03-27 14:15:51,370+0800 INFO  miktex - Copying C:\Users\Lenovo\patents\7_SASPH-6G_Slice-Adaptive_Split-PQC_Handshake\.miktex-local\data\fonts\map\dvips\psfonts_t1.map
2026-03-27 14:15:51,370+0800 INFO  miktex -      to C:\Users\Lenovo\patents\7_SASPH-6G_Slice-Adaptive_Split-PQC_Handshake\.miktex-local\data\fonts\map\dvips\psfonts.map...
2026-03-27 14:15:51,373+0800 INFO  miktex - Copying C:\Users\Lenovo\patents\7_SASPH-6G_Slice-Adaptive_Split-PQC_Handshake\.miktex-local\data\fonts\map\pdftex\pdftex_dl14.map
2026-03-27 14:15:51,373+0800 INFO  miktex -      to C:\Users\Lenovo\patents\7_SASPH-6G_Slice-Adaptive_Split-PQC_Handshake\.miktex-local\data\fonts\map\pdftex\pdftex.map...
2026-03-27 14:15:51,385+0800 INFO  miktex - running: miktex-fc-cache --miktex-disable-maintenance --miktex-disable-diagnose
2026-03-27 14:15:51,385+0800 INFO  miktex.core - start process: miktex-fc-cache --miktex-disable-maintenance --miktex-disable-diagnose
2026-03-27 14:15:51,744+0800 INFO  miktex - miktex-fc-cache: security risk: running with elevated privileges
2026-03-27 14:15:51,747+0800 WARN  miktex.core - still open: C:\Users\Lenovo\patents\7_SASPH-6G_Slice-Adaptive_Split-PQC_Handshake\.miktex-local\config\fontconfig\config\fonts.conf
2026-03-27 14:15:51,747+0800 WARN  miktex.core - still open: C:\Users\Lenovo\patents\7_SASPH-6G_Slice-Adaptive_Split-PQC_Handshake\.miktex-local\install\fontconfig/config\fonts.conf.in
2026-03-27 14:15:51,747+0800 INFO  miktex - this process (38884) finishes with exit code 0
2026-03-27 14:15:53,965+0800 INFO  miktex - this is One MiKTeX Utility 1.11 (MiKTeX 25.4)
2026-03-27 14:15:53,966+0800 INFO  miktex - this process (38080) started by miktex-dvipdfmx in directory C:\Users\Lenovo\patents\7_SASPH-6G_Slice-Adaptive_Split-PQC_Handshake with command line: miktex fontmaps configure
2026-03-27 14:15:53,966+0800 INFO  miktex - Parsing configuration file C:\Users\Lenovo\patents\7_SASPH-6G_Slice-Adaptive_Split-PQC_Handshake\.miktex-local\install\miktex/config\updmap.cfg...
2026-03-27 14:15:54,059+0800 INFO  miktex - Writing C:\Users\Lenovo\patents\7_SASPH-6G_Slice-Adaptive_Split-PQC_Handshake\.miktex-local\data\fonts\map\dvipdfmx\kanjix.map...
2026-03-27 14:15:54,060+0800 INFO  miktex - Writing C:\Users\Lenovo\patents\7_SASPH-6G_Slice-Adaptive_Split-PQC_Handshake\.miktex-local\data\fonts\map\dvips\builtin35.map...
2026-03-27 14:15:54,061+0800 INFO  miktex - Writing C:\Users\Lenovo\patents\7_SASPH-6G_Slice-Adaptive_Split-PQC_Handshake\.miktex-local\data\fonts\map\dvips\download35.map...
2026-03-27 14:15:54,063+0800 INFO  miktex - Writing C:\Users\Lenovo\patents\7_SASPH-6G_Slice-Adaptive_Split-PQC_Handshake\.miktex-local\data\fonts\map\dvips\ps2pk.map...
2026-03-27 14:15:54,069+0800 INFO  miktex - Writing C:\Users\Lenovo\patents\7_SASPH-6G_Slice-Adaptive_Split-PQC_Handshake\.miktex-local\data\fonts\map\dvips\psfonts_pk.map...
2026-03-27 14:15:54,075+0800 INFO  miktex - Writing C:\Users\Lenovo\patents\7_SASPH-6G_Slice-Adaptive_Split-PQC_Handshake\.miktex-local\data\fonts\map\dvips\psfonts_t1.map...
2026-03-27 14:15:54,081+0800 INFO  miktex - Writing C:\Users\Lenovo\patents\7_SASPH-6G_Slice-Adaptive_Split-PQC_Handshake\.miktex-local\data\fonts\map\pdftex\pdftex_dl14.map...
2026-03-27 14:15:54,091+0800 INFO  miktex - Writing C:\Users\Lenovo\patents\7_SASPH-6G_Slice-Adaptive_Split-PQC_Handshake\.miktex-local\data\fonts\map\pdftex\pdftex_ndl14.map...
2026-03-27 14:15:54,099+0800 INFO  miktex - Copying C:\Users\Lenovo\patents\7_SASPH-6G_Slice-Adaptive_Split-PQC_Handshake\.miktex-local\data\fonts\map\dvips\psfonts_t1.map
2026-03-27 14:15:54,099+0800 INFO  miktex -      to C:\Users\Lenovo\patents\7_SASPH-6G_Slice-Adaptive_Split-PQC_Handshake\.miktex-local\data\fonts\map\dvips\psfonts.map...
2026-03-27 14:15:54,101+0800 INFO  miktex - Copying C:\Users\Lenovo\patents\7_SASPH-6G_Slice-Adaptive_Split-PQC_Handshake\.miktex-local\data\fonts\map\pdftex\pdftex_dl14.map
2026-03-27 14:15:54,101+0800 INFO  miktex -      to C:\Users\Lenovo\patents\7_SASPH-6G_Slice-Adaptive_Split-PQC_Handshake\.miktex-local\data\fonts\map\pdftex\pdftex.map...
2026-03-27 14:15:54,110+0800 INFO  miktex - running: miktex-fc-cache --miktex-disable-maintenance --miktex-disable-diagnose
2026-03-27 14:15:54,111+0800 INFO  miktex.core - start process: miktex-fc-cache --miktex-disable-maintenance --miktex-disable-diagnose
2026-03-27 14:15:54,432+0800 INFO  miktex - miktex-fc-cache: security risk: running with elevated privileges
2026-03-27 14:15:54,436+0800 WARN  miktex.core - still open: C:\Users\Lenovo\patents\7_SASPH-6G_Slice-Adaptive_Split-PQC_Handshake\.miktex-local\config\fontconfig\config\fonts.conf
2026-03-27 14:15:54,436+0800 WARN  miktex.core - still open: C:\Users\Lenovo\patents\7_SASPH-6G_Slice-Adaptive_Split-PQC_Handshake\.miktex-local\install\fontconfig/config\fonts.conf.in
2026-03-27 14:15:54,437+0800 INFO  miktex - this process (38080) finishes with exit code 0
