2026-03-27 14:13:16,847+0800 INFO  xelatex - this process (37512) started by powershell in directory C:\Users\Lenovo\patents\7_SASPH-6G_Slice-Adaptive_Split-PQC_Handshake with command line: C:\Users\Lenovo\AppData\Local\Programs\MiKTeX\miktex\bin\x64\xelatex.exe -interaction=nonstopmode -halt-on-error 检索报告.tex
2026-03-27 14:13:16,847+0800 INFO  xelatex - running on Windows 10.0.26200
2026-03-27 14:13:16,856+0800 WARN  xelatex - security risk: running with elevated privileges
2026-03-27 14:13:16,859+0800 INFO  xelatex - this is MiKTeX-XETEX 4.15.0 (0.999997) (MiKTeX 25.4)
2026-03-27 14:13:16,875+0800 INFO  xelatex - allowing known shell commands
2026-03-27 14:13:17,121+0800 INFO  xelatex - installing package xetex triggered by fonts/misc/xetex/fontmapping\tex-text.tec
2026-03-27 14:13:17,130+0800 INFO  xelatex.packagemanager - going to download https://api2.miktex.org/hello
2026-03-27 14:13:17,902+0800 INFO  xelatex.packagemanager - going to download https://api2.miktex.org/repositories/634f96d0c059a51b3f3b4f3d7cbc5101
2026-03-27 14:13:18,151+0800 INFO  xelatex - mpm: starting package maintenance...
2026-03-27 14:13:18,151+0800 INFO  xelatex - mpm: installation directory: C:\Users\Lenovo\patents\7_SASPH-6G_Slice-Adaptive_Split-PQC_Handshake\.miktex-local\install
2026-03-27 14:13:18,151+0800 INFO  xelatex - mpm: package repository: https://mirror.truenetwork.ru/CTAN/systems/win32/miktex/tm/packages/
2026-03-27 14:13:19,658+0800 WARN  xelatex.packagemanager - dependency problem: ms is required by _miktex-latex-packages
2026-03-27 14:13:19,658+0800 WARN  xelatex.packagemanager - dependency problem: showframe is required by _miktex-latex-packages
2026-03-27 14:13:19,658+0800 WARN  xelatex.packagemanager - dependency problem: thailatex is required by _miktex-latex-packages
2026-03-27 14:13:19,661+0800 WARN  xelatex.packagemanager - dependency problem: luxi is required by _miktex-fonts-type1
2026-03-27 14:13:20,357+0800 INFO  xelatex - mpm: package repository digest: ab6e9323859369ef15ad44621ef5298b
2026-03-27 14:13:20,358+0800 INFO  xelatex - mpm: going to download 55575 bytes
2026-03-27 14:13:20,358+0800 INFO  xelatex - mpm: going to install 8 file(s) (1 package(s))
2026-03-27 14:13:21,583+0800 INFO  xelatex.packagemanager - installing package xetex
2026-03-27 14:13:21,584+0800 INFO  xelatex - mpm: downloading https://mirror.truenetwork.ru/CTAN/systems/win32/miktex/tm/packages/xetex.tar.lzma...
2026-03-27 14:13:21,585+0800 INFO  xelatex.packagemanager - going to download https://mirror.truenetwork.ru/CTAN/systems/win32/miktex/tm/packages/xetex.tar.lzma
2026-03-27 14:13:22,960+0800 INFO  xelatex - mpm: 0.06 MB, 0.32 Mbit/s
2026-03-27 14:13:22,972+0800 INFO  xelatex - mpm: extracting files from xetex.tar.lzma...
2026-03-27 14:13:24,215+0800 INFO  xelatex.core - start process: miktex fontmaps configure
2026-03-27 14:13:26,663+0800 INFO  xelatex - installing package ctex triggered by tex/latex/ctex\ctex.sty
2026-03-27 14:13:26,663+0800 INFO  xelatex - mpm: starting package maintenance...
2026-03-27 14:13:26,663+0800 INFO  xelatex - mpm: installation directory: C:\Users\Lenovo\patents\7_SASPH-6G_Slice-Adaptive_Split-PQC_Handshake\.miktex-local\install
2026-03-27 14:13:26,663+0800 INFO  xelatex - mpm: package repository: https://mirror.truenetwork.ru/CTAN/systems/win32/miktex/tm/packages/
2026-03-27 14:13:27,413+0800 INFO  xelatex - mpm: package repository digest: ab6e9323859369ef15ad44621ef5298b
2026-03-27 14:13:27,413+0800 INFO  xelatex - mpm: going to download 130902 bytes
2026-03-27 14:13:27,413+0800 INFO  xelatex - mpm: going to install 72 file(s) (1 package(s))
2026-03-27 14:13:28,623+0800 INFO  xelatex.packagemanager - installing package ctex
2026-03-27 14:13:28,624+0800 INFO  xelatex - mpm: downloading https://mirror.truenetwork.ru/CTAN/systems/win32/miktex/tm/packages/ctex.tar.lzma...
2026-03-27 14:13:28,624+0800 INFO  xelatex.packagemanager - going to download https://mirror.truenetwork.ru/CTAN/systems/win32/miktex/tm/packages/ctex.tar.lzma
2026-03-27 14:13:29,754+0800 INFO  xelatex - mpm: 0.13 MB, 0.93 Mbit/s
2026-03-27 14:13:29,767+0800 INFO  xelatex - mpm: extracting files from ctex.tar.lzma...
2026-03-27 14:13:30,917+0800 INFO  xelatex.core - start process: miktex fontmaps configure
2026-03-27 14:13:32,609+0800 INFO  xelatex - installing package l3backend triggered by tex/latex/l3backend\l3backend-xetex.def
2026-03-27 14:13:32,609+0800 INFO  xelatex - mpm: starting package maintenance...
2026-03-27 14:13:32,609+0800 INFO  xelatex - mpm: installation directory: C:\Users\Lenovo\patents\7_SASPH-6G_Slice-Adaptive_Split-PQC_Handshake\.miktex-local\install
2026-03-27 14:13:32,609+0800 INFO  xelatex - mpm: package repository: https://mirror.truenetwork.ru/CTAN/systems/win32/miktex/tm/packages/
2026-03-27 14:13:33,112+0800 INFO  xelatex - mpm: package repository digest: ab6e9323859369ef15ad44621ef5298b
2026-03-27 14:13:33,112+0800 INFO  xelatex - mpm: going to download 16792 bytes
2026-03-27 14:13:33,112+0800 INFO  xelatex - mpm: going to install 9 file(s) (1 package(s))
2026-03-27 14:13:34,102+0800 INFO  xelatex.packagemanager - installing package l3backend
2026-03-27 14:13:34,102+0800 INFO  xelatex - mpm: downloading https://mirror.truenetwork.ru/CTAN/systems/win32/miktex/tm/packages/l3backend.tar.lzma...
2026-03-27 14:13:34,102+0800 INFO  xelatex.packagemanager - going to download https://mirror.truenetwork.ru/CTAN/systems/win32/miktex/tm/packages/l3backend.tar.lzma
2026-03-27 14:13:34,640+0800 INFO  xelatex - mpm: 0.02 MB, 0.25 Mbit/s
2026-03-27 14:13:34,649+0800 INFO  xelatex - mpm: extracting files from l3backend.tar.lzma...
2026-03-27 14:13:35,499+0800 INFO  xelatex.core - start process: miktex fontmaps configure
2026-03-27 14:13:37,381+0800 INFO  xelatex - installing package xecjk triggered by tex/xelatex/xecjk\xeCJK.sty
2026-03-27 14:13:37,381+0800 INFO  xelatex - mpm: starting package maintenance...
2026-03-27 14:13:37,381+0800 INFO  xelatex - mpm: installation directory: C:\Users\Lenovo\patents\7_SASPH-6G_Slice-Adaptive_Split-PQC_Handshake\.miktex-local\install
2026-03-27 14:13:37,381+0800 INFO  xelatex - mpm: package repository: https://mirror.truenetwork.ru/CTAN/systems/win32/miktex/tm/packages/
2026-03-27 14:13:37,983+0800 INFO  xelatex - mpm: package repository digest: ab6e9323859369ef15ad44621ef5298b
2026-03-27 14:13:37,983+0800 INFO  xelatex - mpm: going to download 222030 bytes
2026-03-27 14:13:37,983+0800 INFO  xelatex - mpm: going to install 15 file(s) (1 package(s))
2026-03-27 14:13:38,984+0800 INFO  xelatex.packagemanager - installing package xecjk
2026-03-27 14:13:38,985+0800 INFO  xelatex - mpm: downloading https://mirror.truenetwork.ru/CTAN/systems/win32/miktex/tm/packages/xecjk.tar.lzma...
2026-03-27 14:13:38,985+0800 INFO  xelatex.packagemanager - going to download https://mirror.truenetwork.ru/CTAN/systems/win32/miktex/tm/packages/xecjk.tar.lzma
2026-03-27 14:13:40,332+0800 INFO  xelatex - mpm: 0.22 MB, 1.32 Mbit/s
2026-03-27 14:13:40,346+0800 INFO  xelatex - mpm: extracting files from xecjk.tar.lzma...
2026-03-27 14:13:41,200+0800 INFO  xelatex.core - start process: miktex fontmaps configure
2026-03-27 14:13:42,607+0800 INFO  xelatex - installing package cjk triggered by tex/latex/cjk\CJKfntef.sty
2026-03-27 14:13:42,607+0800 INFO  xelatex - mpm: starting package maintenance...
2026-03-27 14:13:42,607+0800 INFO  xelatex - mpm: installation directory: C:\Users\Lenovo\patents\7_SASPH-6G_Slice-Adaptive_Split-PQC_Handshake\.miktex-local\install
2026-03-27 14:13:42,607+0800 INFO  xelatex - mpm: package repository: https://mirror.truenetwork.ru/CTAN/systems/win32/miktex/tm/packages/
2026-03-27 14:13:43,108+0800 INFO  xelatex - mpm: package repository digest: ab6e9323859369ef15ad44621ef5298b
2026-03-27 14:13:43,109+0800 INFO  xelatex - mpm: going to download 60198 bytes
2026-03-27 14:13:43,109+0800 INFO  xelatex - mpm: going to install 212 file(s) (1 package(s))
2026-03-27 14:13:43,969+0800 INFO  xelatex.packagemanager - installing package cjk
2026-03-27 14:13:43,969+0800 INFO  xelatex - mpm: downloading https://mirror.truenetwork.ru/CTAN/systems/win32/miktex/tm/packages/cjk.tar.lzma...
2026-03-27 14:13:43,969+0800 INFO  xelatex.packagemanager - going to download https://mirror.truenetwork.ru/CTAN/systems/win32/miktex/tm/packages/cjk.tar.lzma
2026-03-27 14:13:44,806+0800 INFO  xelatex - mpm: 0.06 MB, 0.58 Mbit/s
2026-03-27 14:13:44,819+0800 INFO  xelatex - mpm: extracting files from cjk.tar.lzma...
2026-03-27 14:13:46,015+0800 INFO  xelatex.core - start process: miktex fontmaps configure
2026-03-27 14:13:47,314+0800 INFO  xelatex - installing package l3packages triggered by tex/latex/l3packages/xtemplate\xtemplate.sty
2026-03-27 14:13:47,314+0800 INFO  xelatex - mpm: starting package maintenance...
2026-03-27 14:13:47,314+0800 INFO  xelatex - mpm: installation directory: C:\Users\Lenovo\patents\7_SASPH-6G_Slice-Adaptive_Split-PQC_Handshake\.miktex-local\install
2026-03-27 14:13:47,314+0800 INFO  xelatex - mpm: package repository: https://mirror.truenetwork.ru/CTAN/systems/win32/miktex/tm/packages/
2026-03-27 14:13:47,722+0800 INFO  xelatex - mpm: package repository digest: ab6e9323859369ef15ad44621ef5298b
2026-03-27 14:13:47,722+0800 INFO  xelatex - mpm: going to download 20715 bytes
2026-03-27 14:13:47,722+0800 INFO  xelatex - mpm: going to install 10 file(s) (1 package(s))
2026-03-27 14:13:48,408+0800 INFO  xelatex.packagemanager - installing package l3packages
2026-03-27 14:13:48,409+0800 INFO  xelatex - mpm: downloading https://mirror.truenetwork.ru/CTAN/systems/win32/miktex/tm/packages/l3packages.tar.lzma...
2026-03-27 14:13:48,409+0800 INFO  xelatex.packagemanager - going to download https://mirror.truenetwork.ru/CTAN/systems/win32/miktex/tm/packages/l3packages.tar.lzma
2026-03-27 14:13:48,956+0800 INFO  xelatex - mpm: 0.02 MB, 0.30 Mbit/s
2026-03-27 14:13:48,974+0800 INFO  xelatex - mpm: extracting files from l3packages.tar.lzma...
2026-03-27 14:13:50,462+0800 INFO  xelatex.core - start process: miktex fontmaps configure
2026-03-27 14:13:52,327+0800 INFO  xelatex - installing package fontspec triggered by tex/latex/fontspec\fontspec.sty
2026-03-27 14:13:52,327+0800 INFO  xelatex - mpm: starting package maintenance...
2026-03-27 14:13:52,327+0800 INFO  xelatex - mpm: installation directory: C:\Users\Lenovo\patents\7_SASPH-6G_Slice-Adaptive_Split-PQC_Handshake\.miktex-local\install
2026-03-27 14:13:52,327+0800 INFO  xelatex - mpm: package repository: https://mirror.truenetwork.ru/CTAN/systems/win32/miktex/tm/packages/
2026-03-27 14:13:52,712+0800 INFO  xelatex - mpm: package repository digest: ab6e9323859369ef15ad44621ef5298b
2026-03-27 14:13:52,713+0800 INFO  xelatex - mpm: going to download 27526 bytes
2026-03-27 14:13:52,713+0800 INFO  xelatex - mpm: going to install 6 file(s) (1 package(s))
2026-03-27 14:13:53,415+0800 INFO  xelatex.packagemanager - installing package fontspec
2026-03-27 14:13:53,416+0800 INFO  xelatex - mpm: downloading https://mirror.truenetwork.ru/CTAN/systems/win32/miktex/tm/packages/fontspec.tar.lzma...
2026-03-27 14:13:53,416+0800 INFO  xelatex.packagemanager - going to download https://mirror.truenetwork.ru/CTAN/systems/win32/miktex/tm/packages/fontspec.tar.lzma
2026-03-27 14:13:54,005+0800 INFO  xelatex - mpm: 0.03 MB, 0.37 Mbit/s
2026-03-27 14:13:54,013+0800 INFO  xelatex - mpm: extracting files from fontspec.tar.lzma...
2026-03-27 14:13:54,610+0800 INFO  xelatex.core - start process: miktex fontmaps configure
2026-03-27 14:13:55,877+0800 INFO  xelatex - installing package hyperref triggered by tex/latex/hyperref\hyperref.sty
2026-03-27 14:13:55,877+0800 INFO  xelatex - mpm: starting package maintenance...
2026-03-27 14:13:55,877+0800 INFO  xelatex - mpm: installation directory: C:\Users\Lenovo\patents\7_SASPH-6G_Slice-Adaptive_Split-PQC_Handshake\.miktex-local\install
2026-03-27 14:13:55,877+0800 INFO  xelatex - mpm: package repository: https://mirror.truenetwork.ru/CTAN/systems/win32/miktex/tm/packages/
2026-03-27 14:13:56,264+0800 INFO  xelatex - mpm: package repository digest: ab6e9323859369ef15ad44621ef5298b
2026-03-27 14:13:56,265+0800 INFO  xelatex - mpm: going to download 89554 bytes
2026-03-27 14:13:56,265+0800 INFO  xelatex - mpm: going to install 30 file(s) (1 package(s))
2026-03-27 14:13:56,864+0800 INFO  xelatex.packagemanager - installing package hyperref
2026-03-27 14:13:56,865+0800 INFO  xelatex - mpm: downloading https://mirror.truenetwork.ru/CTAN/systems/win32/miktex/tm/packages/hyperref.tar.lzma...
2026-03-27 14:13:56,865+0800 INFO  xelatex.packagemanager - going to download https://mirror.truenetwork.ru/CTAN/systems/win32/miktex/tm/packages/hyperref.tar.lzma
2026-03-27 14:13:57,789+0800 INFO  xelatex - mpm: 0.09 MB, 0.78 Mbit/s
2026-03-27 14:13:57,797+0800 INFO  xelatex - mpm: extracting files from hyperref.tar.lzma...
2026-03-27 14:13:58,328+0800 INFO  xelatex.core - start process: miktex fontmaps configure
2026-03-27 14:13:59,253+0800 INFO  xelatex - installing package zhnumber triggered by tex/latex/zhnumber\zhnumber.sty
2026-03-27 14:13:59,253+0800 INFO  xelatex - mpm: starting package maintenance...
2026-03-27 14:13:59,253+0800 INFO  xelatex - mpm: installation directory: C:\Users\Lenovo\patents\7_SASPH-6G_Slice-Adaptive_Split-PQC_Handshake\.miktex-local\install
2026-03-27 14:13:59,253+0800 INFO  xelatex - mpm: package repository: https://mirror.truenetwork.ru/CTAN/systems/win32/miktex/tm/packages/
2026-03-27 14:13:59,546+0800 INFO  xelatex - mpm: package repository digest: ab6e9323859369ef15ad44621ef5298b
2026-03-27 14:13:59,546+0800 INFO  xelatex - mpm: going to download 8817 bytes
2026-03-27 14:13:59,546+0800 INFO  xelatex - mpm: going to install 5 file(s) (1 package(s))
2026-03-27 14:14:00,107+0800 INFO  xelatex.packagemanager - installing package zhnumber
2026-03-27 14:14:00,108+0800 INFO  xelatex - mpm: downloading https://mirror.truenetwork.ru/CTAN/systems/win32/miktex/tm/packages/zhnumber.tar.lzma...
2026-03-27 14:14:00,108+0800 INFO  xelatex.packagemanager - going to download https://mirror.truenetwork.ru/CTAN/systems/win32/miktex/tm/packages/zhnumber.tar.lzma
2026-03-27 14:14:00,390+0800 INFO  xelatex - mpm: 0.01 MB, 0.25 Mbit/s
2026-03-27 14:14:00,398+0800 INFO  xelatex - mpm: extracting files from zhnumber.tar.lzma...
2026-03-27 14:14:00,894+0800 INFO  xelatex.core - start process: miktex fontmaps configure
2026-03-27 14:14:01,820+0800 INFO  xelatex - installing package latex-tools triggered by tex/latex/tools\indentfirst.sty
2026-03-27 14:14:01,820+0800 INFO  xelatex - mpm: starting package maintenance...
2026-03-27 14:14:01,820+0800 INFO  xelatex - mpm: installation directory: C:\Users\Lenovo\patents\7_SASPH-6G_Slice-Adaptive_Split-PQC_Handshake\.miktex-local\install
2026-03-27 14:14:01,820+0800 INFO  xelatex - mpm: package repository: https://mirror.truenetwork.ru/CTAN/systems/win32/miktex/tm/packages/
2026-03-27 14:14:02,112+0800 INFO  xelatex - mpm: package repository digest: ab6e9323859369ef15ad44621ef5298b
2026-03-27 14:14:02,113+0800 INFO  xelatex - mpm: going to download 48206 bytes
2026-03-27 14:14:02,113+0800 INFO  xelatex - mpm: going to install 52 file(s) (1 package(s))
2026-03-27 14:14:02,629+0800 INFO  xelatex.packagemanager - installing package latex-tools
2026-03-27 14:14:02,629+0800 INFO  xelatex - mpm: downloading https://mirror.truenetwork.ru/CTAN/systems/win32/miktex/tm/packages/latex-tools.tar.lzma...
2026-03-27 14:14:02,629+0800 INFO  xelatex.packagemanager - going to download https://mirror.truenetwork.ru/CTAN/systems/win32/miktex/tm/packages/latex-tools.tar.lzma
2026-03-27 14:14:03,422+0800 INFO  xelatex - mpm: 0.05 MB, 0.49 Mbit/s
2026-03-27 14:14:03,429+0800 INFO  xelatex - mpm: extracting files from latex-tools.tar.lzma...
2026-03-27 14:14:04,051+0800 INFO  xelatex.core - start process: miktex fontmaps configure
2026-03-27 14:14:04,974+0800 INFO  xelatex - installing package geometry triggered by tex/latex/geometry\geometry.sty
2026-03-27 14:14:04,974+0800 INFO  xelatex - mpm: starting package maintenance...
2026-03-27 14:14:04,974+0800 INFO  xelatex - mpm: installation directory: C:\Users\Lenovo\patents\7_SASPH-6G_Slice-Adaptive_Split-PQC_Handshake\.miktex-local\install
2026-03-27 14:14:04,974+0800 INFO  xelatex - mpm: package repository: https://mirror.truenetwork.ru/CTAN/systems/win32/miktex/tm/packages/
2026-03-27 14:14:05,315+0800 INFO  xelatex - mpm: package repository digest: ab6e9323859369ef15ad44621ef5298b
2026-03-27 14:14:05,315+0800 INFO  xelatex - mpm: going to download 8974 bytes
2026-03-27 14:14:05,315+0800 INFO  xelatex - mpm: going to install 2 file(s) (1 package(s))
2026-03-27 14:14:05,869+0800 INFO  xelatex.packagemanager - installing package geometry
2026-03-27 14:14:05,869+0800 INFO  xelatex - mpm: downloading https://mirror.truenetwork.ru/CTAN/systems/win32/miktex/tm/packages/geometry.tar.lzma...
2026-03-27 14:14:05,869+0800 INFO  xelatex.packagemanager - going to download https://mirror.truenetwork.ru/CTAN/systems/win32/miktex/tm/packages/geometry.tar.lzma
2026-03-27 14:14:06,142+0800 INFO  xelatex - mpm: 0.01 MB, 0.26 Mbit/s
2026-03-27 14:14:06,152+0800 INFO  xelatex - mpm: extracting files from geometry.tar.lzma...
2026-03-27 14:14:06,649+0800 INFO  xelatex.core - start process: miktex fontmaps configure
2026-03-27 14:14:07,529+0800 INFO  xelatex - installing package graphics triggered by tex/latex/graphics\keyval.sty
2026-03-27 14:14:07,529+0800 INFO  xelatex - mpm: starting package maintenance...
2026-03-27 14:14:07,529+0800 INFO  xelatex - mpm: installation directory: C:\Users\Lenovo\patents\7_SASPH-6G_Slice-Adaptive_Split-PQC_Handshake\.miktex-local\install
2026-03-27 14:14:07,529+0800 INFO  xelatex - mpm: package repository: https://mirror.truenetwork.ru/CTAN/systems/win32/miktex/tm/packages/
2026-03-27 14:14:07,839+0800 INFO  xelatex - mpm: package repository digest: ab6e9323859369ef15ad44621ef5298b
2026-03-27 14:14:07,839+0800 INFO  xelatex - mpm: going to download 16407 bytes
2026-03-27 14:14:07,839+0800 INFO  xelatex - mpm: going to install 22 file(s) (1 package(s))
2026-03-27 14:14:08,431+0800 INFO  xelatex.packagemanager - installing package graphics
2026-03-27 14:14:08,431+0800 INFO  xelatex - mpm: downloading https://mirror.truenetwork.ru/CTAN/systems/win32/miktex/tm/packages/graphics.tar.lzma...
2026-03-27 14:14:08,432+0800 INFO  xelatex.packagemanager - going to download https://mirror.truenetwork.ru/CTAN/systems/win32/miktex/tm/packages/graphics.tar.lzma
2026-03-27 14:14:08,985+0800 INFO  xelatex - mpm: 0.02 MB, 0.24 Mbit/s
2026-03-27 14:14:08,996+0800 INFO  xelatex - mpm: extracting files from graphics.tar.lzma...
2026-03-27 14:14:09,538+0800 INFO  xelatex.core - start process: miktex fontmaps configure
2026-03-27 14:14:10,464+0800 INFO  xelatex - installing package iftex triggered by tex/generic/iftex\ifvtex.sty
2026-03-27 14:14:10,464+0800 INFO  xelatex - mpm: starting package maintenance...
2026-03-27 14:14:10,464+0800 INFO  xelatex - mpm: installation directory: C:\Users\Lenovo\patents\7_SASPH-6G_Slice-Adaptive_Split-PQC_Handshake\.miktex-local\install
2026-03-27 14:14:10,464+0800 INFO  xelatex - mpm: package repository: https://mirror.truenetwork.ru/CTAN/systems/win32/miktex/tm/packages/
2026-03-27 14:14:10,772+0800 INFO  xelatex - mpm: package repository digest: ab6e9323859369ef15ad44621ef5298b
2026-03-27 14:14:10,772+0800 INFO  xelatex - mpm: going to download 3430 bytes
2026-03-27 14:14:10,772+0800 INFO  xelatex - mpm: going to install 7 file(s) (1 package(s))
2026-03-27 14:14:11,328+0800 INFO  xelatex.packagemanager - installing package iftex
2026-03-27 14:14:11,329+0800 INFO  xelatex - mpm: downloading https://mirror.truenetwork.ru/CTAN/systems/win32/miktex/tm/packages/iftex.tar.lzma...
2026-03-27 14:14:11,329+0800 INFO  xelatex.packagemanager - going to download https://mirror.truenetwork.ru/CTAN/systems/win32/miktex/tm/packages/iftex.tar.lzma
2026-03-27 14:14:11,599+0800 INFO  xelatex - mpm: 0.00 MB, 0.10 Mbit/s
2026-03-27 14:14:11,614+0800 INFO  xelatex - mpm: extracting files from iftex.tar.lzma...
2026-03-27 14:14:12,108+0800 INFO  xelatex.core - start process: miktex fontmaps configure
2026-03-27 14:14:13,009+0800 INFO  xelatex - installing package amsmath triggered by tex/latex/amsmath\amsmath.sty
2026-03-27 14:14:13,009+0800 INFO  xelatex - mpm: starting package maintenance...
2026-03-27 14:14:13,009+0800 INFO  xelatex - mpm: installation directory: C:\Users\Lenovo\patents\7_SASPH-6G_Slice-Adaptive_Split-PQC_Handshake\.miktex-local\install
2026-03-27 14:14:13,009+0800 INFO  xelatex - mpm: package repository: https://mirror.truenetwork.ru/CTAN/systems/win32/miktex/tm/packages/
2026-03-27 14:14:13,302+0800 INFO  xelatex - mpm: package repository digest: ab6e9323859369ef15ad44621ef5298b
2026-03-27 14:14:13,302+0800 INFO  xelatex - mpm: going to download 31840 bytes
2026-03-27 14:14:13,302+0800 INFO  xelatex - mpm: going to install 10 file(s) (1 package(s))
2026-03-27 14:14:13,797+0800 INFO  xelatex.packagemanager - installing package amsmath
2026-03-27 14:14:13,797+0800 INFO  xelatex - mpm: downloading https://mirror.truenetwork.ru/CTAN/systems/win32/miktex/tm/packages/amsmath.tar.lzma...
2026-03-27 14:14:13,797+0800 INFO  xelatex.packagemanager - going to download https://mirror.truenetwork.ru/CTAN/systems/win32/miktex/tm/packages/amsmath.tar.lzma
2026-03-27 14:14:14,434+0800 INFO  xelatex - mpm: 0.03 MB, 0.40 Mbit/s
2026-03-27 14:14:14,447+0800 INFO  xelatex - mpm: extracting files from amsmath.tar.lzma...
2026-03-27 14:14:14,960+0800 INFO  xelatex.core - start process: miktex fontmaps configure
2026-03-27 14:14:15,834+0800 INFO  xelatex - installing package amsfonts triggered by tex/latex/amsfonts\amssymb.sty
2026-03-27 14:14:15,834+0800 INFO  xelatex - mpm: starting package maintenance...
2026-03-27 14:14:15,834+0800 INFO  xelatex - mpm: installation directory: C:\Users\Lenovo\patents\7_SASPH-6G_Slice-Adaptive_Split-PQC_Handshake\.miktex-local\install
2026-03-27 14:14:15,834+0800 INFO  xelatex - mpm: package repository: https://mirror.truenetwork.ru/CTAN/systems/win32/miktex/tm/packages/
2026-03-27 14:14:16,122+0800 INFO  xelatex - mpm: package repository digest: ab6e9323859369ef15ad44621ef5298b
2026-03-27 14:14:16,122+0800 INFO  xelatex - mpm: going to download 3624424 bytes
2026-03-27 14:14:16,122+0800 INFO  xelatex - mpm: going to install 609 file(s) (1 package(s))
2026-03-27 14:14:16,678+0800 INFO  xelatex.packagemanager - installing package amsfonts
2026-03-27 14:14:16,679+0800 INFO  xelatex - mpm: downloading https://mirror.truenetwork.ru/CTAN/systems/win32/miktex/tm/packages/amsfonts.tar.lzma...
2026-03-27 14:14:16,679+0800 INFO  xelatex.packagemanager - going to download https://mirror.truenetwork.ru/CTAN/systems/win32/miktex/tm/packages/amsfonts.tar.lzma
2026-03-27 14:14:19,010+0800 INFO  xelatex - mpm: 3.62 MB, 12.44 Mbit/s
2026-03-27 14:14:19,035+0800 INFO  xelatex - mpm: extracting files from amsfonts.tar.lzma...
2026-03-27 14:14:20,387+0800 INFO  xelatex.core - start process: miktex fontmaps configure
2026-03-27 14:14:21,750+0800 INFO  xelatex - installing package graphics-cfg triggered by tex/latex/graphics-cfg\graphics.cfg
2026-03-27 14:14:21,750+0800 INFO  xelatex - mpm: starting package maintenance...
2026-03-27 14:14:21,750+0800 INFO  xelatex - mpm: installation directory: C:\Users\Lenovo\patents\7_SASPH-6G_Slice-Adaptive_Split-PQC_Handshake\.miktex-local\install
2026-03-27 14:14:21,750+0800 INFO  xelatex - mpm: package repository: https://mirror.truenetwork.ru/CTAN/systems/win32/miktex/tm/packages/
2026-03-27 14:14:22,082+0800 INFO  xelatex - mpm: package repository digest: ab6e9323859369ef15ad44621ef5298b
2026-03-27 14:14:22,082+0800 INFO  xelatex - mpm: going to download 1845 bytes
2026-03-27 14:14:22,082+0800 INFO  xelatex - mpm: going to install 4 file(s) (1 package(s))
2026-03-27 14:14:22,561+0800 INFO  xelatex.packagemanager - installing package graphics-cfg
2026-03-27 14:14:22,561+0800 INFO  xelatex - mpm: downloading https://mirror.truenetwork.ru/CTAN/systems/win32/miktex/tm/packages/graphics-cfg.tar.lzma...
2026-03-27 14:14:22,561+0800 INFO  xelatex.packagemanager - going to download https://mirror.truenetwork.ru/CTAN/systems/win32/miktex/tm/packages/graphics-cfg.tar.lzma
2026-03-27 14:14:22,831+0800 INFO  xelatex - mpm: 0.00 MB, 0.05 Mbit/s
2026-03-27 14:14:22,841+0800 INFO  xelatex - mpm: extracting files from graphics-cfg.tar.lzma...
2026-03-27 14:14:23,372+0800 INFO  xelatex.core - start process: miktex fontmaps configure
2026-03-27 14:14:24,614+0800 INFO  xelatex - installing package graphics-def triggered by tex/latex/graphics-def\xetex.def
2026-03-27 14:14:24,615+0800 INFO  xelatex - mpm: starting package maintenance...
2026-03-27 14:14:24,615+0800 INFO  xelatex - mpm: installation directory: C:\Users\Lenovo\patents\7_SASPH-6G_Slice-Adaptive_Split-PQC_Handshake\.miktex-local\install
2026-03-27 14:14:24,615+0800 INFO  xelatex - mpm: package repository: https://mirror.truenetwork.ru/CTAN/systems/win32/miktex/tm/packages/
2026-03-27 14:14:25,077+0800 INFO  xelatex - mpm: package repository digest: ab6e9323859369ef15ad44621ef5298b
2026-03-27 14:14:25,077+0800 INFO  xelatex - mpm: going to download 11139 bytes
2026-03-27 14:14:25,077+0800 INFO  xelatex - mpm: going to install 7 file(s) (1 package(s))
2026-03-27 14:14:25,795+0800 INFO  xelatex.packagemanager - installing package graphics-def
2026-03-27 14:14:25,795+0800 INFO  xelatex - mpm: downloading https://mirror.truenetwork.ru/CTAN/systems/win32/miktex/tm/packages/graphics-def.tar.lzma...
2026-03-27 14:14:25,796+0800 INFO  xelatex.packagemanager - going to download https://mirror.truenetwork.ru/CTAN/systems/win32/miktex/tm/packages/graphics-def.tar.lzma
2026-03-27 14:14:26,138+0800 INFO  xelatex - mpm: 0.01 MB, 0.26 Mbit/s
2026-03-27 14:14:26,148+0800 INFO  xelatex - mpm: extracting files from graphics-def.tar.lzma...
2026-03-27 14:14:26,691+0800 INFO  xelatex.core - start process: miktex fontmaps configure
2026-03-27 14:14:27,741+0800 INFO  xelatex - installing package booktabs triggered by tex/latex/booktabs\booktabs.sty
2026-03-27 14:14:27,741+0800 INFO  xelatex - mpm: starting package maintenance...
2026-03-27 14:14:27,741+0800 INFO  xelatex - mpm: installation directory: C:\Users\Lenovo\patents\7_SASPH-6G_Slice-Adaptive_Split-PQC_Handshake\.miktex-local\install
2026-03-27 14:14:27,741+0800 INFO  xelatex - mpm: package repository: https://mirror.truenetwork.ru/CTAN/systems/win32/miktex/tm/packages/
2026-03-27 14:14:28,099+0800 INFO  xelatex - mpm: package repository digest: ab6e9323859369ef15ad44621ef5298b
2026-03-27 14:14:28,099+0800 INFO  xelatex - mpm: going to download 313410 bytes
2026-03-27 14:14:28,099+0800 INFO  xelatex - mpm: going to install 5 file(s) (1 package(s))
2026-03-27 14:14:28,670+0800 INFO  xelatex.packagemanager - installing package booktabs
2026-03-27 14:14:28,670+0800 INFO  xelatex - mpm: downloading https://mirror.truenetwork.ru/CTAN/systems/win32/miktex/tm/packages/booktabs.tar.lzma...
2026-03-27 14:14:28,670+0800 INFO  xelatex.packagemanager - going to download https://mirror.truenetwork.ru/CTAN/systems/win32/miktex/tm/packages/booktabs.tar.lzma
2026-03-27 14:14:30,055+0800 INFO  xelatex - mpm: 0.31 MB, 1.81 Mbit/s
2026-03-27 14:14:30,063+0800 INFO  xelatex - mpm: extracting files from booktabs.tar.lzma...
2026-03-27 14:14:30,593+0800 INFO  xelatex.core - start process: miktex fontmaps configure
2026-03-27 14:14:31,562+0800 INFO  xelatex - installing package enumitem triggered by tex/latex/enumitem\enumitem.sty
2026-03-27 14:14:31,562+0800 INFO  xelatex - mpm: starting package maintenance...
2026-03-27 14:14:31,562+0800 INFO  xelatex - mpm: installation directory: C:\Users\Lenovo\patents\7_SASPH-6G_Slice-Adaptive_Split-PQC_Handshake\.miktex-local\install
2026-03-27 14:14:31,562+0800 INFO  xelatex - mpm: package repository: https://mirror.truenetwork.ru/CTAN/systems/win32/miktex/tm/packages/
2026-03-27 14:14:31,897+0800 INFO  xelatex - mpm: package repository digest: ab6e9323859369ef15ad44621ef5298b
2026-03-27 14:14:31,897+0800 INFO  xelatex - mpm: going to download 14000 bytes
2026-03-27 14:14:31,897+0800 INFO  xelatex - mpm: going to install 2 file(s) (1 package(s))
2026-03-27 14:14:32,418+0800 INFO  xelatex.packagemanager - installing package enumitem
2026-03-27 14:14:32,418+0800 INFO  xelatex - mpm: downloading https://mirror.truenetwork.ru/CTAN/systems/win32/miktex/tm/packages/enumitem.tar.lzma...
2026-03-27 14:14:32,419+0800 INFO  xelatex.packagemanager - going to download https://mirror.truenetwork.ru/CTAN/systems/win32/miktex/tm/packages/enumitem.tar.lzma
2026-03-27 14:14:32,683+0800 INFO  xelatex - mpm: 0.01 MB, 0.43 Mbit/s
2026-03-27 14:14:32,695+0800 INFO  xelatex - mpm: extracting files from enumitem.tar.lzma...
2026-03-27 14:14:33,156+0800 INFO  xelatex.core - start process: miktex fontmaps configure
2026-03-27 14:14:34,052+0800 INFO  xelatex - installing package kvsetkeys triggered by tex/latex/kvsetkeys\kvsetkeys.sty
2026-03-27 14:14:34,052+0800 INFO  xelatex - mpm: starting package maintenance...
2026-03-27 14:14:34,052+0800 INFO  xelatex - mpm: installation directory: C:\Users\Lenovo\patents\7_SASPH-6G_Slice-Adaptive_Split-PQC_Handshake\.miktex-local\install
2026-03-27 14:14:34,052+0800 INFO  xelatex - mpm: package repository: https://mirror.truenetwork.ru/CTAN/systems/win32/miktex/tm/packages/
2026-03-27 14:14:34,345+0800 INFO  xelatex - mpm: package repository digest: ab6e9323859369ef15ad44621ef5298b
2026-03-27 14:14:34,345+0800 INFO  xelatex - mpm: going to download 3794 bytes
2026-03-27 14:14:34,345+0800 INFO  xelatex - mpm: going to install 2 file(s) (1 package(s))
2026-03-27 14:14:34,857+0800 INFO  xelatex.packagemanager - installing package kvsetkeys
2026-03-27 14:14:34,858+0800 INFO  xelatex - mpm: downloading https://mirror.truenetwork.ru/CTAN/systems/win32/miktex/tm/packages/kvsetkeys.tar.lzma...
2026-03-27 14:14:34,859+0800 INFO  xelatex.packagemanager - going to download https://mirror.truenetwork.ru/CTAN/systems/win32/miktex/tm/packages/kvsetkeys.tar.lzma
2026-03-27 14:14:35,124+0800 INFO  xelatex - mpm: 0.00 MB, 0.11 Mbit/s
2026-03-27 14:14:35,136+0800 INFO  xelatex - mpm: extracting files from kvsetkeys.tar.lzma...
2026-03-27 14:14:35,610+0800 INFO  xelatex.core - start process: miktex fontmaps configure
2026-03-27 14:14:36,509+0800 INFO  xelatex - installing package kvdefinekeys triggered by tex/generic/kvdefinekeys\kvdefinekeys.sty
2026-03-27 14:14:36,509+0800 INFO  xelatex - mpm: starting package maintenance...
2026-03-27 14:14:36,509+0800 INFO  xelatex - mpm: installation directory: C:\Users\Lenovo\patents\7_SASPH-6G_Slice-Adaptive_Split-PQC_Handshake\.miktex-local\install
2026-03-27 14:14:36,509+0800 INFO  xelatex - mpm: package repository: https://mirror.truenetwork.ru/CTAN/systems/win32/miktex/tm/packages/
2026-03-27 14:14:36,818+0800 INFO  xelatex - mpm: package repository digest: ab6e9323859369ef15ad44621ef5298b
2026-03-27 14:14:36,818+0800 INFO  xelatex - mpm: going to download 304244 bytes
2026-03-27 14:14:36,818+0800 INFO  xelatex - mpm: going to install 5 file(s) (1 package(s))
2026-03-27 14:14:37,342+0800 INFO  xelatex.packagemanager - installing package kvdefinekeys
2026-03-27 14:14:37,342+0800 INFO  xelatex - mpm: downloading https://mirror.truenetwork.ru/CTAN/systems/win32/miktex/tm/packages/kvdefinekeys.tar.lzma...
2026-03-27 14:14:37,342+0800 INFO  xelatex.packagemanager - going to download https://mirror.truenetwork.ru/CTAN/systems/win32/miktex/tm/packages/kvdefinekeys.tar.lzma
2026-03-27 14:14:38,724+0800 INFO  xelatex - mpm: 0.30 MB, 1.76 Mbit/s
2026-03-27 14:14:38,734+0800 INFO  xelatex - mpm: extracting files from kvdefinekeys.tar.lzma...
2026-03-27 14:14:39,195+0800 INFO  xelatex.core - start process: miktex fontmaps configure
2026-03-27 14:14:40,109+0800 INFO  xelatex - installing package pdfescape triggered by tex/generic/pdfescape\pdfescape.sty
2026-03-27 14:14:40,109+0800 INFO  xelatex - mpm: starting package maintenance...
2026-03-27 14:14:40,109+0800 INFO  xelatex - mpm: installation directory: C:\Users\Lenovo\patents\7_SASPH-6G_Slice-Adaptive_Split-PQC_Handshake\.miktex-local\install
2026-03-27 14:14:40,109+0800 INFO  xelatex - mpm: package repository: https://mirror.truenetwork.ru/CTAN/systems/win32/miktex/tm/packages/
2026-03-27 14:14:40,395+0800 INFO  xelatex - mpm: package repository digest: ab6e9323859369ef15ad44621ef5298b
2026-03-27 14:14:40,395+0800 INFO  xelatex - mpm: going to download 355594 bytes
2026-03-27 14:14:40,395+0800 INFO  xelatex - mpm: going to install 5 file(s) (1 package(s))
2026-03-27 14:14:41,083+0800 INFO  xelatex.packagemanager - installing package pdfescape
2026-03-27 14:14:41,084+0800 INFO  xelatex - mpm: downloading https://mirror.truenetwork.ru/CTAN/systems/win32/miktex/tm/packages/pdfescape.tar.lzma...
2026-03-27 14:14:41,084+0800 INFO  xelatex.packagemanager - going to download https://mirror.truenetwork.ru/CTAN/systems/win32/miktex/tm/packages/pdfescape.tar.lzma
2026-03-27 14:14:42,512+0800 INFO  xelatex - mpm: 0.36 MB, 1.99 Mbit/s
2026-03-27 14:14:42,527+0800 INFO  xelatex - mpm: extracting files from pdfescape.tar.lzma...
2026-03-27 14:14:43,151+0800 INFO  xelatex.core - start process: miktex fontmaps configure
2026-03-27 14:14:44,303+0800 INFO  xelatex - installing package ltxcmds triggered by tex/generic/ltxcmds\ltxcmds.sty
2026-03-27 14:14:44,303+0800 INFO  xelatex - mpm: starting package maintenance...
2026-03-27 14:14:44,303+0800 INFO  xelatex - mpm: installation directory: C:\Users\Lenovo\patents\7_SASPH-6G_Slice-Adaptive_Split-PQC_Handshake\.miktex-local\install
2026-03-27 14:14:44,303+0800 INFO  xelatex - mpm: package repository: https://mirror.truenetwork.ru/CTAN/systems/win32/miktex/tm/packages/
2026-03-27 14:14:44,689+0800 INFO  xelatex - mpm: package repository digest: ab6e9323859369ef15ad44621ef5298b
2026-03-27 14:14:44,689+0800 INFO  xelatex - mpm: going to download 4317 bytes
2026-03-27 14:14:44,689+0800 INFO  xelatex - mpm: going to install 2 file(s) (1 package(s))
2026-03-27 14:14:45,290+0800 INFO  xelatex.packagemanager - installing package ltxcmds
2026-03-27 14:14:45,291+0800 INFO  xelatex - mpm: downloading https://mirror.truenetwork.ru/CTAN/systems/win32/miktex/tm/packages/ltxcmds.tar.lzma...
2026-03-27 14:14:45,291+0800 INFO  xelatex.packagemanager - going to download https://mirror.truenetwork.ru/CTAN/systems/win32/miktex/tm/packages/ltxcmds.tar.lzma
2026-03-27 14:14:45,549+0800 INFO  xelatex - mpm: 0.00 MB, 0.13 Mbit/s
2026-03-27 14:14:45,562+0800 INFO  xelatex - mpm: extracting files from ltxcmds.tar.lzma...
2026-03-27 14:14:46,119+0800 INFO  xelatex.core - start process: miktex fontmaps configure
2026-03-27 14:14:47,217+0800 INFO  xelatex - installing package pdftexcmds triggered by tex/generic/pdftexcmds\pdftexcmds.sty
2026-03-27 14:14:47,217+0800 INFO  xelatex - mpm: starting package maintenance...
2026-03-27 14:14:47,217+0800 INFO  xelatex - mpm: installation directory: C:\Users\Lenovo\patents\7_SASPH-6G_Slice-Adaptive_Split-PQC_Handshake\.miktex-local\install
2026-03-27 14:14:47,217+0800 INFO  xelatex - mpm: package repository: https://mirror.truenetwork.ru/CTAN/systems/win32/miktex/tm/packages/
2026-03-27 14:14:47,595+0800 INFO  xelatex - mpm: package repository digest: ab6e9323859369ef15ad44621ef5298b
2026-03-27 14:14:47,595+0800 INFO  xelatex - mpm: going to download 6512 bytes
2026-03-27 14:14:47,595+0800 INFO  xelatex - mpm: going to install 3 file(s) (1 package(s))
2026-03-27 14:14:48,185+0800 INFO  xelatex.packagemanager - installing package pdftexcmds
2026-03-27 14:14:48,185+0800 INFO  xelatex - mpm: downloading https://mirror.truenetwork.ru/CTAN/systems/win32/miktex/tm/packages/pdftexcmds.tar.lzma...
2026-03-27 14:14:48,185+0800 INFO  xelatex.packagemanager - going to download https://mirror.truenetwork.ru/CTAN/systems/win32/miktex/tm/packages/pdftexcmds.tar.lzma
2026-03-27 14:14:48,497+0800 INFO  xelatex - mpm: 0.01 MB, 0.17 Mbit/s
2026-03-27 14:14:48,525+0800 INFO  xelatex - mpm: extracting files from pdftexcmds.tar.lzma...
2026-03-27 14:14:49,071+0800 INFO  xelatex.core - start process: miktex fontmaps configure
2026-03-27 14:14:50,152+0800 INFO  xelatex - installing package infwarerr triggered by tex/generic/infwarerr\infwarerr.sty
2026-03-27 14:14:50,152+0800 INFO  xelatex - mpm: starting package maintenance...
2026-03-27 14:14:50,152+0800 INFO  xelatex - mpm: installation directory: C:\Users\Lenovo\patents\7_SASPH-6G_Slice-Adaptive_Split-PQC_Handshake\.miktex-local\install
2026-03-27 14:14:50,152+0800 INFO  xelatex - mpm: package repository: https://mirror.truenetwork.ru/CTAN/systems/win32/miktex/tm/packages/
2026-03-27 14:14:50,440+0800 INFO  xelatex - mpm: package repository digest: ab6e9323859369ef15ad44621ef5298b
2026-03-27 14:14:50,440+0800 INFO  xelatex - mpm: going to download 293465 bytes
2026-03-27 14:14:50,440+0800 INFO  xelatex - mpm: going to install 5 file(s) (1 package(s))
2026-03-27 14:14:50,980+0800 INFO  xelatex.packagemanager - installing package infwarerr
2026-03-27 14:14:50,981+0800 INFO  xelatex - mpm: downloading https://mirror.truenetwork.ru/CTAN/systems/win32/miktex/tm/packages/infwarerr.tar.lzma...
2026-03-27 14:14:50,981+0800 INFO  xelatex.packagemanager - going to download https://mirror.truenetwork.ru/CTAN/systems/win32/miktex/tm/packages/infwarerr.tar.lzma
2026-03-27 14:14:52,334+0800 INFO  xelatex - mpm: 0.29 MB, 1.74 Mbit/s
2026-03-27 14:14:52,346+0800 INFO  xelatex - mpm: extracting files from infwarerr.tar.lzma...
2026-03-27 14:14:52,812+0800 INFO  xelatex.core - start process: miktex fontmaps configure
2026-03-27 14:14:53,708+0800 INFO  xelatex - installing package hycolor triggered by tex/latex/hycolor\hycolor.sty
2026-03-27 14:14:53,708+0800 INFO  xelatex - mpm: starting package maintenance...
2026-03-27 14:14:53,708+0800 INFO  xelatex - mpm: installation directory: C:\Users\Lenovo\patents\7_SASPH-6G_Slice-Adaptive_Split-PQC_Handshake\.miktex-local\install
2026-03-27 14:14:53,708+0800 INFO  xelatex - mpm: package repository: https://mirror.truenetwork.ru/CTAN/systems/win32/miktex/tm/packages/
2026-03-27 14:14:54,007+0800 INFO  xelatex - mpm: package repository digest: ab6e9323859369ef15ad44621ef5298b
2026-03-27 14:14:54,007+0800 INFO  xelatex - mpm: going to download 389104 bytes
2026-03-27 14:14:54,007+0800 INFO  xelatex - mpm: going to install 6 file(s) (1 package(s))
2026-03-27 14:14:54,509+0800 INFO  xelatex.packagemanager - installing package hycolor
2026-03-27 14:14:54,509+0800 INFO  xelatex - mpm: downloading https://mirror.truenetwork.ru/CTAN/systems/win32/miktex/tm/packages/hycolor.tar.lzma...
2026-03-27 14:14:54,509+0800 INFO  xelatex.packagemanager - going to download https://mirror.truenetwork.ru/CTAN/systems/win32/miktex/tm/packages/hycolor.tar.lzma
2026-03-27 14:14:55,951+0800 INFO  xelatex - mpm: 0.39 MB, 2.16 Mbit/s
2026-03-27 14:14:55,959+0800 INFO  xelatex - mpm: extracting files from hycolor.tar.lzma...
2026-03-27 14:14:56,412+0800 INFO  xelatex.core - start process: miktex fontmaps configure
2026-03-27 14:14:57,450+0800 INFO  xelatex - installing package refcount triggered by tex/latex/refcount\refcount.sty
2026-03-27 14:14:57,450+0800 INFO  xelatex - mpm: starting package maintenance...
2026-03-27 14:14:57,450+0800 INFO  xelatex - mpm: installation directory: C:\Users\Lenovo\patents\7_SASPH-6G_Slice-Adaptive_Split-PQC_Handshake\.miktex-local\install
2026-03-27 14:14:57,450+0800 INFO  xelatex - mpm: package repository: https://mirror.truenetwork.ru/CTAN/systems/win32/miktex/tm/packages/
2026-03-27 14:14:57,751+0800 INFO  xelatex - mpm: package repository digest: ab6e9323859369ef15ad44621ef5298b
2026-03-27 14:14:57,751+0800 INFO  xelatex - mpm: going to download 336386 bytes
2026-03-27 14:14:57,751+0800 INFO  xelatex - mpm: going to install 5 file(s) (1 package(s))
2026-03-27 14:14:58,312+0800 INFO  xelatex.packagemanager - installing package refcount
2026-03-27 14:14:58,313+0800 INFO  xelatex - mpm: downloading https://mirror.truenetwork.ru/CTAN/systems/win32/miktex/tm/packages/refcount.tar.lzma...
2026-03-27 14:14:58,313+0800 INFO  xelatex.packagemanager - going to download https://mirror.truenetwork.ru/CTAN/systems/win32/miktex/tm/packages/refcount.tar.lzma
2026-03-27 14:14:59,697+0800 INFO  xelatex - mpm: 0.34 MB, 1.95 Mbit/s
2026-03-27 14:14:59,710+0800 INFO  xelatex - mpm: extracting files from refcount.tar.lzma...
2026-03-27 14:15:00,165+0800 INFO  xelatex.core - start process: miktex fontmaps configure
2026-03-27 14:15:00,978+0800 INFO  xelatex - installing package gettitlestring triggered by tex/generic/gettitlestring\gettitlestring.sty
2026-03-27 14:15:00,978+0800 INFO  xelatex - mpm: starting package maintenance...
2026-03-27 14:15:00,978+0800 INFO  xelatex - mpm: installation directory: C:\Users\Lenovo\patents\7_SASPH-6G_Slice-Adaptive_Split-PQC_Handshake\.miktex-local\install
2026-03-27 14:15:00,978+0800 INFO  xelatex - mpm: package repository: https://mirror.truenetwork.ru/CTAN/systems/win32/miktex/tm/packages/
2026-03-27 14:15:01,275+0800 INFO  xelatex - mpm: package repository digest: ab6e9323859369ef15ad44621ef5298b
2026-03-27 14:15:01,275+0800 INFO  xelatex - mpm: going to download 327428 bytes
2026-03-27 14:15:01,275+0800 INFO  xelatex - mpm: going to install 5 file(s) (1 package(s))
2026-03-27 14:15:01,788+0800 INFO  xelatex.packagemanager - installing package gettitlestring
2026-03-27 14:15:01,788+0800 INFO  xelatex - mpm: downloading https://mirror.truenetwork.ru/CTAN/systems/win32/miktex/tm/packages/gettitlestring.tar.lzma...
2026-03-27 14:15:01,788+0800 INFO  xelatex.packagemanager - going to download https://mirror.truenetwork.ru/CTAN/systems/win32/miktex/tm/packages/gettitlestring.tar.lzma
2026-03-27 14:15:03,186+0800 INFO  xelatex - mpm: 0.33 MB, 1.88 Mbit/s
2026-03-27 14:15:03,201+0800 INFO  xelatex - mpm: extracting files from gettitlestring.tar.lzma...
2026-03-27 14:15:03,698+0800 INFO  xelatex.core - start process: miktex fontmaps configure
2026-03-27 14:15:04,530+0800 INFO  xelatex - installing package kvoptions triggered by tex/latex/kvoptions\kvoptions.sty
2026-03-27 14:15:04,530+0800 INFO  xelatex - mpm: starting package maintenance...
2026-03-27 14:15:04,530+0800 INFO  xelatex - mpm: installation directory: C:\Users\Lenovo\patents\7_SASPH-6G_Slice-Adaptive_Split-PQC_Handshake\.miktex-local\install
2026-03-27 14:15:04,530+0800 INFO  xelatex - mpm: package repository: https://mirror.truenetwork.ru/CTAN/systems/win32/miktex/tm/packages/
2026-03-27 14:15:04,822+0800 INFO  xelatex - mpm: package repository digest: ab6e9323859369ef15ad44621ef5298b
2026-03-27 14:15:04,822+0800 INFO  xelatex - mpm: going to download 8196 bytes
2026-03-27 14:15:04,822+0800 INFO  xelatex - mpm: going to install 4 file(s) (1 package(s))
2026-03-27 14:15:05,336+0800 INFO  xelatex.packagemanager - installing package kvoptions
2026-03-27 14:15:05,337+0800 INFO  xelatex - mpm: downloading https://mirror.truenetwork.ru/CTAN/systems/win32/miktex/tm/packages/kvoptions.tar.lzma...
2026-03-27 14:15:05,337+0800 INFO  xelatex.packagemanager - going to download https://mirror.truenetwork.ru/CTAN/systems/win32/miktex/tm/packages/kvoptions.tar.lzma
2026-03-27 14:15:05,609+0800 INFO  xelatex - mpm: 0.01 MB, 0.24 Mbit/s
2026-03-27 14:15:05,620+0800 INFO  xelatex - mpm: extracting files from kvoptions.tar.lzma...
2026-03-27 14:15:06,082+0800 INFO  xelatex.core - start process: miktex fontmaps configure
2026-03-27 14:15:06,962+0800 INFO  xelatex - installing package etoolbox triggered by tex/latex/etoolbox\etoolbox.sty
2026-03-27 14:15:06,962+0800 INFO  xelatex - mpm: starting package maintenance...
2026-03-27 14:15:06,962+0800 INFO  xelatex - mpm: installation directory: C:\Users\Lenovo\patents\7_SASPH-6G_Slice-Adaptive_Split-PQC_Handshake\.miktex-local\install
2026-03-27 14:15:06,962+0800 INFO  xelatex - mpm: package repository: https://mirror.truenetwork.ru/CTAN/systems/win32/miktex/tm/packages/
2026-03-27 14:15:07,281+0800 INFO  xelatex - mpm: package repository digest: ab6e9323859369ef15ad44621ef5298b
2026-03-27 14:15:07,281+0800 INFO  xelatex - mpm: going to download 8963 bytes
2026-03-27 14:15:07,281+0800 INFO  xelatex - mpm: going to install 3 file(s) (1 package(s))
2026-03-27 14:15:07,807+0800 INFO  xelatex.packagemanager - installing package etoolbox
2026-03-27 14:15:07,808+0800 INFO  xelatex - mpm: downloading https://mirror.truenetwork.ru/CTAN/systems/win32/miktex/tm/packages/etoolbox.tar.lzma...
2026-03-27 14:15:07,808+0800 INFO  xelatex.packagemanager - going to download https://mirror.truenetwork.ru/CTAN/systems/win32/miktex/tm/packages/etoolbox.tar.lzma
2026-03-27 14:15:08,128+0800 INFO  xelatex - mpm: 0.01 MB, 0.22 Mbit/s
2026-03-27 14:15:08,142+0800 INFO  xelatex - mpm: extracting files from etoolbox.tar.lzma...
2026-03-27 14:15:08,613+0800 INFO  xelatex.core - start process: miktex fontmaps configure
2026-03-27 14:15:09,535+0800 INFO  xelatex - installing package stringenc triggered by tex/generic/stringenc\stringenc.sty
2026-03-27 14:15:09,535+0800 INFO  xelatex - mpm: starting package maintenance...
2026-03-27 14:15:09,535+0800 INFO  xelatex - mpm: installation directory: C:\Users\Lenovo\patents\7_SASPH-6G_Slice-Adaptive_Split-PQC_Handshake\.miktex-local\install
2026-03-27 14:15:09,535+0800 INFO  xelatex - mpm: package repository: https://mirror.truenetwork.ru/CTAN/systems/win32/miktex/tm/packages/
2026-03-27 14:15:09,845+0800 INFO  xelatex - mpm: package repository digest: ab6e9323859369ef15ad44621ef5298b
2026-03-27 14:15:09,845+0800 INFO  xelatex - mpm: going to download 719569 bytes
2026-03-27 14:15:09,845+0800 INFO  xelatex - mpm: going to install 45 file(s) (1 package(s))
2026-03-27 14:15:10,432+0800 INFO  xelatex.packagemanager - installing package stringenc
2026-03-27 14:15:10,433+0800 INFO  xelatex - mpm: downloading https://mirror.truenetwork.ru/CTAN/systems/win32/miktex/tm/packages/stringenc.tar.lzma...
2026-03-27 14:15:10,433+0800 INFO  xelatex.packagemanager - going to download https://mirror.truenetwork.ru/CTAN/systems/win32/miktex/tm/packages/stringenc.tar.lzma
2026-03-27 14:15:12,100+0800 INFO  xelatex - mpm: 0.72 MB, 3.46 Mbit/s
2026-03-27 14:15:12,114+0800 INFO  xelatex - mpm: extracting files from stringenc.tar.lzma...
2026-03-27 14:15:12,783+0800 INFO  xelatex.core - start process: miktex fontmaps configure
2026-03-27 14:15:13,796+0800 INFO  xelatex - installing package intcalc triggered by tex/generic/intcalc\intcalc.sty
2026-03-27 14:15:13,796+0800 INFO  xelatex - mpm: starting package maintenance...
2026-03-27 14:15:13,796+0800 INFO  xelatex - mpm: installation directory: C:\Users\Lenovo\patents\7_SASPH-6G_Slice-Adaptive_Split-PQC_Handshake\.miktex-local\install
2026-03-27 14:15:13,796+0800 INFO  xelatex - mpm: package repository: https://mirror.truenetwork.ru/CTAN/systems/win32/miktex/tm/packages/
2026-03-27 14:15:14,139+0800 INFO  xelatex - mpm: package repository digest: ab6e9323859369ef15ad44621ef5298b
2026-03-27 14:15:14,139+0800 INFO  xelatex - mpm: going to download 441613 bytes
2026-03-27 14:15:14,139+0800 INFO  xelatex - mpm: going to install 5 file(s) (1 package(s))
2026-03-27 14:15:14,732+0800 INFO  xelatex.packagemanager - installing package intcalc
2026-03-27 14:15:14,732+0800 INFO  xelatex - mpm: downloading https://mirror.truenetwork.ru/CTAN/systems/win32/miktex/tm/packages/intcalc.tar.lzma...
2026-03-27 14:15:14,733+0800 INFO  xelatex.packagemanager - going to download https://mirror.truenetwork.ru/CTAN/systems/win32/miktex/tm/packages/intcalc.tar.lzma
2026-03-27 14:15:16,220+0800 INFO  xelatex - mpm: 0.44 MB, 2.38 Mbit/s
2026-03-27 14:15:16,228+0800 INFO  xelatex - mpm: extracting files from intcalc.tar.lzma...
2026-03-27 14:15:16,725+0800 INFO  xelatex.core - start process: miktex fontmaps configure
2026-03-27 14:15:17,680+0800 INFO  xelatex - installing package url triggered by tex/latex/url\url.sty
2026-03-27 14:15:17,680+0800 INFO  xelatex - mpm: starting package maintenance...
2026-03-27 14:15:17,680+0800 INFO  xelatex - mpm: installation directory: C:\Users\Lenovo\patents\7_SASPH-6G_Slice-Adaptive_Split-PQC_Handshake\.miktex-local\install
2026-03-27 14:15:17,680+0800 INFO  xelatex - mpm: package repository: https://mirror.truenetwork.ru/CTAN/systems/win32/miktex/tm/packages/
2026-03-27 14:15:17,971+0800 INFO  xelatex - mpm: package repository digest: ab6e9323859369ef15ad44621ef5298b
2026-03-27 14:15:17,971+0800 INFO  xelatex - mpm: going to download 5842 bytes
2026-03-27 14:15:17,971+0800 INFO  xelatex - mpm: going to install 3 file(s) (1 package(s))
2026-03-27 14:15:18,491+0800 INFO  xelatex.packagemanager - installing package url
2026-03-27 14:15:18,492+0800 INFO  xelatex - mpm: downloading https://mirror.truenetwork.ru/CTAN/systems/win32/miktex/tm/packages/url.tar.lzma...
2026-03-27 14:15:18,492+0800 INFO  xelatex.packagemanager - going to download https://mirror.truenetwork.ru/CTAN/systems/win32/miktex/tm/packages/url.tar.lzma
2026-03-27 14:15:18,763+0800 INFO  xelatex - mpm: 0.01 MB, 0.17 Mbit/s
2026-03-27 14:15:18,777+0800 INFO  xelatex - mpm: extracting files from url.tar.lzma...
2026-03-27 14:15:19,284+0800 INFO  xelatex.core - start process: miktex fontmaps configure
2026-03-27 14:15:20,172+0800 INFO  xelatex - installing package zapfding triggered by fonts/tfm/adobe/zapfding\pzdr.tfm
2026-03-27 14:15:20,172+0800 INFO  xelatex - mpm: starting package maintenance...
2026-03-27 14:15:20,172+0800 INFO  xelatex - mpm: installation directory: C:\Users\Lenovo\patents\7_SASPH-6G_Slice-Adaptive_Split-PQC_Handshake\.miktex-local\install
2026-03-27 14:15:20,172+0800 INFO  xelatex - mpm: package repository: https://mirror.truenetwork.ru/CTAN/systems/win32/miktex/tm/packages/
2026-03-27 14:15:20,485+0800 INFO  xelatex - mpm: package repository digest: ab6e9323859369ef15ad44621ef5298b
2026-03-27 14:15:20,485+0800 INFO  xelatex - mpm: going to download 47973 bytes
2026-03-27 14:15:20,485+0800 INFO  xelatex - mpm: going to install 11 file(s) (1 package(s))
2026-03-27 14:15:21,034+0800 INFO  xelatex.packagemanager - installing package zapfding
2026-03-27 14:15:21,035+0800 INFO  xelatex - mpm: downloading https://mirror.truenetwork.ru/CTAN/systems/win32/miktex/tm/packages/zapfding.cab...
2026-03-27 14:15:21,035+0800 INFO  xelatex.packagemanager - going to download https://mirror.truenetwork.ru/CTAN/systems/win32/miktex/tm/packages/zapfding.cab
2026-03-27 14:15:21,813+0800 INFO  xelatex - mpm: 0.05 MB, 0.49 Mbit/s
2026-03-27 14:15:21,826+0800 INFO  xelatex - mpm: extracting files from zapfding.cab...
2026-03-27 14:15:22,367+0800 INFO  xelatex.core - start process: miktex fontmaps configure
2026-03-27 14:15:23,238+0800 INFO  xelatex - installing package bitset triggered by tex/generic/bitset\bitset.sty
2026-03-27 14:15:23,238+0800 INFO  xelatex - mpm: starting package maintenance...
2026-03-27 14:15:23,238+0800 INFO  xelatex - mpm: installation directory: C:\Users\Lenovo\patents\7_SASPH-6G_Slice-Adaptive_Split-PQC_Handshake\.miktex-local\install
2026-03-27 14:15:23,238+0800 INFO  xelatex - mpm: package repository: https://mirror.truenetwork.ru/CTAN/systems/win32/miktex/tm/packages/
2026-03-27 14:15:23,571+0800 INFO  xelatex - mpm: package repository digest: ab6e9323859369ef15ad44621ef5298b
2026-03-27 14:15:23,571+0800 INFO  xelatex - mpm: going to download 638837 bytes
2026-03-27 14:15:23,571+0800 INFO  xelatex - mpm: going to install 5 file(s) (1 package(s))
2026-03-27 14:15:24,109+0800 INFO  xelatex.packagemanager - installing package bitset
2026-03-27 14:15:24,110+0800 INFO  xelatex - mpm: downloading https://mirror.truenetwork.ru/CTAN/systems/win32/miktex/tm/packages/bitset.tar.lzma...
2026-03-27 14:15:24,110+0800 INFO  xelatex.packagemanager - going to download https://mirror.truenetwork.ru/CTAN/systems/win32/miktex/tm/packages/bitset.tar.lzma
2026-03-27 14:15:25,769+0800 INFO  xelatex - mpm: 0.64 MB, 3.08 Mbit/s
2026-03-27 14:15:25,776+0800 INFO  xelatex - mpm: extracting files from bitset.tar.lzma...
2026-03-27 14:15:26,216+0800 INFO  xelatex.core - start process: miktex fontmaps configure
2026-03-27 14:15:27,102+0800 INFO  xelatex - installing package bigintcalc triggered by tex/generic/bigintcalc\bigintcalc.sty
2026-03-27 14:15:27,102+0800 INFO  xelatex - mpm: starting package maintenance...
2026-03-27 14:15:27,102+0800 INFO  xelatex - mpm: installation directory: C:\Users\Lenovo\patents\7_SASPH-6G_Slice-Adaptive_Split-PQC_Handshake\.miktex-local\install
2026-03-27 14:15:27,102+0800 INFO  xelatex - mpm: package repository: https://mirror.truenetwork.ru/CTAN/systems/win32/miktex/tm/packages/
2026-03-27 14:15:27,374+0800 INFO  xelatex - mpm: package repository digest: ab6e9323859369ef15ad44621ef5298b
2026-03-27 14:15:27,374+0800 INFO  xelatex - mpm: going to download 478294 bytes
2026-03-27 14:15:27,374+0800 INFO  xelatex - mpm: going to install 5 file(s) (1 package(s))
2026-03-27 14:15:27,881+0800 INFO  xelatex.packagemanager - installing package bigintcalc
2026-03-27 14:15:27,882+0800 INFO  xelatex - mpm: downloading https://mirror.truenetwork.ru/CTAN/systems/win32/miktex/tm/packages/bigintcalc.tar.lzma...
2026-03-27 14:15:27,882+0800 INFO  xelatex.packagemanager - going to download https://mirror.truenetwork.ru/CTAN/systems/win32/miktex/tm/packages/bigintcalc.tar.lzma
2026-03-27 14:15:29,299+0800 INFO  xelatex - mpm: 0.48 MB, 2.70 Mbit/s
2026-03-27 14:15:29,315+0800 INFO  xelatex - mpm: extracting files from bigintcalc.tar.lzma...
2026-03-27 14:15:29,835+0800 INFO  xelatex.core - start process: miktex fontmaps configure
2026-03-27 14:15:30,694+0800 INFO  xelatex - installing package rerunfilecheck triggered by tex/latex/rerunfilecheck\rerunfilecheck.sty
2026-03-27 14:15:30,694+0800 INFO  xelatex - mpm: starting package maintenance...
2026-03-27 14:15:30,694+0800 INFO  xelatex - mpm: installation directory: C:\Users\Lenovo\patents\7_SASPH-6G_Slice-Adaptive_Split-PQC_Handshake\.miktex-local\install
2026-03-27 14:15:30,694+0800 INFO  xelatex - mpm: package repository: https://mirror.truenetwork.ru/CTAN/systems/win32/miktex/tm/packages/
2026-03-27 14:15:30,976+0800 INFO  xelatex - mpm: package repository digest: ab6e9323859369ef15ad44621ef5298b
2026-03-27 14:15:30,976+0800 INFO  xelatex - mpm: going to download 3336 bytes
2026-03-27 14:15:30,976+0800 INFO  xelatex - mpm: going to install 2 file(s) (1 package(s))
2026-03-27 14:15:31,533+0800 INFO  xelatex.packagemanager - installing package rerunfilecheck
2026-03-27 14:15:31,534+0800 INFO  xelatex - mpm: downloading https://mirror.truenetwork.ru/CTAN/systems/win32/miktex/tm/packages/rerunfilecheck.tar.lzma...
2026-03-27 14:15:31,534+0800 INFO  xelatex.packagemanager - going to download https://mirror.truenetwork.ru/CTAN/systems/win32/miktex/tm/packages/rerunfilecheck.tar.lzma
2026-03-27 14:15:31,792+0800 INFO  xelatex - mpm: 0.00 MB, 0.10 Mbit/s
2026-03-27 14:15:31,803+0800 INFO  xelatex - mpm: extracting files from rerunfilecheck.tar.lzma...
2026-03-27 14:15:32,255+0800 INFO  xelatex.core - start process: miktex fontmaps configure
2026-03-27 14:15:33,121+0800 INFO  xelatex - installing package uniquecounter triggered by tex/generic/uniquecounter\uniquecounter.sty
2026-03-27 14:15:33,121+0800 INFO  xelatex - mpm: starting package maintenance...
2026-03-27 14:15:33,121+0800 INFO  xelatex - mpm: installation directory: C:\Users\Lenovo\patents\7_SASPH-6G_Slice-Adaptive_Split-PQC_Handshake\.miktex-local\install
2026-03-27 14:15:33,121+0800 INFO  xelatex - mpm: package repository: https://mirror.truenetwork.ru/CTAN/systems/win32/miktex/tm/packages/
2026-03-27 14:15:33,444+0800 INFO  xelatex - mpm: package repository digest: ab6e9323859369ef15ad44621ef5298b
2026-03-27 14:15:33,444+0800 INFO  xelatex - mpm: going to download 298441 bytes
2026-03-27 14:15:33,444+0800 INFO  xelatex - mpm: going to install 6 file(s) (1 package(s))
2026-03-27 14:15:33,984+0800 INFO  xelatex.packagemanager - installing package uniquecounter
2026-03-27 14:15:33,984+0800 INFO  xelatex - mpm: downloading https://mirror.truenetwork.ru/CTAN/systems/win32/miktex/tm/packages/uniquecounter.tar.lzma...
2026-03-27 14:15:33,984+0800 INFO  xelatex.packagemanager - going to download https://mirror.truenetwork.ru/CTAN/systems/win32/miktex/tm/packages/uniquecounter.tar.lzma
2026-03-27 14:15:35,345+0800 INFO  xelatex - mpm: 0.30 MB, 1.76 Mbit/s
2026-03-27 14:15:35,361+0800 INFO  xelatex - mpm: extracting files from uniquecounter.tar.lzma...
2026-03-27 14:15:35,844+0800 INFO  xelatex.core - start process: miktex fontmaps configure
2026-03-27 14:15:36,679+0800 INFO  xelatex - installing package fancyhdr triggered by tex/latex/fancyhdr\fancyhdr.sty
2026-03-27 14:15:36,679+0800 INFO  xelatex - mpm: starting package maintenance...
2026-03-27 14:15:36,679+0800 INFO  xelatex - mpm: installation directory: C:\Users\Lenovo\patents\7_SASPH-6G_Slice-Adaptive_Split-PQC_Handshake\.miktex-local\install
2026-03-27 14:15:36,680+0800 INFO  xelatex - mpm: package repository: https://mirror.truenetwork.ru/CTAN/systems/win32/miktex/tm/packages/
2026-03-27 14:15:36,958+0800 INFO  xelatex - mpm: package repository digest: ab6e9323859369ef15ad44621ef5298b
2026-03-27 14:15:36,958+0800 INFO  xelatex - mpm: going to download 8577 bytes
2026-03-27 14:15:36,958+0800 INFO  xelatex - mpm: going to install 5 file(s) (1 package(s))
2026-03-27 14:15:37,487+0800 INFO  xelatex.packagemanager - installing package fancyhdr
2026-03-27 14:15:37,488+0800 INFO  xelatex - mpm: downloading https://mirror.truenetwork.ru/CTAN/systems/win32/miktex/tm/packages/fancyhdr.tar.lzma...
2026-03-27 14:15:37,488+0800 INFO  xelatex.packagemanager - going to download https://mirror.truenetwork.ru/CTAN/systems/win32/miktex/tm/packages/fancyhdr.tar.lzma
2026-03-27 14:15:37,758+0800 INFO  xelatex - mpm: 0.01 MB, 0.26 Mbit/s
2026-03-27 14:15:37,783+0800 INFO  xelatex - mpm: extracting files from fancyhdr.tar.lzma...
2026-03-27 14:15:38,259+0800 INFO  xelatex.core - start process: miktex fontmaps configure
2026-03-27 14:15:39,152+0800 INFO  xelatex - installing package xcolor triggered by tex/latex/xcolor\xcolor.sty
2026-03-27 14:15:39,152+0800 INFO  xelatex - mpm: starting package maintenance...
2026-03-27 14:15:39,153+0800 INFO  xelatex - mpm: installation directory: C:\Users\Lenovo\patents\7_SASPH-6G_Slice-Adaptive_Split-PQC_Handshake\.miktex-local\install
2026-03-27 14:15:39,153+0800 INFO  xelatex - mpm: package repository: https://mirror.truenetwork.ru/CTAN/systems/win32/miktex/tm/packages/
2026-03-27 14:15:39,447+0800 INFO  xelatex - mpm: package repository digest: ab6e9323859369ef15ad44621ef5298b
2026-03-27 14:15:39,447+0800 INFO  xelatex - mpm: going to download 18511 bytes
2026-03-27 14:15:39,448+0800 INFO  xelatex - mpm: going to install 6 file(s) (1 package(s))
2026-03-27 14:15:39,998+0800 INFO  xelatex.packagemanager - installing package xcolor
2026-03-27 14:15:39,999+0800 INFO  xelatex - mpm: downloading https://mirror.truenetwork.ru/CTAN/systems/win32/miktex/tm/packages/xcolor.tar.lzma...
2026-03-27 14:15:39,999+0800 INFO  xelatex.packagemanager - going to download https://mirror.truenetwork.ru/CTAN/systems/win32/miktex/tm/packages/xcolor.tar.lzma
2026-03-27 14:15:40,536+0800 INFO  xelatex - mpm: 0.02 MB, 0.28 Mbit/s
2026-03-27 14:15:40,544+0800 INFO  xelatex - mpm: extracting files from xcolor.tar.lzma...
2026-03-27 14:15:41,022+0800 INFO  xelatex.core - start process: miktex fontmaps configure
2026-03-27 14:15:41,925+0800 INFO  xelatex - installing package setspace triggered by tex/latex/setspace\setspace.sty
2026-03-27 14:15:41,925+0800 INFO  xelatex - mpm: starting package maintenance...
2026-03-27 14:15:41,925+0800 INFO  xelatex - mpm: installation directory: C:\Users\Lenovo\patents\7_SASPH-6G_Slice-Adaptive_Split-PQC_Handshake\.miktex-local\install
2026-03-27 14:15:41,925+0800 INFO  xelatex - mpm: package repository: https://mirror.truenetwork.ru/CTAN/systems/win32/miktex/tm/packages/
2026-03-27 14:15:42,274+0800 INFO  xelatex - mpm: package repository digest: ab6e9323859369ef15ad44621ef5298b
2026-03-27 14:15:42,274+0800 INFO  xelatex - mpm: going to download 7535 bytes
2026-03-27 14:15:42,274+0800 INFO  xelatex - mpm: going to install 2 file(s) (1 package(s))
2026-03-27 14:15:42,871+0800 INFO  xelatex.packagemanager - installing package setspace
2026-03-27 14:15:42,871+0800 INFO  xelatex - mpm: downloading https://mirror.truenetwork.ru/CTAN/systems/win32/miktex/tm/packages/setspace.tar.lzma...
2026-03-27 14:15:42,872+0800 INFO  xelatex.packagemanager - going to download https://mirror.truenetwork.ru/CTAN/systems/win32/miktex/tm/packages/setspace.tar.lzma
2026-03-27 14:15:43,155+0800 INFO  xelatex - mpm: 0.01 MB, 0.21 Mbit/s
2026-03-27 14:15:43,165+0800 INFO  xelatex - mpm: extracting files from setspace.tar.lzma...
2026-03-27 14:15:43,675+0800 INFO  xelatex.core - start process: miktex fontmaps configure
2026-03-27 14:15:44,776+0800 INFO  xelatex.core - start process: miktex-dvipdfmx.exe --miktex-enable-installer -q -E -o 检索报告.pdf
2026-03-27 14:15:55,062+0800 INFO  xelatex - this process (37512) finishes with exit code 1
2026-03-27 14:15:55,063+0800 ERROR xelatex - major issue: So far, you have not checked for MiKTeX updates.
2026-03-27 14:15:55,111+0800 WARN  xelatex.core - still open: C:\Users\Lenovo\patents\7_SASPH-6G_Slice-Adaptive_Split-PQC_Handshake\.miktex-local\install\fonts/tfm/public/cm\cmr10.tfm
2026-03-27 14:15:55,111+0800 WARN  xelatex.core - still open: C:\Users\Lenovo\patents\7_SASPH-6G_Slice-Adaptive_Split-PQC_Handshake\.miktex-local\install\fonts/tfm/public/cm\cmex10.tfm
2026-03-27 14:15:55,111+0800 WARN  xelatex.core - still open: C:\Users\Lenovo\patents\7_SASPH-6G_Slice-Adaptive_Split-PQC_Handshake\.miktex-local\install\fonts/tfm/public/amsfonts/symbols\msam10.tfm
2026-03-27 14:15:55,111+0800 WARN  xelatex.core - still open: C:\Users\Lenovo\patents\7_SASPH-6G_Slice-Adaptive_Split-PQC_Handshake\.miktex-local\install\fonts/tfm/public/cm\cmr10.tfm
2026-03-27 14:15:55,111+0800 WARN  xelatex.core - still open: C:\Users\Lenovo\patents\7_SASPH-6G_Slice-Adaptive_Split-PQC_Handshake\.miktex-local\install\fonts/tfm/public/amsfonts/symbols\msbm10.tfm
2026-03-27 14:15:55,111+0800 WARN  xelatex.core - still open: C:\Users\Lenovo\patents\7_SASPH-6G_Slice-Adaptive_Split-PQC_Handshake\.miktex-local\install\fonts/tfm/public/cm\cmmi10.tfm
2026-03-27 14:15:55,111+0800 WARN  xelatex.core - still open: C:\Users\Lenovo\patents\7_SASPH-6G_Slice-Adaptive_Split-PQC_Handshake\.miktex-local\install\fonts/tfm/public/cm\cmsy10.tfm
2026-03-27 14:15:55,111+0800 WARN  xelatex.core - still open: 检索报告.tex
2026-03-27 14:15:55,111+0800 WARN  xelatex.core - still open: C:\Users\Lenovo\patents\7_SASPH-6G_Slice-Adaptive_Split-PQC_Handshake\.miktex-local\install\fonts/tfm/public/cm\cmr10.tfm
2026-03-27 14:15:55,111+0800 WARN  xelatex.core - still open: C:\Users\Lenovo\patents\7_SASPH-6G_Slice-Adaptive_Split-PQC_Handshake\.miktex-local\install\fonts/tfm/public/amsfonts/symbols\msbm10.tfm
2026-03-27 14:15:55,111+0800 WARN  xelatex.core - still open: C:\Users\Lenovo\patents\7_SASPH-6G_Slice-Adaptive_Split-PQC_Handshake\.miktex-local\install\fonts/tfm/public/amsfonts/symbols\msam10.tfm
2026-03-27 14:15:55,111+0800 WARN  xelatex.core - still open: C:\Users\Lenovo\patents\7_SASPH-6G_Slice-Adaptive_Split-PQC_Handshake\.miktex-local\install\fonts/tfm/public/cm\cmsy8.tfm
2026-03-27 14:15:55,111+0800 WARN  xelatex.core - still open: C:\Users\Lenovo\patents\7_SASPH-6G_Slice-Adaptive_Split-PQC_Handshake\.miktex-local\install\fonts/tfm/public/cm\cmex10.tfm
2026-03-27 14:15:55,111+0800 WARN  xelatex.core - still open: C:\Users\Lenovo\patents\7_SASPH-6G_Slice-Adaptive_Split-PQC_Handshake\.miktex-local\install\fonts/tfm/public/cm\cmr6.tfm
2026-03-27 14:15:55,111+0800 WARN  xelatex.core - still open: C:\Users\Lenovo\patents\7_SASPH-6G_Slice-Adaptive_Split-PQC_Handshake\.miktex-local\install\fonts/tfm/public/cm\cmr12.tfm
2026-03-27 14:15:55,111+0800 WARN  xelatex.core - still open: C:\Users\Lenovo\patents\7_SASPH-6G_Slice-Adaptive_Split-PQC_Handshake\.miktex-local\install\fonts/tfm/public/cm\cmsy10.tfm
2026-03-27 14:15:55,111+0800 WARN  xelatex.core - still open: C:\Users\Lenovo\patents\7_SASPH-6G_Slice-Adaptive_Split-PQC_Handshake\.miktex-local\install\fonts/tfm/public/cm\cmmi8.tfm
2026-03-27 14:15:55,111+0800 WARN  xelatex.core - still open: C:\Users\Lenovo\patents\7_SASPH-6G_Slice-Adaptive_Split-PQC_Handshake\.miktex-local\install\fonts/tfm/public/amsfonts/symbols\msbm10.tfm
2026-03-27 14:15:55,111+0800 WARN  xelatex.core - still open: C:\Users\Lenovo\patents\7_SASPH-6G_Slice-Adaptive_Split-PQC_Handshake\.miktex-local\install\fonts/tfm/public/cm\cmmi6.tfm
2026-03-27 14:15:55,111+0800 WARN  xelatex.core - still open: C:\Users\Lenovo\patents\7_SASPH-6G_Slice-Adaptive_Split-PQC_Handshake\.miktex-local\install\fonts/tfm/public/cm\cmsy6.tfm
2026-03-27 14:15:55,111+0800 WARN  xelatex.core - still open: C:\Users\Lenovo\patents\7_SASPH-6G_Slice-Adaptive_Split-PQC_Handshake\.miktex-local\install\fonts/tfm/public/amsfonts/cmextra\cmex7.tfm
2026-03-27 14:15:55,112+0800 WARN  xelatex.core - still open: C:\Users\Lenovo\patents\7_SASPH-6G_Slice-Adaptive_Split-PQC_Handshake\.miktex-local\install\fonts/tfm/public/amsfonts/symbols\msam10.tfm
2026-03-27 14:15:55,112+0800 WARN  xelatex.core - still open: C:\Users\Lenovo\patents\7_SASPH-6G_Slice-Adaptive_Split-PQC_Handshake\.miktex-local\install\fonts/tfm/public/cm\cmmi12.tfm
2026-03-27 14:15:55,112+0800 WARN  xelatex.core - still open: C:\Users\Lenovo\patents\7_SASPH-6G_Slice-Adaptive_Split-PQC_Handshake\.miktex-local\install\fonts/tfm/public/amsfonts/cmextra\cmex8.tfm
2026-03-27 14:15:55,112+0800 WARN  xelatex.core - still open: C:\Users\Lenovo\patents\7_SASPH-6G_Slice-Adaptive_Split-PQC_Handshake\.miktex-local\install\fonts/tfm/public/amsfonts/symbols\msam7.tfm
2026-03-27 14:15:55,112+0800 WARN  xelatex.core - still open: C:\Users\Lenovo\patents\7_SASPH-6G_Slice-Adaptive_Split-PQC_Handshake\.miktex-local\install\fonts/tfm/public/amsfonts/symbols\msbm7.tfm
2026-03-27 14:15:55,112+0800 WARN  xelatex.core - still open: C:\Users\Lenovo\patents\7_SASPH-6G_Slice-Adaptive_Split-PQC_Handshake\.miktex-local\install\fonts/tfm/public/cm\cmr8.tfm
2026-03-27 14:15:55,112+0800 WARN  xelatex.core - still open: C:\Users\Lenovo\patents\7_SASPH-6G_Slice-Adaptive_Split-PQC_Handshake\.miktex-local\install\fonts/tfm/adobe/zapfding\pzdr.tfm
2026-03-27 14:15:55,112+0800 WARN  xelatex.core - still open: C:\Users\Lenovo\patents\7_SASPH-6G_Slice-Adaptive_Split-PQC_Handshake\.miktex-local\install\fonts/tfm/public/cm\cmr10.tfm
2026-03-27 14:16:35,465+0800 INFO  xelatex - this process (33728) started by powershell in directory C:\Users\Lenovo\patents\7_SASPH-6G_Slice-Adaptive_Split-PQC_Handshake with command line: C:\Users\Lenovo\AppData\Local\Programs\MiKTeX\miktex\bin\x64\xelatex.exe -interaction=nonstopmode -halt-on-error 交底书.tex
2026-03-27 14:16:35,465+0800 INFO  xelatex - running on Windows 10.0.26200
2026-03-27 14:16:35,495+0800 INFO  xelatex - this process (33728) finishes with exit code 1
2026-03-27 14:16:35,496+0800 ERROR xelatex - major issue: So far, you have not checked for MiKTeX updates.
2026-03-27 14:20:48,399+0800 INFO  xelatex - this process (30604) started by powershell in directory C:\Users\Lenovo\patents\7_SASPH-6G_Slice-Adaptive_Split-PQC_Handshake with command line: C:\Users\Lenovo\AppData\Local\Programs\MiKTeX\miktex\bin\x64\xelatex.exe -interaction=nonstopmode -halt-on-error 交底书.tex
2026-03-27 14:20:48,400+0800 INFO  xelatex - running on Windows 10.0.26200
2026-03-27 14:20:48,405+0800 WARN  xelatex - security risk: running with elevated privileges
2026-03-27 14:20:48,407+0800 INFO  xelatex - this is MiKTeX-XETEX 4.15.0 (0.999997) (MiKTeX 25.4)
2026-03-27 14:20:48,409+0800 INFO  xelatex - allowing known shell commands
2026-03-27 14:20:49,149+0800 INFO  xelatex.core - start process: miktex-dvipdfmx.exe --miktex-enable-installer -q -E -o 交底书.pdf
2026-03-27 14:20:49,991+0800 INFO  xelatex - this process (30604) finishes with exit code 0
2026-03-27 14:20:49,992+0800 ERROR xelatex - major issue: So far, you have not checked for MiKTeX updates.
2026-03-27 14:20:49,993+0800 WARN  xelatex.core - still open: C:\Users\Lenovo\patents\7_SASPH-6G_Slice-Adaptive_Split-PQC_Handshake\.miktex-local\install\fonts/tfm/public/cm\cmr10.tfm
2026-03-27 14:20:49,993+0800 WARN  xelatex.core - still open: C:\Users\Lenovo\patents\7_SASPH-6G_Slice-Adaptive_Split-PQC_Handshake\.miktex-local\install\fonts/tfm/public/cm\cmr10.tfm
2026-03-27 14:20:49,993+0800 WARN  xelatex.core - still open: C:\Users\Lenovo\patents\7_SASPH-6G_Slice-Adaptive_Split-PQC_Handshake\.miktex-local\install\fonts/tfm/adobe/zapfding\pzdr.tfm
2026-03-27 14:20:49,993+0800 WARN  xelatex.core - still open: C:\Users\Lenovo\patents\7_SASPH-6G_Slice-Adaptive_Split-PQC_Handshake\.miktex-local\install\fonts/tfm/public/cm\cmr10.tfm
2026-03-27 14:20:49,993+0800 WARN  xelatex.core - still open: C:\Users\Lenovo\patents\7_SASPH-6G_Slice-Adaptive_Split-PQC_Handshake\.miktex-local\install\fonts/tfm/public/cm\cmr10.tfm
2026-03-27 14:20:49,993+0800 WARN  xelatex.core - still open: C:\Users\Lenovo\patents\7_SASPH-6G_Slice-Adaptive_Split-PQC_Handshake\.miktex-local\install\fonts/tfm/public/amsfonts/symbols\msbm7.tfm
2026-03-27 14:20:49,993+0800 WARN  xelatex.core - still open: C:\Users\Lenovo\patents\7_SASPH-6G_Slice-Adaptive_Split-PQC_Handshake\.miktex-local\install\fonts/tfm/public/cm\cmmi8.tfm
2026-03-27 14:20:49,993+0800 WARN  xelatex.core - still open: C:\Users\Lenovo\patents\7_SASPH-6G_Slice-Adaptive_Split-PQC_Handshake\.miktex-local\install\fonts/tfm/public/cm\cmex10.tfm
2026-03-27 14:20:49,993+0800 WARN  xelatex.core - still open: C:\Users\Lenovo\patents\7_SASPH-6G_Slice-Adaptive_Split-PQC_Handshake\.miktex-local\install\fonts/tfm/public/amsfonts/symbols\msam10.tfm
2026-03-27 14:20:49,993+0800 WARN  xelatex.core - still open: C:\Users\Lenovo\patents\7_SASPH-6G_Slice-Adaptive_Split-PQC_Handshake\.miktex-local\install\fonts/tfm/public/cm\cmr6.tfm
2026-03-27 14:20:49,993+0800 WARN  xelatex.core - still open: C:\Users\Lenovo\patents\7_SASPH-6G_Slice-Adaptive_Split-PQC_Handshake\.miktex-local\install\fonts/tfm/public/cm\cmmi6.tfm
2026-03-27 14:20:49,993+0800 WARN  xelatex.core - still open: C:\Users\Lenovo\patents\7_SASPH-6G_Slice-Adaptive_Split-PQC_Handshake\.miktex-local\install\fonts/tfm/public/amsfonts/cmextra\cmex7.tfm
2026-03-27 14:20:49,993+0800 WARN  xelatex.core - still open: C:\Users\Lenovo\patents\7_SASPH-6G_Slice-Adaptive_Split-PQC_Handshake\.miktex-local\install\fonts/tfm/public/amsfonts/cmextra\cmex8.tfm
2026-03-27 14:20:49,993+0800 WARN  xelatex.core - still open: C:\Users\Lenovo\patents\7_SASPH-6G_Slice-Adaptive_Split-PQC_Handshake\.miktex-local\install\fonts/tfm/public/amsfonts/symbols\msam7.tfm
2026-03-27 14:20:49,993+0800 WARN  xelatex.core - still open: C:\Users\Lenovo\patents\7_SASPH-6G_Slice-Adaptive_Split-PQC_Handshake\.miktex-local\install\fonts/tfm/public/amsfonts/symbols\msbm10.tfm
2026-03-27 14:20:49,993+0800 WARN  xelatex.core - still open: C:\Users\Lenovo\patents\7_SASPH-6G_Slice-Adaptive_Split-PQC_Handshake\.miktex-local\install\fonts/tfm/public/cm\cmr12.tfm
2026-03-27 14:20:49,994+0800 WARN  xelatex.core - still open: C:\Users\Lenovo\patents\7_SASPH-6G_Slice-Adaptive_Split-PQC_Handshake\.miktex-local\install\fonts/tfm/public/cm\cmsy6.tfm
2026-03-27 14:20:49,994+0800 WARN  xelatex.core - still open: C:\Users\Lenovo\patents\7_SASPH-6G_Slice-Adaptive_Split-PQC_Handshake\.miktex-local\install\fonts/tfm/public/amsfonts/symbols\msam10.tfm
2026-03-27 14:20:49,994+0800 WARN  xelatex.core - still open: C:\Users\Lenovo\patents\7_SASPH-6G_Slice-Adaptive_Split-PQC_Handshake\.miktex-local\install\fonts/tfm/public/amsfonts/symbols\msbm10.tfm
2026-03-27 14:20:49,994+0800 WARN  xelatex.core - still open: C:\Users\Lenovo\patents\7_SASPH-6G_Slice-Adaptive_Split-PQC_Handshake\.miktex-local\install\fonts/tfm/public/cm\cmsy10.tfm
2026-03-27 14:20:49,994+0800 WARN  xelatex.core - still open: C:\Users\Lenovo\patents\7_SASPH-6G_Slice-Adaptive_Split-PQC_Handshake\.miktex-local\install\fonts/tfm/public/cm\cmr8.tfm
2026-03-27 14:20:49,994+0800 WARN  xelatex.core - still open: C:\Users\Lenovo\patents\7_SASPH-6G_Slice-Adaptive_Split-PQC_Handshake\.miktex-local\install\fonts/tfm/public/cm\cmmi12.tfm
2026-03-27 14:20:49,994+0800 WARN  xelatex.core - still open: C:\Users\Lenovo\patents\7_SASPH-6G_Slice-Adaptive_Split-PQC_Handshake\.miktex-local\install\fonts/tfm/public/cm\cmsy8.tfm
2026-03-27 14:20:50,235+0800 INFO  xelatex - this process (21140) started by powershell in directory C:\Users\Lenovo\patents\7_SASPH-6G_Slice-Adaptive_Split-PQC_Handshake with command line: C:\Users\Lenovo\AppData\Local\Programs\MiKTeX\miktex\bin\x64\xelatex.exe -interaction=nonstopmode -halt-on-error 交底书.tex
2026-03-27 14:20:50,236+0800 INFO  xelatex - running on Windows 10.0.26200
2026-03-27 14:20:50,241+0800 WARN  xelatex - security risk: running with elevated privileges
2026-03-27 14:20:50,242+0800 INFO  xelatex - this is MiKTeX-XETEX 4.15.0 (0.999997) (MiKTeX 25.4)
2026-03-27 14:20:50,244+0800 INFO  xelatex - allowing known shell commands
2026-03-27 14:20:50,983+0800 INFO  xelatex.core - start process: miktex-dvipdfmx.exe --miktex-enable-installer -q -E -o 交底书.pdf
2026-03-27 14:20:51,687+0800 INFO  xelatex - this process (21140) finishes with exit code 0
2026-03-27 14:20:51,687+0800 ERROR xelatex - major issue: So far, you have not checked for MiKTeX updates.
2026-03-27 14:20:51,688+0800 WARN  xelatex.core - still open: C:\Users\Lenovo\patents\7_SASPH-6G_Slice-Adaptive_Split-PQC_Handshake\.miktex-local\install\fonts/tfm/adobe/zapfding\pzdr.tfm
2026-03-27 14:20:51,688+0800 WARN  xelatex.core - still open: C:\Users\Lenovo\patents\7_SASPH-6G_Slice-Adaptive_Split-PQC_Handshake\.miktex-local\install\fonts/tfm/public/cm\cmr10.tfm
2026-03-27 14:20:51,688+0800 WARN  xelatex.core - still open: C:\Users\Lenovo\patents\7_SASPH-6G_Slice-Adaptive_Split-PQC_Handshake\.miktex-local\install\fonts/tfm/public/cm\cmr10.tfm
2026-03-27 14:20:51,688+0800 WARN  xelatex.core - still open: C:\Users\Lenovo\patents\7_SASPH-6G_Slice-Adaptive_Split-PQC_Handshake\.miktex-local\install\fonts/tfm/public/cm\cmr10.tfm
2026-03-27 14:20:51,688+0800 WARN  xelatex.core - still open: C:\Users\Lenovo\patents\7_SASPH-6G_Slice-Adaptive_Split-PQC_Handshake\.miktex-local\install\fonts/tfm/public/cm\cmr10.tfm
2026-03-27 14:20:51,688+0800 WARN  xelatex.core - still open: C:\Users\Lenovo\patents\7_SASPH-6G_Slice-Adaptive_Split-PQC_Handshake\.miktex-local\install\fonts/tfm/public/cm\cmr12.tfm
2026-03-27 14:20:51,688+0800 WARN  xelatex.core - still open: C:\Users\Lenovo\patents\7_SASPH-6G_Slice-Adaptive_Split-PQC_Handshake\.miktex-local\install\fonts/tfm/public/amsfonts/symbols\msbm10.tfm
2026-03-27 14:20:51,689+0800 WARN  xelatex.core - still open: C:\Users\Lenovo\patents\7_SASPH-6G_Slice-Adaptive_Split-PQC_Handshake\.miktex-local\install\fonts/tfm/public/cm\cmr6.tfm
2026-03-27 14:20:51,689+0800 WARN  xelatex.core - still open: C:\Users\Lenovo\patents\7_SASPH-6G_Slice-Adaptive_Split-PQC_Handshake\.miktex-local\install\fonts/tfm/public/cm\cmr8.tfm
2026-03-27 14:20:51,689+0800 WARN  xelatex.core - still open: C:\Users\Lenovo\patents\7_SASPH-6G_Slice-Adaptive_Split-PQC_Handshake\.miktex-local\install\fonts/tfm/public/amsfonts/symbols\msbm10.tfm
2026-03-27 14:20:51,689+0800 WARN  xelatex.core - still open: C:\Users\Lenovo\patents\7_SASPH-6G_Slice-Adaptive_Split-PQC_Handshake\.miktex-local\install\fonts/tfm/public/amsfonts/symbols\msbm7.tfm
2026-03-27 14:20:51,689+0800 WARN  xelatex.core - still open: C:\Users\Lenovo\patents\7_SASPH-6G_Slice-Adaptive_Split-PQC_Handshake\.miktex-local\install\fonts/tfm/public/amsfonts/cmextra\cmex7.tfm
2026-03-27 14:20:51,689+0800 WARN  xelatex.core - still open: C:\Users\Lenovo\patents\7_SASPH-6G_Slice-Adaptive_Split-PQC_Handshake\.miktex-local\install\fonts/tfm/public/cm\cmsy10.tfm
2026-03-27 14:20:51,689+0800 WARN  xelatex.core - still open: C:\Users\Lenovo\patents\7_SASPH-6G_Slice-Adaptive_Split-PQC_Handshake\.miktex-local\install\fonts/tfm/public/cm\cmmi12.tfm
2026-03-27 14:20:51,689+0800 WARN  xelatex.core - still open: C:\Users\Lenovo\patents\7_SASPH-6G_Slice-Adaptive_Split-PQC_Handshake\.miktex-local\install\fonts/tfm/public/cm\cmsy8.tfm
2026-03-27 14:20:51,689+0800 WARN  xelatex.core - still open: C:\Users\Lenovo\patents\7_SASPH-6G_Slice-Adaptive_Split-PQC_Handshake\.miktex-local\install\fonts/tfm/public/cm\cmex10.tfm
2026-03-27 14:20:51,689+0800 WARN  xelatex.core - still open: C:\Users\Lenovo\patents\7_SASPH-6G_Slice-Adaptive_Split-PQC_Handshake\.miktex-local\install\fonts/tfm/public/cm\cmmi8.tfm
2026-03-27 14:20:51,689+0800 WARN  xelatex.core - still open: C:\Users\Lenovo\patents\7_SASPH-6G_Slice-Adaptive_Split-PQC_Handshake\.miktex-local\install\fonts/tfm/public/cm\cmsy6.tfm
2026-03-27 14:20:51,690+0800 WARN  xelatex.core - still open: C:\Users\Lenovo\patents\7_SASPH-6G_Slice-Adaptive_Split-PQC_Handshake\.miktex-local\install\fonts/tfm/public/amsfonts/cmextra\cmex8.tfm
2026-03-27 14:20:51,690+0800 WARN  xelatex.core - still open: C:\Users\Lenovo\patents\7_SASPH-6G_Slice-Adaptive_Split-PQC_Handshake\.miktex-local\install\fonts/tfm/public/amsfonts/symbols\msam10.tfm
2026-03-27 14:20:51,690+0800 WARN  xelatex.core - still open: C:\Users\Lenovo\patents\7_SASPH-6G_Slice-Adaptive_Split-PQC_Handshake\.miktex-local\install\fonts/tfm/public/amsfonts/symbols\msam10.tfm
2026-03-27 14:20:51,690+0800 WARN  xelatex.core - still open: C:\Users\Lenovo\patents\7_SASPH-6G_Slice-Adaptive_Split-PQC_Handshake\.miktex-local\install\fonts/tfm/public/cm\cmmi6.tfm
2026-03-27 14:20:51,690+0800 WARN  xelatex.core - still open: C:\Users\Lenovo\patents\7_SASPH-6G_Slice-Adaptive_Split-PQC_Handshake\.miktex-local\install\fonts/tfm/public/amsfonts/symbols\msam7.tfm
2026-03-27 14:20:51,944+0800 INFO  xelatex - this process (24352) started by powershell in directory C:\Users\Lenovo\patents\7_SASPH-6G_Slice-Adaptive_Split-PQC_Handshake with command line: C:\Users\Lenovo\AppData\Local\Programs\MiKTeX\miktex\bin\x64\xelatex.exe -interaction=nonstopmode -halt-on-error 检索报告.tex
2026-03-27 14:20:51,944+0800 INFO  xelatex - running on Windows 10.0.26200
2026-03-27 14:20:51,950+0800 WARN  xelatex - security risk: running with elevated privileges
2026-03-27 14:20:51,951+0800 INFO  xelatex - this is MiKTeX-XETEX 4.15.0 (0.999997) (MiKTeX 25.4)
2026-03-27 14:20:51,954+0800 INFO  xelatex - allowing known shell commands
2026-03-27 14:20:52,684+0800 INFO  xelatex.core - start process: miktex-dvipdfmx.exe --miktex-enable-installer -q -E -o 检索报告.pdf
2026-03-27 14:20:53,486+0800 INFO  xelatex - this process (24352) finishes with exit code 0
2026-03-27 14:20:53,488+0800 ERROR xelatex - major issue: So far, you have not checked for MiKTeX updates.
2026-03-27 14:20:53,488+0800 WARN  xelatex.core - still open: C:\Users\Lenovo\patents\7_SASPH-6G_Slice-Adaptive_Split-PQC_Handshake\.miktex-local\install\fonts/tfm/public/cm\cmr10.tfm
2026-03-27 14:20:53,488+0800 WARN  xelatex.core - still open: C:\Users\Lenovo\patents\7_SASPH-6G_Slice-Adaptive_Split-PQC_Handshake\.miktex-local\install\fonts/tfm/public/cm\cmr10.tfm
2026-03-27 14:20:53,488+0800 WARN  xelatex.core - still open: C:\Users\Lenovo\patents\7_SASPH-6G_Slice-Adaptive_Split-PQC_Handshake\.miktex-local\install\fonts/tfm/public/cm\cmr10.tfm
2026-03-27 14:20:53,488+0800 WARN  xelatex.core - still open: C:\Users\Lenovo\patents\7_SASPH-6G_Slice-Adaptive_Split-PQC_Handshake\.miktex-local\install\fonts/tfm/public/cm\cmr10.tfm
2026-03-27 14:20:53,488+0800 WARN  xelatex.core - still open: C:\Users\Lenovo\patents\7_SASPH-6G_Slice-Adaptive_Split-PQC_Handshake\.miktex-local\install\fonts/tfm/adobe/zapfding\pzdr.tfm
2026-03-27 14:20:53,488+0800 WARN  xelatex.core - still open: C:\Users\Lenovo\patents\7_SASPH-6G_Slice-Adaptive_Split-PQC_Handshake\.miktex-local\install\fonts/tfm/public/cm\cmmi12.tfm
2026-03-27 14:20:53,488+0800 WARN  xelatex.core - still open: C:\Users\Lenovo\patents\7_SASPH-6G_Slice-Adaptive_Split-PQC_Handshake\.miktex-local\install\fonts/tfm/public/cm\cmsy10.tfm
2026-03-27 14:20:53,488+0800 WARN  xelatex.core - still open: C:\Users\Lenovo\patents\7_SASPH-6G_Slice-Adaptive_Split-PQC_Handshake\.miktex-local\install\fonts/tfm/public/amsfonts/symbols\msam10.tfm
2026-03-27 14:20:53,488+0800 WARN  xelatex.core - still open: C:\Users\Lenovo\patents\7_SASPH-6G_Slice-Adaptive_Split-PQC_Handshake\.miktex-local\install\fonts/tfm/public/amsfonts/symbols\msbm10.tfm
2026-03-27 14:20:53,488+0800 WARN  xelatex.core - still open: C:\Users\Lenovo\patents\7_SASPH-6G_Slice-Adaptive_Split-PQC_Handshake\.miktex-local\install\fonts/tfm/public/cm\cmr12.tfm
2026-03-27 14:20:53,488+0800 WARN  xelatex.core - still open: C:\Users\Lenovo\patents\7_SASPH-6G_Slice-Adaptive_Split-PQC_Handshake\.miktex-local\install\fonts/tfm/public/amsfonts/cmextra\cmex8.tfm
2026-03-27 14:20:53,488+0800 WARN  xelatex.core - still open: C:\Users\Lenovo\patents\7_SASPH-6G_Slice-Adaptive_Split-PQC_Handshake\.miktex-local\install\fonts/tfm/public/cm\cmmi8.tfm
2026-03-27 14:20:53,488+0800 WARN  xelatex.core - still open: C:\Users\Lenovo\patents\7_SASPH-6G_Slice-Adaptive_Split-PQC_Handshake\.miktex-local\install\fonts/tfm/public/cm\cmsy6.tfm
2026-03-27 14:20:53,488+0800 WARN  xelatex.core - still open: C:\Users\Lenovo\patents\7_SASPH-6G_Slice-Adaptive_Split-PQC_Handshake\.miktex-local\install\fonts/tfm/public/amsfonts/cmextra\cmex7.tfm
2026-03-27 14:20:53,489+0800 WARN  xelatex.core - still open: C:\Users\Lenovo\patents\7_SASPH-6G_Slice-Adaptive_Split-PQC_Handshake\.miktex-local\install\fonts/tfm/public/amsfonts/symbols\msbm10.tfm
2026-03-27 14:20:53,489+0800 WARN  xelatex.core - still open: C:\Users\Lenovo\patents\7_SASPH-6G_Slice-Adaptive_Split-PQC_Handshake\.miktex-local\install\fonts/tfm/public/cm\cmr6.tfm
2026-03-27 14:20:53,489+0800 WARN  xelatex.core - still open: C:\Users\Lenovo\patents\7_SASPH-6G_Slice-Adaptive_Split-PQC_Handshake\.miktex-local\install\fonts/tfm/public/cm\cmr8.tfm
2026-03-27 14:20:53,489+0800 WARN  xelatex.core - still open: C:\Users\Lenovo\patents\7_SASPH-6G_Slice-Adaptive_Split-PQC_Handshake\.miktex-local\install\fonts/tfm/public/amsfonts/symbols\msam10.tfm
2026-03-27 14:20:53,489+0800 WARN  xelatex.core - still open: C:\Users\Lenovo\patents\7_SASPH-6G_Slice-Adaptive_Split-PQC_Handshake\.miktex-local\install\fonts/tfm/public/cm\cmmi6.tfm
2026-03-27 14:20:53,489+0800 WARN  xelatex.core - still open: C:\Users\Lenovo\patents\7_SASPH-6G_Slice-Adaptive_Split-PQC_Handshake\.miktex-local\install\fonts/tfm/public/cm\cmex10.tfm
2026-03-27 14:20:53,489+0800 WARN  xelatex.core - still open: C:\Users\Lenovo\patents\7_SASPH-6G_Slice-Adaptive_Split-PQC_Handshake\.miktex-local\install\fonts/tfm/public/amsfonts/symbols\msbm7.tfm
2026-03-27 14:20:53,489+0800 WARN  xelatex.core - still open: C:\Users\Lenovo\patents\7_SASPH-6G_Slice-Adaptive_Split-PQC_Handshake\.miktex-local\install\fonts/tfm/public/amsfonts/symbols\msam7.tfm
2026-03-27 14:20:53,489+0800 WARN  xelatex.core - still open: C:\Users\Lenovo\patents\7_SASPH-6G_Slice-Adaptive_Split-PQC_Handshake\.miktex-local\install\fonts/tfm/public/cm\cmsy8.tfm
2026-03-27 14:20:53,489+0800 WARN  xelatex.core - still open: C:\Users\Lenovo\patents\7_SASPH-6G_Slice-Adaptive_Split-PQC_Handshake\.miktex-local\install\fonts/tfm/public/cm\cmsy10.tfm
2026-03-27 14:20:53,489+0800 WARN  xelatex.core - still open: C:\Users\Lenovo\patents\7_SASPH-6G_Slice-Adaptive_Split-PQC_Handshake\.miktex-local\install\fonts/tfm/public/amsfonts/symbols\msam10.tfm
2026-03-27 14:20:53,489+0800 WARN  xelatex.core - still open: C:\Users\Lenovo\patents\7_SASPH-6G_Slice-Adaptive_Split-PQC_Handshake\.miktex-local\install\fonts/tfm/public/cm\cmmi10.tfm
2026-03-27 14:20:53,489+0800 WARN  xelatex.core - still open: C:\Users\Lenovo\patents\7_SASPH-6G_Slice-Adaptive_Split-PQC_Handshake\.miktex-local\install\fonts/tfm/public/cm\cmex10.tfm
2026-03-27 14:20:53,489+0800 WARN  xelatex.core - still open: C:\Users\Lenovo\patents\7_SASPH-6G_Slice-Adaptive_Split-PQC_Handshake\.miktex-local\install\fonts/tfm/public/amsfonts/symbols\msbm10.tfm
2026-03-27 14:20:53,808+0800 INFO  xelatex - this process (38236) started by powershell in directory C:\Users\Lenovo\patents\7_SASPH-6G_Slice-Adaptive_Split-PQC_Handshake with command line: C:\Users\Lenovo\AppData\Local\Programs\MiKTeX\miktex\bin\x64\xelatex.exe -interaction=nonstopmode -halt-on-error 检索报告.tex
2026-03-27 14:20:53,809+0800 INFO  xelatex - running on Windows 10.0.26200
2026-03-27 14:20:53,817+0800 WARN  xelatex - security risk: running with elevated privileges
2026-03-27 14:20:53,819+0800 INFO  xelatex - this is MiKTeX-XETEX 4.15.0 (0.999997) (MiKTeX 25.4)
2026-03-27 14:20:53,821+0800 INFO  xelatex - allowing known shell commands
2026-03-27 14:20:54,642+0800 INFO  xelatex.core - start process: miktex-dvipdfmx.exe --miktex-enable-installer -q -E -o 检索报告.pdf
2026-03-27 14:20:55,259+0800 INFO  xelatex - this process (38236) finishes with exit code 0
2026-03-27 14:20:55,260+0800 ERROR xelatex - major issue: So far, you have not checked for MiKTeX updates.
2026-03-27 14:20:55,260+0800 WARN  xelatex.core - still open: C:\Users\Lenovo\patents\7_SASPH-6G_Slice-Adaptive_Split-PQC_Handshake\.miktex-local\install\fonts/tfm/public/cm\cmsy10.tfm
2026-03-27 14:20:55,260+0800 WARN  xelatex.core - still open: C:\Users\Lenovo\patents\7_SASPH-6G_Slice-Adaptive_Split-PQC_Handshake\.miktex-local\install\fonts/tfm/public/cm\cmsy6.tfm
2026-03-27 14:20:55,260+0800 WARN  xelatex.core - still open: C:\Users\Lenovo\patents\7_SASPH-6G_Slice-Adaptive_Split-PQC_Handshake\.miktex-local\install\fonts/tfm/public/cm\cmr8.tfm
2026-03-27 14:20:55,260+0800 WARN  xelatex.core - still open: C:\Users\Lenovo\patents\7_SASPH-6G_Slice-Adaptive_Split-PQC_Handshake\.miktex-local\install\fonts/tfm/public/amsfonts/symbols\msam7.tfm
2026-03-27 14:20:55,260+0800 WARN  xelatex.core - still open: C:\Users\Lenovo\patents\7_SASPH-6G_Slice-Adaptive_Split-PQC_Handshake\.miktex-local\install\fonts/tfm/public/cm\cmmi6.tfm
2026-03-27 14:20:55,260+0800 WARN  xelatex.core - still open: C:\Users\Lenovo\patents\7_SASPH-6G_Slice-Adaptive_Split-PQC_Handshake\.miktex-local\install\fonts/tfm/public/amsfonts/symbols\msbm10.tfm
2026-03-27 14:20:55,260+0800 WARN  xelatex.core - still open: C:\Users\Lenovo\patents\7_SASPH-6G_Slice-Adaptive_Split-PQC_Handshake\.miktex-local\install\fonts/tfm/public/amsfonts/symbols\msam10.tfm
2026-03-27 14:20:55,260+0800 WARN  xelatex.core - still open: C:\Users\Lenovo\patents\7_SASPH-6G_Slice-Adaptive_Split-PQC_Handshake\.miktex-local\install\fonts/tfm/public/amsfonts/symbols\msbm10.tfm
2026-03-27 14:20:55,260+0800 WARN  xelatex.core - still open: C:\Users\Lenovo\patents\7_SASPH-6G_Slice-Adaptive_Split-PQC_Handshake\.miktex-local\install\fonts/tfm/public/amsfonts/cmextra\cmex8.tfm
2026-03-27 14:20:55,261+0800 WARN  xelatex.core - still open: C:\Users\Lenovo\patents\7_SASPH-6G_Slice-Adaptive_Split-PQC_Handshake\.miktex-local\install\fonts/tfm/public/cm\cmmi8.tfm
2026-03-27 14:20:55,261+0800 WARN  xelatex.core - still open: C:\Users\Lenovo\patents\7_SASPH-6G_Slice-Adaptive_Split-PQC_Handshake\.miktex-local\install\fonts/tfm/public/cm\cmr12.tfm
2026-03-27 14:20:55,261+0800 WARN  xelatex.core - still open: C:\Users\Lenovo\patents\7_SASPH-6G_Slice-Adaptive_Split-PQC_Handshake\.miktex-local\install\fonts/tfm/public/amsfonts/symbols\msbm7.tfm
2026-03-27 14:20:55,261+0800 WARN  xelatex.core - still open: C:\Users\Lenovo\patents\7_SASPH-6G_Slice-Adaptive_Split-PQC_Handshake\.miktex-local\install\fonts/tfm/public/cm\cmex10.tfm
2026-03-27 14:20:55,261+0800 WARN  xelatex.core - still open: C:\Users\Lenovo\patents\7_SASPH-6G_Slice-Adaptive_Split-PQC_Handshake\.miktex-local\install\fonts/tfm/public/amsfonts/cmextra\cmex7.tfm
2026-03-27 14:20:55,261+0800 WARN  xelatex.core - still open: C:\Users\Lenovo\patents\7_SASPH-6G_Slice-Adaptive_Split-PQC_Handshake\.miktex-local\install\fonts/tfm/public/cm\cmsy8.tfm
2026-03-27 14:20:55,261+0800 WARN  xelatex.core - still open: C:\Users\Lenovo\patents\7_SASPH-6G_Slice-Adaptive_Split-PQC_Handshake\.miktex-local\install\fonts/tfm/public/amsfonts/symbols\msam10.tfm
2026-03-27 14:20:55,261+0800 WARN  xelatex.core - still open: C:\Users\Lenovo\patents\7_SASPH-6G_Slice-Adaptive_Split-PQC_Handshake\.miktex-local\install\fonts/tfm/public/cm\cmr6.tfm
2026-03-27 14:20:55,261+0800 WARN  xelatex.core - still open: C:\Users\Lenovo\patents\7_SASPH-6G_Slice-Adaptive_Split-PQC_Handshake\.miktex-local\install\fonts/tfm/public/cm\cmmi12.tfm
2026-03-27 14:20:55,261+0800 WARN  xelatex.core - still open: C:\Users\Lenovo\patents\7_SASPH-6G_Slice-Adaptive_Split-PQC_Handshake\.miktex-local\install\fonts/tfm/public/cm\cmex10.tfm
2026-03-27 14:20:55,261+0800 WARN  xelatex.core - still open: C:\Users\Lenovo\patents\7_SASPH-6G_Slice-Adaptive_Split-PQC_Handshake\.miktex-local\install\fonts/tfm/public/amsfonts/symbols\msbm10.tfm
2026-03-27 14:20:55,261+0800 WARN  xelatex.core - still open: C:\Users\Lenovo\patents\7_SASPH-6G_Slice-Adaptive_Split-PQC_Handshake\.miktex-local\install\fonts/tfm/public/cm\cmsy10.tfm
2026-03-27 14:20:55,261+0800 WARN  xelatex.core - still open: C:\Users\Lenovo\patents\7_SASPH-6G_Slice-Adaptive_Split-PQC_Handshake\.miktex-local\install\fonts/tfm/public/cm\cmr10.tfm
2026-03-27 14:20:55,261+0800 WARN  xelatex.core - still open: C:\Users\Lenovo\patents\7_SASPH-6G_Slice-Adaptive_Split-PQC_Handshake\.miktex-local\install\fonts/tfm/public/amsfonts/symbols\msam10.tfm
2026-03-27 14:20:55,261+0800 WARN  xelatex.core - still open: C:\Users\Lenovo\patents\7_SASPH-6G_Slice-Adaptive_Split-PQC_Handshake\.miktex-local\install\fonts/tfm/public/cm\cmmi10.tfm
2026-03-27 14:20:55,261+0800 WARN  xelatex.core - still open: C:\Users\Lenovo\patents\7_SASPH-6G_Slice-Adaptive_Split-PQC_Handshake\.miktex-local\install\fonts/tfm/public/cm\cmr10.tfm
2026-03-27 14:20:55,261+0800 WARN  xelatex.core - still open: C:\Users\Lenovo\patents\7_SASPH-6G_Slice-Adaptive_Split-PQC_Handshake\.miktex-local\install\fonts/tfm/public/cm\cmr10.tfm
2026-03-27 14:20:55,261+0800 WARN  xelatex.core - still open: C:\Users\Lenovo\patents\7_SASPH-6G_Slice-Adaptive_Split-PQC_Handshake\.miktex-local\install\fonts/tfm/public/cm\cmr10.tfm
2026-03-27 14:20:55,261+0800 WARN  xelatex.core - still open: C:\Users\Lenovo\patents\7_SASPH-6G_Slice-Adaptive_Split-PQC_Handshake\.miktex-local\install\fonts/tfm/adobe/zapfding\pzdr.tfm
2026-03-27 14:21:49,794+0800 INFO  xelatex - this process (15552) started by powershell in directory C:\Users\Lenovo\patents\7_SASPH-6G_Slice-Adaptive_Split-PQC_Handshake with command line: C:\Users\Lenovo\AppData\Local\Programs\MiKTeX\miktex\bin\x64\xelatex.exe -interaction=nonstopmode -halt-on-error 交底书.tex
2026-03-27 14:21:49,795+0800 INFO  xelatex - running on Windows 10.0.26200
2026-03-27 14:21:49,802+0800 INFO  xelatex - this process (15552) finishes with exit code 1
2026-03-27 14:21:49,803+0800 ERROR xelatex - major issue: So far, you have not checked for MiKTeX updates.
2026-03-27 15:56:14,384+0800 INFO  xelatex - this process (15484) started by powershell in directory C:\Users\Lenovo\patents\7_SASPH-6G_Slice-Adaptive_Split-PQC_Handshake with command line: C:\Users\Lenovo\AppData\Local\Programs\MiKTeX\miktex\bin\x64\xelatex.exe -interaction=nonstopmode -halt-on-error 权利要求书.tex
2026-03-27 15:56:14,384+0800 INFO  xelatex - running on Windows 10.0.26200
2026-03-27 15:56:14,390+0800 WARN  xelatex - security risk: running with elevated privileges
2026-03-27 15:56:14,392+0800 INFO  xelatex - this is MiKTeX-XETEX 4.15.0 (0.999997) (MiKTeX 25.4)
2026-03-27 15:56:14,431+0800 INFO  xelatex - allowing known shell commands
2026-03-27 15:56:16,914+0800 INFO  xelatex.core - start process: miktex-dvipdfmx.exe --miktex-enable-installer -q -E -o 权利要求书.pdf
2026-03-27 15:56:17,968+0800 INFO  xelatex - this process (15484) finishes with exit code 0
2026-03-27 15:56:17,970+0800 ERROR xelatex - major issue: So far, you have not checked for MiKTeX updates.
2026-03-27 15:56:17,970+0800 WARN  xelatex.core - still open: C:\Users\Lenovo\patents\7_SASPH-6G_Slice-Adaptive_Split-PQC_Handshake\.miktex-local\install\fonts/tfm/public/cm\cmr10.tfm
2026-03-27 15:56:17,971+0800 WARN  xelatex.core - still open: C:\Users\Lenovo\patents\7_SASPH-6G_Slice-Adaptive_Split-PQC_Handshake\.miktex-local\install\fonts/tfm/adobe/zapfding\pzdr.tfm
2026-03-27 15:56:17,971+0800 WARN  xelatex.core - still open: C:\Users\Lenovo\patents\7_SASPH-6G_Slice-Adaptive_Split-PQC_Handshake\.miktex-local\install\fonts/tfm/public/cm\cmr10.tfm
2026-03-27 15:56:17,971+0800 WARN  xelatex.core - still open: C:\Users\Lenovo\patents\7_SASPH-6G_Slice-Adaptive_Split-PQC_Handshake\.miktex-local\install\fonts/tfm/public/cm\cmr10.tfm
2026-03-27 15:56:17,971+0800 WARN  xelatex.core - still open: C:\Users\Lenovo\patents\7_SASPH-6G_Slice-Adaptive_Split-PQC_Handshake\.miktex-local\install\fonts/tfm/public/cm\cmr10.tfm
2026-03-27 15:56:17,971+0800 WARN  xelatex.core - still open: C:\Users\Lenovo\patents\7_SASPH-6G_Slice-Adaptive_Split-PQC_Handshake\.miktex-local\install\fonts/tfm/public/amsfonts/symbols\msam10.tfm
2026-03-27 15:56:17,971+0800 WARN  xelatex.core - still open: C:\Users\Lenovo\patents\7_SASPH-6G_Slice-Adaptive_Split-PQC_Handshake\.miktex-local\install\fonts/tfm/public/amsfonts/symbols\msam10.tfm
2026-03-27 15:56:17,971+0800 WARN  xelatex.core - still open: C:\Users\Lenovo\patents\7_SASPH-6G_Slice-Adaptive_Split-PQC_Handshake\.miktex-local\install\fonts/tfm/public/amsfonts/symbols\msam7.tfm
2026-03-27 15:56:17,971+0800 WARN  xelatex.core - still open: C:\Users\Lenovo\patents\7_SASPH-6G_Slice-Adaptive_Split-PQC_Handshake\.miktex-local\install\fonts/tfm/public/cm\cmmi12.tfm
2026-03-27 15:56:17,971+0800 WARN  xelatex.core - still open: C:\Users\Lenovo\patents\7_SASPH-6G_Slice-Adaptive_Split-PQC_Handshake\.miktex-local\install\fonts/tfm/public/cm\cmmi8.tfm
2026-03-27 15:56:17,971+0800 WARN  xelatex.core - still open: C:\Users\Lenovo\patents\7_SASPH-6G_Slice-Adaptive_Split-PQC_Handshake\.miktex-local\install\fonts/tfm/public/cm\cmmi6.tfm
2026-03-27 15:56:17,971+0800 WARN  xelatex.core - still open: C:\Users\Lenovo\patents\7_SASPH-6G_Slice-Adaptive_Split-PQC_Handshake\.miktex-local\install\fonts/tfm/public/cm\cmsy10.tfm
2026-03-27 15:56:17,971+0800 WARN  xelatex.core - still open: C:\Users\Lenovo\patents\7_SASPH-6G_Slice-Adaptive_Split-PQC_Handshake\.miktex-local\install\fonts/tfm/public/cm\cmsy6.tfm
2026-03-27 15:56:17,971+0800 WARN  xelatex.core - still open: C:\Users\Lenovo\patents\7_SASPH-6G_Slice-Adaptive_Split-PQC_Handshake\.miktex-local\install\fonts/tfm/public/cm\cmex10.tfm
2026-03-27 15:56:17,971+0800 WARN  xelatex.core - still open: C:\Users\Lenovo\patents\7_SASPH-6G_Slice-Adaptive_Split-PQC_Handshake\.miktex-local\install\fonts/tfm/public/amsfonts/cmextra\cmex8.tfm
2026-03-27 15:56:17,971+0800 WARN  xelatex.core - still open: C:\Users\Lenovo\patents\7_SASPH-6G_Slice-Adaptive_Split-PQC_Handshake\.miktex-local\install\fonts/tfm/public/cm\cmsy8.tfm
2026-03-27 15:56:17,971+0800 WARN  xelatex.core - still open: C:\Users\Lenovo\patents\7_SASPH-6G_Slice-Adaptive_Split-PQC_Handshake\.miktex-local\install\fonts/tfm/public/amsfonts/cmextra\cmex7.tfm
2026-03-27 15:56:17,972+0800 WARN  xelatex.core - still open: C:\Users\Lenovo\patents\7_SASPH-6G_Slice-Adaptive_Split-PQC_Handshake\.miktex-local\install\fonts/tfm/public/cm\cmr12.tfm
2026-03-27 15:56:17,972+0800 WARN  xelatex.core - still open: C:\Users\Lenovo\patents\7_SASPH-6G_Slice-Adaptive_Split-PQC_Handshake\.miktex-local\install\fonts/tfm/public/amsfonts/symbols\msbm10.tfm
2026-03-27 15:56:17,972+0800 WARN  xelatex.core - still open: C:\Users\Lenovo\patents\7_SASPH-6G_Slice-Adaptive_Split-PQC_Handshake\.miktex-local\install\fonts/tfm/public/cm\cmr6.tfm
2026-03-27 15:56:17,972+0800 WARN  xelatex.core - still open: C:\Users\Lenovo\patents\7_SASPH-6G_Slice-Adaptive_Split-PQC_Handshake\.miktex-local\install\fonts/tfm/public/amsfonts/symbols\msbm10.tfm
2026-03-27 15:56:17,972+0800 WARN  xelatex.core - still open: C:\Users\Lenovo\patents\7_SASPH-6G_Slice-Adaptive_Split-PQC_Handshake\.miktex-local\install\fonts/tfm/public/cm\cmr8.tfm
2026-03-27 15:56:17,972+0800 WARN  xelatex.core - still open: C:\Users\Lenovo\patents\7_SASPH-6G_Slice-Adaptive_Split-PQC_Handshake\.miktex-local\install\fonts/tfm/public/amsfonts/symbols\msbm7.tfm
2026-03-27 15:56:18,378+0800 INFO  xelatex - this process (14516) started by powershell in directory C:\Users\Lenovo\patents\7_SASPH-6G_Slice-Adaptive_Split-PQC_Handshake with command line: C:\Users\Lenovo\AppData\Local\Programs\MiKTeX\miktex\bin\x64\xelatex.exe -interaction=nonstopmode -halt-on-error 权利要求书.tex
2026-03-27 15:56:18,378+0800 INFO  xelatex - running on Windows 10.0.26200
2026-03-27 15:56:18,389+0800 WARN  xelatex - security risk: running with elevated privileges
2026-03-27 15:56:18,392+0800 INFO  xelatex - this is MiKTeX-XETEX 4.15.0 (0.999997) (MiKTeX 25.4)
2026-03-27 15:56:18,395+0800 INFO  xelatex - allowing known shell commands
2026-03-27 15:56:19,616+0800 INFO  xelatex.core - start process: miktex-dvipdfmx.exe --miktex-enable-installer -q -E -o 权利要求书.pdf
2026-03-27 15:56:20,513+0800 INFO  xelatex - this process (14516) finishes with exit code 0
2026-03-27 15:56:20,514+0800 ERROR xelatex - major issue: So far, you have not checked for MiKTeX updates.
2026-03-27 15:56:20,515+0800 WARN  xelatex.core - still open: C:\Users\Lenovo\patents\7_SASPH-6G_Slice-Adaptive_Split-PQC_Handshake\.miktex-local\install\fonts/tfm/public/cm\cmr10.tfm
2026-03-27 15:56:20,515+0800 WARN  xelatex.core - still open: C:\Users\Lenovo\patents\7_SASPH-6G_Slice-Adaptive_Split-PQC_Handshake\.miktex-local\install\fonts/tfm/public/cm\cmr10.tfm
2026-03-27 15:56:20,515+0800 WARN  xelatex.core - still open: C:\Users\Lenovo\patents\7_SASPH-6G_Slice-Adaptive_Split-PQC_Handshake\.miktex-local\install\fonts/tfm/adobe/zapfding\pzdr.tfm
2026-03-27 15:56:20,515+0800 WARN  xelatex.core - still open: C:\Users\Lenovo\patents\7_SASPH-6G_Slice-Adaptive_Split-PQC_Handshake\.miktex-local\install\fonts/tfm/public/cm\cmr10.tfm
2026-03-27 15:56:20,516+0800 WARN  xelatex.core - still open: C:\Users\Lenovo\patents\7_SASPH-6G_Slice-Adaptive_Split-PQC_Handshake\.miktex-local\install\fonts/tfm/public/cm\cmr10.tfm
2026-03-27 15:56:20,516+0800 WARN  xelatex.core - still open: C:\Users\Lenovo\patents\7_SASPH-6G_Slice-Adaptive_Split-PQC_Handshake\.miktex-local\install\fonts/tfm/public/cm\cmmi8.tfm
2026-03-27 15:56:20,516+0800 WARN  xelatex.core - still open: C:\Users\Lenovo\patents\7_SASPH-6G_Slice-Adaptive_Split-PQC_Handshake\.miktex-local\install\fonts/tfm/public/cm\cmsy6.tfm
2026-03-27 15:56:20,516+0800 WARN  xelatex.core - still open: C:\Users\Lenovo\patents\7_SASPH-6G_Slice-Adaptive_Split-PQC_Handshake\.miktex-local\install\fonts/tfm/public/cm\cmmi6.tfm
2026-03-27 15:56:20,516+0800 WARN  xelatex.core - still open: C:\Users\Lenovo\patents\7_SASPH-6G_Slice-Adaptive_Split-PQC_Handshake\.miktex-local\install\fonts/tfm/public/amsfonts/symbols\msam7.tfm
2026-03-27 15:56:20,516+0800 WARN  xelatex.core - still open: C:\Users\Lenovo\patents\7_SASPH-6G_Slice-Adaptive_Split-PQC_Handshake\.miktex-local\install\fonts/tfm/public/amsfonts/symbols\msbm10.tfm
2026-03-27 15:56:20,516+0800 WARN  xelatex.core - still open: C:\Users\Lenovo\patents\7_SASPH-6G_Slice-Adaptive_Split-PQC_Handshake\.miktex-local\install\fonts/tfm/public/amsfonts/cmextra\cmex8.tfm
2026-03-27 15:56:20,516+0800 WARN  xelatex.core - still open: C:\Users\Lenovo\patents\7_SASPH-6G_Slice-Adaptive_Split-PQC_Handshake\.miktex-local\install\fonts/tfm/public/amsfonts/symbols\msam10.tfm
2026-03-27 15:56:20,516+0800 WARN  xelatex.core - still open: C:\Users\Lenovo\patents\7_SASPH-6G_Slice-Adaptive_Split-PQC_Handshake\.miktex-local\install\fonts/tfm/public/cm\cmsy8.tfm
2026-03-27 15:56:20,516+0800 WARN  xelatex.core - still open: C:\Users\Lenovo\patents\7_SASPH-6G_Slice-Adaptive_Split-PQC_Handshake\.miktex-local\install\fonts/tfm/public/cm\cmmi12.tfm
2026-03-27 15:56:20,516+0800 WARN  xelatex.core - still open: C:\Users\Lenovo\patents\7_SASPH-6G_Slice-Adaptive_Split-PQC_Handshake\.miktex-local\install\fonts/tfm/public/amsfonts/cmextra\cmex7.tfm
2026-03-27 15:56:20,516+0800 WARN  xelatex.core - still open: C:\Users\Lenovo\patents\7_SASPH-6G_Slice-Adaptive_Split-PQC_Handshake\.miktex-local\install\fonts/tfm/public/amsfonts/symbols\msbm7.tfm
2026-03-27 15:56:20,516+0800 WARN  xelatex.core - still open: C:\Users\Lenovo\patents\7_SASPH-6G_Slice-Adaptive_Split-PQC_Handshake\.miktex-local\install\fonts/tfm/public/cm\cmr12.tfm
2026-03-27 15:56:20,516+0800 WARN  xelatex.core - still open: C:\Users\Lenovo\patents\7_SASPH-6G_Slice-Adaptive_Split-PQC_Handshake\.miktex-local\install\fonts/tfm/public/amsfonts/symbols\msam10.tfm
2026-03-27 15:56:20,516+0800 WARN  xelatex.core - still open: C:\Users\Lenovo\patents\7_SASPH-6G_Slice-Adaptive_Split-PQC_Handshake\.miktex-local\install\fonts/tfm/public/cm\cmr8.tfm
2026-03-27 15:56:20,516+0800 WARN  xelatex.core - still open: C:\Users\Lenovo\patents\7_SASPH-6G_Slice-Adaptive_Split-PQC_Handshake\.miktex-local\install\fonts/tfm/public/cm\cmr6.tfm
2026-03-27 15:56:20,516+0800 WARN  xelatex.core - still open: C:\Users\Lenovo\patents\7_SASPH-6G_Slice-Adaptive_Split-PQC_Handshake\.miktex-local\install\fonts/tfm/public/cm\cmsy10.tfm
2026-03-27 15:56:20,516+0800 WARN  xelatex.core - still open: C:\Users\Lenovo\patents\7_SASPH-6G_Slice-Adaptive_Split-PQC_Handshake\.miktex-local\install\fonts/tfm/public/amsfonts/symbols\msbm10.tfm
2026-03-27 15:56:20,517+0800 WARN  xelatex.core - still open: C:\Users\Lenovo\patents\7_SASPH-6G_Slice-Adaptive_Split-PQC_Handshake\.miktex-local\install\fonts/tfm/public/cm\cmex10.tfm
2026-03-27 15:56:20,975+0800 INFO  xelatex - this process (35776) started by powershell in directory C:\Users\Lenovo\patents\7_SASPH-6G_Slice-Adaptive_Split-PQC_Handshake with command line: C:\Users\Lenovo\AppData\Local\Programs\MiKTeX\miktex\bin\x64\xelatex.exe -interaction=nonstopmode -halt-on-error 摘要.tex
2026-03-27 15:56:20,976+0800 INFO  xelatex - running on Windows 10.0.26200
2026-03-27 15:56:20,987+0800 WARN  xelatex - security risk: running with elevated privileges
2026-03-27 15:56:20,989+0800 INFO  xelatex - this is MiKTeX-XETEX 4.15.0 (0.999997) (MiKTeX 25.4)
2026-03-27 15:56:20,993+0800 INFO  xelatex - allowing known shell commands
2026-03-27 15:56:21,876+0800 INFO  xelatex.core - start process: miktex-dvipdfmx.exe --miktex-enable-installer -q -E -o 摘要.pdf
2026-03-27 15:56:22,374+0800 INFO  xelatex - this process (35776) finishes with exit code 0
2026-03-27 15:56:22,375+0800 ERROR xelatex - major issue: So far, you have not checked for MiKTeX updates.
2026-03-27 15:56:22,375+0800 WARN  xelatex.core - still open: C:\Users\Lenovo\patents\7_SASPH-6G_Slice-Adaptive_Split-PQC_Handshake\.miktex-local\install\fonts/tfm/public/cm\cmr10.tfm
2026-03-27 15:56:22,376+0800 WARN  xelatex.core - still open: C:\Users\Lenovo\patents\7_SASPH-6G_Slice-Adaptive_Split-PQC_Handshake\.miktex-local\install\fonts/tfm/public/cm\cmr10.tfm
2026-03-27 15:56:22,376+0800 WARN  xelatex.core - still open: C:\Users\Lenovo\patents\7_SASPH-6G_Slice-Adaptive_Split-PQC_Handshake\.miktex-local\install\fonts/tfm/public/cm\cmr10.tfm
2026-03-27 15:56:22,673+0800 INFO  xelatex - this process (18564) started by powershell in directory C:\Users\Lenovo\patents\7_SASPH-6G_Slice-Adaptive_Split-PQC_Handshake with command line: C:\Users\Lenovo\AppData\Local\Programs\MiKTeX\miktex\bin\x64\xelatex.exe -interaction=nonstopmode -halt-on-error 摘要.tex
2026-03-27 15:56:22,673+0800 INFO  xelatex - running on Windows 10.0.26200
2026-03-27 15:56:22,687+0800 WARN  xelatex - security risk: running with elevated privileges
2026-03-27 15:56:22,691+0800 INFO  xelatex - this is MiKTeX-XETEX 4.15.0 (0.999997) (MiKTeX 25.4)
2026-03-27 15:56:22,694+0800 INFO  xelatex - allowing known shell commands
2026-03-27 15:56:23,777+0800 INFO  xelatex.core - start process: miktex-dvipdfmx.exe --miktex-enable-installer -q -E -o 摘要.pdf
2026-03-27 15:56:24,386+0800 INFO  xelatex - this process (18564) finishes with exit code 0
2026-03-27 15:56:24,387+0800 ERROR xelatex - major issue: So far, you have not checked for MiKTeX updates.
2026-03-27 15:56:24,388+0800 WARN  xelatex.core - still open: C:\Users\Lenovo\patents\7_SASPH-6G_Slice-Adaptive_Split-PQC_Handshake\.miktex-local\install\fonts/tfm/public/cm\cmr10.tfm
2026-03-27 15:56:24,388+0800 WARN  xelatex.core - still open: C:\Users\Lenovo\patents\7_SASPH-6G_Slice-Adaptive_Split-PQC_Handshake\.miktex-local\install\fonts/tfm/public/cm\cmr10.tfm
2026-03-27 15:56:24,388+0800 WARN  xelatex.core - still open: C:\Users\Lenovo\patents\7_SASPH-6G_Slice-Adaptive_Split-PQC_Handshake\.miktex-local\install\fonts/tfm/public/cm\cmr10.tfm
2026-03-27 17:45:11,421+0800 INFO  xelatex - this process (13148) started by powershell in directory C:\Users\Lenovo\patents\7_SASPH-6G_Slice-Adaptive_Split-PQC_Handshake with command line: C:\Users\Lenovo\AppData\Local\Programs\MiKTeX\miktex\bin\x64\xelatex.exe -interaction=nonstopmode -halt-on-error 说明书.tex
2026-03-27 17:45:11,422+0800 INFO  xelatex - running on Windows 10.0.26200
2026-03-27 17:45:11,429+0800 WARN  xelatex - security risk: running with elevated privileges
2026-03-27 17:45:11,431+0800 INFO  xelatex - this is MiKTeX-XETEX 4.15.0 (0.999997) (MiKTeX 25.4)
2026-03-27 17:45:11,435+0800 INFO  xelatex - allowing known shell commands
2026-03-27 17:45:12,256+0800 INFO  xelatex.core - start process: miktex-dvipdfmx.exe --miktex-enable-installer -q -E -o 说明书.pdf
2026-03-27 17:45:13,032+0800 INFO  xelatex - this process (13148) finishes with exit code 0
2026-03-27 17:45:13,034+0800 ERROR xelatex - major issue: So far, you have not checked for MiKTeX updates.
2026-03-27 17:45:13,035+0800 WARN  xelatex.core - still open: C:\Users\Lenovo\patents\7_SASPH-6G_Slice-Adaptive_Split-PQC_Handshake\.miktex-local\install\fonts/tfm/public/cm\cmsy10.tfm
2026-03-27 17:45:13,035+0800 WARN  xelatex.core - still open: C:\Users\Lenovo\patents\7_SASPH-6G_Slice-Adaptive_Split-PQC_Handshake\.miktex-local\install\fonts/tfm/public/cm\cmsy8.tfm
2026-03-27 17:45:13,035+0800 WARN  xelatex.core - still open: C:\Users\Lenovo\patents\7_SASPH-6G_Slice-Adaptive_Split-PQC_Handshake\.miktex-local\install\fonts/tfm/public/cm\cmr10.tfm
2026-03-27 17:45:13,035+0800 WARN  xelatex.core - still open: C:\Users\Lenovo\patents\7_SASPH-6G_Slice-Adaptive_Split-PQC_Handshake\.miktex-local\install\fonts/tfm/public/cm\cmsy6.tfm
2026-03-27 17:45:13,035+0800 WARN  xelatex.core - still open: C:\Users\Lenovo\patents\7_SASPH-6G_Slice-Adaptive_Split-PQC_Handshake\.miktex-local\install\fonts/tfm/public/cm\cmmi8.tfm
2026-03-27 17:45:13,035+0800 WARN  xelatex.core - still open: C:\Users\Lenovo\patents\7_SASPH-6G_Slice-Adaptive_Split-PQC_Handshake\.miktex-local\install\fonts/tfm/public/cm\cmmi6.tfm
2026-03-27 17:45:13,035+0800 WARN  xelatex.core - still open: C:\Users\Lenovo\patents\7_SASPH-6G_Slice-Adaptive_Split-PQC_Handshake\.miktex-local\install\fonts/tfm/public/cm\cmmi12.tfm
2026-03-27 17:45:13,035+0800 WARN  xelatex.core - still open: C:\Users\Lenovo\patents\7_SASPH-6G_Slice-Adaptive_Split-PQC_Handshake\.miktex-local\install\fonts/tfm/public/amsfonts/symbols\msbm10.tfm
2026-03-27 17:45:13,035+0800 WARN  xelatex.core - still open: C:\Users\Lenovo\patents\7_SASPH-6G_Slice-Adaptive_Split-PQC_Handshake\.miktex-local\install\fonts/tfm/public/amsfonts/symbols\msam10.tfm
2026-03-27 17:45:13,035+0800 WARN  xelatex.core - still open: C:\Users\Lenovo\patents\7_SASPH-6G_Slice-Adaptive_Split-PQC_Handshake\.miktex-local\install\fonts/tfm/public/amsfonts/symbols\msbm10.tfm
2026-03-27 17:45:13,035+0800 WARN  xelatex.core - still open: C:\Users\Lenovo\patents\7_SASPH-6G_Slice-Adaptive_Split-PQC_Handshake\.miktex-local\install\fonts/tfm/public/amsfonts/symbols\msam10.tfm
2026-03-27 17:45:13,035+0800 WARN  xelatex.core - still open: C:\Users\Lenovo\patents\7_SASPH-6G_Slice-Adaptive_Split-PQC_Handshake\.miktex-local\install\fonts/tfm/public/amsfonts/symbols\msbm7.tfm
2026-03-27 17:45:13,035+0800 WARN  xelatex.core - still open: C:\Users\Lenovo\patents\7_SASPH-6G_Slice-Adaptive_Split-PQC_Handshake\.miktex-local\install\fonts/tfm/public/cm\cmr12.tfm
2026-03-27 17:45:13,035+0800 WARN  xelatex.core - still open: C:\Users\Lenovo\patents\7_SASPH-6G_Slice-Adaptive_Split-PQC_Handshake\.miktex-local\install\fonts/tfm/public/amsfonts/symbols\msam7.tfm
2026-03-27 17:45:13,036+0800 WARN  xelatex.core - still open: C:\Users\Lenovo\patents\7_SASPH-6G_Slice-Adaptive_Split-PQC_Handshake\.miktex-local\install\fonts/tfm/public/cm\cmr8.tfm
2026-03-27 17:45:13,036+0800 WARN  xelatex.core - still open: C:\Users\Lenovo\patents\7_SASPH-6G_Slice-Adaptive_Split-PQC_Handshake\.miktex-local\install\fonts/tfm/public/cm\cmr6.tfm
2026-03-27 17:45:13,036+0800 WARN  xelatex.core - still open: C:\Users\Lenovo\patents\7_SASPH-6G_Slice-Adaptive_Split-PQC_Handshake\.miktex-local\install\fonts/tfm/public/cm\cmr10.tfm
2026-03-27 17:45:13,036+0800 WARN  xelatex.core - still open: C:\Users\Lenovo\patents\7_SASPH-6G_Slice-Adaptive_Split-PQC_Handshake\.miktex-local\install\fonts/tfm/adobe/zapfding\pzdr.tfm
2026-03-27 17:45:13,036+0800 WARN  xelatex.core - still open: C:\Users\Lenovo\patents\7_SASPH-6G_Slice-Adaptive_Split-PQC_Handshake\.miktex-local\install\fonts/tfm/public/cm\cmr10.tfm
2026-03-27 17:45:13,036+0800 WARN  xelatex.core - still open: C:\Users\Lenovo\patents\7_SASPH-6G_Slice-Adaptive_Split-PQC_Handshake\.miktex-local\install\fonts/tfm/public/amsfonts/cmextra\cmex8.tfm
2026-03-27 17:45:13,036+0800 WARN  xelatex.core - still open: C:\Users\Lenovo\patents\7_SASPH-6G_Slice-Adaptive_Split-PQC_Handshake\.miktex-local\install\fonts/tfm/public/amsfonts/cmextra\cmex7.tfm
2026-03-27 17:45:13,036+0800 WARN  xelatex.core - still open: C:\Users\Lenovo\patents\7_SASPH-6G_Slice-Adaptive_Split-PQC_Handshake\.miktex-local\install\fonts/tfm/public/cm\cmex10.tfm
2026-03-27 17:45:13,346+0800 INFO  xelatex - this process (36968) started by powershell in directory C:\Users\Lenovo\patents\7_SASPH-6G_Slice-Adaptive_Split-PQC_Handshake with command line: C:\Users\Lenovo\AppData\Local\Programs\MiKTeX\miktex\bin\x64\xelatex.exe -interaction=nonstopmode -halt-on-error 说明书.tex
2026-03-27 17:45:13,346+0800 INFO  xelatex - running on Windows 10.0.26200
2026-03-27 17:45:13,355+0800 WARN  xelatex - security risk: running with elevated privileges
2026-03-27 17:45:13,357+0800 INFO  xelatex - this is MiKTeX-XETEX 4.15.0 (0.999997) (MiKTeX 25.4)
2026-03-27 17:45:13,360+0800 INFO  xelatex - allowing known shell commands
2026-03-27 17:45:14,159+0800 INFO  xelatex.core - start process: miktex-dvipdfmx.exe --miktex-enable-installer -q -E -o 说明书.pdf
2026-03-27 17:45:14,888+0800 INFO  xelatex - this process (36968) finishes with exit code 0
2026-03-27 17:45:14,889+0800 ERROR xelatex - major issue: So far, you have not checked for MiKTeX updates.
2026-03-27 17:45:14,890+0800 WARN  xelatex.core - still open: C:\Users\Lenovo\patents\7_SASPH-6G_Slice-Adaptive_Split-PQC_Handshake\.miktex-local\install\fonts/tfm/public/cm\cmr10.tfm
2026-03-27 17:45:14,890+0800 WARN  xelatex.core - still open: C:\Users\Lenovo\patents\7_SASPH-6G_Slice-Adaptive_Split-PQC_Handshake\.miktex-local\install\fonts/tfm/public/cm\cmsy6.tfm
2026-03-27 17:45:14,890+0800 WARN  xelatex.core - still open: C:\Users\Lenovo\patents\7_SASPH-6G_Slice-Adaptive_Split-PQC_Handshake\.miktex-local\install\fonts/tfm/public/amsfonts/cmextra\cmex8.tfm
2026-03-27 17:45:14,890+0800 WARN  xelatex.core - still open: C:\Users\Lenovo\patents\7_SASPH-6G_Slice-Adaptive_Split-PQC_Handshake\.miktex-local\install\fonts/tfm/public/cm\cmmi6.tfm
2026-03-27 17:45:14,890+0800 WARN  xelatex.core - still open: C:\Users\Lenovo\patents\7_SASPH-6G_Slice-Adaptive_Split-PQC_Handshake\.miktex-local\install\fonts/tfm/public/cm\cmsy10.tfm
2026-03-27 17:45:14,890+0800 WARN  xelatex.core - still open: C:\Users\Lenovo\patents\7_SASPH-6G_Slice-Adaptive_Split-PQC_Handshake\.miktex-local\install\fonts/tfm/public/amsfonts/cmextra\cmex7.tfm
2026-03-27 17:45:14,890+0800 WARN  xelatex.core - still open: C:\Users\Lenovo\patents\7_SASPH-6G_Slice-Adaptive_Split-PQC_Handshake\.miktex-local\install\fonts/tfm/public/cm\cmr10.tfm
2026-03-27 17:45:14,890+0800 WARN  xelatex.core - still open: C:\Users\Lenovo\patents\7_SASPH-6G_Slice-Adaptive_Split-PQC_Handshake\.miktex-local\install\fonts/tfm/public/amsfonts/symbols\msam10.tfm
2026-03-27 17:45:14,890+0800 WARN  xelatex.core - still open: C:\Users\Lenovo\patents\7_SASPH-6G_Slice-Adaptive_Split-PQC_Handshake\.miktex-local\install\fonts/tfm/public/cm\cmr12.tfm
2026-03-27 17:45:14,890+0800 WARN  xelatex.core - still open: C:\Users\Lenovo\patents\7_SASPH-6G_Slice-Adaptive_Split-PQC_Handshake\.miktex-local\install\fonts/tfm/public/cm\cmr6.tfm
2026-03-27 17:45:14,890+0800 WARN  xelatex.core - still open: C:\Users\Lenovo\patents\7_SASPH-6G_Slice-Adaptive_Split-PQC_Handshake\.miktex-local\install\fonts/tfm/public/amsfonts/symbols\msbm7.tfm
2026-03-27 17:45:14,890+0800 WARN  xelatex.core - still open: C:\Users\Lenovo\patents\7_SASPH-6G_Slice-Adaptive_Split-PQC_Handshake\.miktex-local\install\fonts/tfm/public/amsfonts/symbols\msam10.tfm
2026-03-27 17:45:14,890+0800 WARN  xelatex.core - still open: C:\Users\Lenovo\patents\7_SASPH-6G_Slice-Adaptive_Split-PQC_Handshake\.miktex-local\install\fonts/tfm/public/amsfonts/symbols\msam7.tfm
2026-03-27 17:45:14,890+0800 WARN  xelatex.core - still open: C:\Users\Lenovo\patents\7_SASPH-6G_Slice-Adaptive_Split-PQC_Handshake\.miktex-local\install\fonts/tfm/public/amsfonts/symbols\msbm10.tfm
2026-03-27 17:45:14,890+0800 WARN  xelatex.core - still open: C:\Users\Lenovo\patents\7_SASPH-6G_Slice-Adaptive_Split-PQC_Handshake\.miktex-local\install\fonts/tfm/public/cm\cmr8.tfm
2026-03-27 17:45:14,890+0800 WARN  xelatex.core - still open: C:\Users\Lenovo\patents\7_SASPH-6G_Slice-Adaptive_Split-PQC_Handshake\.miktex-local\install\fonts/tfm/public/amsfonts/symbols\msbm10.tfm
2026-03-27 17:45:14,890+0800 WARN  xelatex.core - still open: C:\Users\Lenovo\patents\7_SASPH-6G_Slice-Adaptive_Split-PQC_Handshake\.miktex-local\install\fonts/tfm/adobe/zapfding\pzdr.tfm
2026-03-27 17:45:14,890+0800 WARN  xelatex.core - still open: C:\Users\Lenovo\patents\7_SASPH-6G_Slice-Adaptive_Split-PQC_Handshake\.miktex-local\install\fonts/tfm/public/cm\cmr10.tfm
2026-03-27 17:45:14,890+0800 WARN  xelatex.core - still open: C:\Users\Lenovo\patents\7_SASPH-6G_Slice-Adaptive_Split-PQC_Handshake\.miktex-local\install\fonts/tfm/public/cm\cmmi12.tfm
2026-03-27 17:45:14,890+0800 WARN  xelatex.core - still open: C:\Users\Lenovo\patents\7_SASPH-6G_Slice-Adaptive_Split-PQC_Handshake\.miktex-local\install\fonts/tfm/public/cm\cmmi8.tfm
2026-03-27 17:45:14,891+0800 WARN  xelatex.core - still open: C:\Users\Lenovo\patents\7_SASPH-6G_Slice-Adaptive_Split-PQC_Handshake\.miktex-local\install\fonts/tfm/public/cm\cmsy8.tfm
2026-03-27 17:45:14,891+0800 WARN  xelatex.core - still open: C:\Users\Lenovo\patents\7_SASPH-6G_Slice-Adaptive_Split-PQC_Handshake\.miktex-local\install\fonts/tfm/public/cm\cmex10.tfm
2026-03-28 14:30:20,480+0800 INFO  xelatex - this process (26096) started by powershell in directory C:\Users\Lenovo\patents\7_SASPH-6G_Slice-Adaptive_Split-PQC_Handshake with command line: C:\Users\Lenovo\AppData\Local\Programs\MiKTeX\miktex\bin\x64\xelatex.exe -interaction=nonstopmode -halt-on-error 交底书.tex
2026-03-28 14:30:20,480+0800 INFO  xelatex - running on Windows 10.0.26200
2026-03-28 14:30:20,490+0800 WARN  xelatex - security risk: running with elevated privileges
2026-03-28 14:30:20,494+0800 INFO  xelatex - this is MiKTeX-XETEX 4.15.0 (0.999997) (MiKTeX 25.4)
2026-03-28 14:30:20,501+0800 INFO  xelatex - allowing known shell commands
2026-03-28 14:30:22,375+0800 INFO  xelatex.core - start process: miktex-dvipdfmx.exe --miktex-enable-installer -q -E -o 交底书.pdf
2026-03-28 14:30:23,267+0800 INFO  xelatex - this process (26096) finishes with exit code 0
2026-03-28 14:30:23,268+0800 ERROR xelatex - major issue: So far, you have not checked for MiKTeX updates.
2026-03-28 14:30:23,269+0800 WARN  xelatex.core - still open: C:\Users\Lenovo\patents\7_SASPH-6G_Slice-Adaptive_Split-PQC_Handshake\.miktex-local\install\fonts/tfm/public/cm\cmr10.tfm
2026-03-28 14:30:23,269+0800 WARN  xelatex.core - still open: C:\Users\Lenovo\patents\7_SASPH-6G_Slice-Adaptive_Split-PQC_Handshake\.miktex-local\install\fonts/tfm/public/cm\cmr10.tfm
2026-03-28 14:30:23,269+0800 WARN  xelatex.core - still open: C:\Users\Lenovo\patents\7_SASPH-6G_Slice-Adaptive_Split-PQC_Handshake\.miktex-local\install\fonts/tfm/public/cm\cmr10.tfm
2026-03-28 14:30:23,269+0800 WARN  xelatex.core - still open: C:\Users\Lenovo\patents\7_SASPH-6G_Slice-Adaptive_Split-PQC_Handshake\.miktex-local\install\fonts/tfm/adobe/zapfding\pzdr.tfm
2026-03-28 14:30:23,269+0800 WARN  xelatex.core - still open: C:\Users\Lenovo\patents\7_SASPH-6G_Slice-Adaptive_Split-PQC_Handshake\.miktex-local\install\fonts/tfm/public/cm\cmr10.tfm
2026-03-28 14:30:23,269+0800 WARN  xelatex.core - still open: C:\Users\Lenovo\patents\7_SASPH-6G_Slice-Adaptive_Split-PQC_Handshake\.miktex-local\install\fonts/tfm/public/amsfonts/symbols\msbm10.tfm
2026-03-28 14:30:23,269+0800 WARN  xelatex.core - still open: C:\Users\Lenovo\patents\7_SASPH-6G_Slice-Adaptive_Split-PQC_Handshake\.miktex-local\install\fonts/tfm/public/amsfonts/symbols\msbm7.tfm
2026-03-28 14:30:23,269+0800 WARN  xelatex.core - still open: C:\Users\Lenovo\patents\7_SASPH-6G_Slice-Adaptive_Split-PQC_Handshake\.miktex-local\install\fonts/tfm/public/amsfonts/cmextra\cmex7.tfm
2026-03-28 14:30:23,269+0800 WARN  xelatex.core - still open: C:\Users\Lenovo\patents\7_SASPH-6G_Slice-Adaptive_Split-PQC_Handshake\.miktex-local\install\fonts/tfm/public/cm\cmsy8.tfm
2026-03-28 14:30:23,269+0800 WARN  xelatex.core - still open: C:\Users\Lenovo\patents\7_SASPH-6G_Slice-Adaptive_Split-PQC_Handshake\.miktex-local\install\fonts/tfm/public/cm\cmsy6.tfm
2026-03-28 14:30:23,269+0800 WARN  xelatex.core - still open: C:\Users\Lenovo\patents\7_SASPH-6G_Slice-Adaptive_Split-PQC_Handshake\.miktex-local\install\fonts/tfm/public/amsfonts/symbols\msam10.tfm
2026-03-28 14:30:23,269+0800 WARN  xelatex.core - still open: C:\Users\Lenovo\patents\7_SASPH-6G_Slice-Adaptive_Split-PQC_Handshake\.miktex-local\install\fonts/tfm/public/amsfonts/symbols\msam7.tfm
2026-03-28 14:30:23,269+0800 WARN  xelatex.core - still open: C:\Users\Lenovo\patents\7_SASPH-6G_Slice-Adaptive_Split-PQC_Handshake\.miktex-local\install\fonts/tfm/public/amsfonts/symbols\msam10.tfm
2026-03-28 14:30:23,269+0800 WARN  xelatex.core - still open: C:\Users\Lenovo\patents\7_SASPH-6G_Slice-Adaptive_Split-PQC_Handshake\.miktex-local\install\fonts/tfm/public/cm\cmr12.tfm
2026-03-28 14:30:23,269+0800 WARN  xelatex.core - still open: C:\Users\Lenovo\patents\7_SASPH-6G_Slice-Adaptive_Split-PQC_Handshake\.miktex-local\install\fonts/tfm/public/amsfonts/cmextra\cmex8.tfm
2026-03-28 14:30:23,269+0800 WARN  xelatex.core - still open: C:\Users\Lenovo\patents\7_SASPH-6G_Slice-Adaptive_Split-PQC_Handshake\.miktex-local\install\fonts/tfm/public/amsfonts/symbols\msbm10.tfm
2026-03-28 14:30:23,269+0800 WARN  xelatex.core - still open: C:\Users\Lenovo\patents\7_SASPH-6G_Slice-Adaptive_Split-PQC_Handshake\.miktex-local\install\fonts/tfm/public/cm\cmr8.tfm
2026-03-28 14:30:23,270+0800 WARN  xelatex.core - still open: C:\Users\Lenovo\patents\7_SASPH-6G_Slice-Adaptive_Split-PQC_Handshake\.miktex-local\install\fonts/tfm/public/cm\cmr6.tfm
2026-03-28 14:30:23,270+0800 WARN  xelatex.core - still open: C:\Users\Lenovo\patents\7_SASPH-6G_Slice-Adaptive_Split-PQC_Handshake\.miktex-local\install\fonts/tfm/public/cm\cmsy10.tfm
2026-03-28 14:30:23,270+0800 WARN  xelatex.core - still open: C:\Users\Lenovo\patents\7_SASPH-6G_Slice-Adaptive_Split-PQC_Handshake\.miktex-local\install\fonts/tfm/public/cm\cmmi8.tfm
2026-03-28 14:30:23,270+0800 WARN  xelatex.core - still open: C:\Users\Lenovo\patents\7_SASPH-6G_Slice-Adaptive_Split-PQC_Handshake\.miktex-local\install\fonts/tfm/public/cm\cmmi6.tfm
2026-03-28 14:30:23,270+0800 WARN  xelatex.core - still open: C:\Users\Lenovo\patents\7_SASPH-6G_Slice-Adaptive_Split-PQC_Handshake\.miktex-local\install\fonts/tfm/public/cm\cmmi12.tfm
2026-03-28 14:30:23,270+0800 WARN  xelatex.core - still open: C:\Users\Lenovo\patents\7_SASPH-6G_Slice-Adaptive_Split-PQC_Handshake\.miktex-local\install\fonts/tfm/public/cm\cmex10.tfm
2026-03-28 14:30:23,622+0800 INFO  xelatex - this process (38916) started by powershell in directory C:\Users\Lenovo\patents\7_SASPH-6G_Slice-Adaptive_Split-PQC_Handshake with command line: C:\Users\Lenovo\AppData\Local\Programs\MiKTeX\miktex\bin\x64\xelatex.exe -interaction=nonstopmode -halt-on-error 交底书.tex
2026-03-28 14:30:23,622+0800 INFO  xelatex - running on Windows 10.0.26200
2026-03-28 14:30:23,629+0800 WARN  xelatex - security risk: running with elevated privileges
2026-03-28 14:30:23,631+0800 INFO  xelatex - this is MiKTeX-XETEX 4.15.0 (0.999997) (MiKTeX 25.4)
2026-03-28 14:30:23,633+0800 INFO  xelatex - allowing known shell commands
2026-03-28 14:30:24,477+0800 INFO  xelatex.core - start process: miktex-dvipdfmx.exe --miktex-enable-installer -q -E -o 交底书.pdf
2026-03-28 14:30:25,231+0800 INFO  xelatex - this process (38916) finishes with exit code 0
2026-03-28 14:30:25,232+0800 ERROR xelatex - major issue: So far, you have not checked for MiKTeX updates.
2026-03-28 14:30:25,233+0800 WARN  xelatex.core - still open: C:\Users\Lenovo\patents\7_SASPH-6G_Slice-Adaptive_Split-PQC_Handshake\.miktex-local\install\fonts/tfm/public/cm\cmr10.tfm
2026-03-28 14:30:25,233+0800 WARN  xelatex.core - still open: C:\Users\Lenovo\patents\7_SASPH-6G_Slice-Adaptive_Split-PQC_Handshake\.miktex-local\install\fonts/tfm/public/cm\cmr10.tfm
2026-03-28 14:30:25,234+0800 WARN  xelatex.core - still open: C:\Users\Lenovo\patents\7_SASPH-6G_Slice-Adaptive_Split-PQC_Handshake\.miktex-local\install\fonts/tfm/adobe/zapfding\pzdr.tfm
2026-03-28 14:30:25,234+0800 WARN  xelatex.core - still open: C:\Users\Lenovo\patents\7_SASPH-6G_Slice-Adaptive_Split-PQC_Handshake\.miktex-local\install\fonts/tfm/public/cm\cmr10.tfm
2026-03-28 14:30:25,234+0800 WARN  xelatex.core - still open: C:\Users\Lenovo\patents\7_SASPH-6G_Slice-Adaptive_Split-PQC_Handshake\.miktex-local\install\fonts/tfm/public/cm\cmr10.tfm
2026-03-28 14:30:25,234+0800 WARN  xelatex.core - still open: C:\Users\Lenovo\patents\7_SASPH-6G_Slice-Adaptive_Split-PQC_Handshake\.miktex-local\install\fonts/tfm/public/cm\cmmi8.tfm
2026-03-28 14:30:25,234+0800 WARN  xelatex.core - still open: C:\Users\Lenovo\patents\7_SASPH-6G_Slice-Adaptive_Split-PQC_Handshake\.miktex-local\install\fonts/tfm/public/cm\cmmi6.tfm
2026-03-28 14:30:25,234+0800 WARN  xelatex.core - still open: C:\Users\Lenovo\patents\7_SASPH-6G_Slice-Adaptive_Split-PQC_Handshake\.miktex-local\install\fonts/tfm/public/cm\cmsy10.tfm
2026-03-28 14:30:25,234+0800 WARN  xelatex.core - still open: C:\Users\Lenovo\patents\7_SASPH-6G_Slice-Adaptive_Split-PQC_Handshake\.miktex-local\install\fonts/tfm/public/cm\cmsy6.tfm
2026-03-28 14:30:25,234+0800 WARN  xelatex.core - still open: C:\Users\Lenovo\patents\7_SASPH-6G_Slice-Adaptive_Split-PQC_Handshake\.miktex-local\install\fonts/tfm/public/cm\cmsy8.tfm
2026-03-28 14:30:25,235+0800 WARN  xelatex.core - still open: C:\Users\Lenovo\patents\7_SASPH-6G_Slice-Adaptive_Split-PQC_Handshake\.miktex-local\install\fonts/tfm/public/cm\cmex10.tfm
2026-03-28 14:30:25,235+0800 WARN  xelatex.core - still open: C:\Users\Lenovo\patents\7_SASPH-6G_Slice-Adaptive_Split-PQC_Handshake\.miktex-local\install\fonts/tfm/public/amsfonts/cmextra\cmex8.tfm
2026-03-28 14:30:25,235+0800 WARN  xelatex.core - still open: C:\Users\Lenovo\patents\7_SASPH-6G_Slice-Adaptive_Split-PQC_Handshake\.miktex-local\install\fonts/tfm/public/amsfonts/cmextra\cmex7.tfm
2026-03-28 14:30:25,235+0800 WARN  xelatex.core - still open: C:\Users\Lenovo\patents\7_SASPH-6G_Slice-Adaptive_Split-PQC_Handshake\.miktex-local\install\fonts/tfm/public/amsfonts/symbols\msam10.tfm
2026-03-28 14:30:25,235+0800 WARN  xelatex.core - still open: C:\Users\Lenovo\patents\7_SASPH-6G_Slice-Adaptive_Split-PQC_Handshake\.miktex-local\install\fonts/tfm/public/amsfonts/symbols\msam10.tfm
2026-03-28 14:30:25,235+0800 WARN  xelatex.core - still open: C:\Users\Lenovo\patents\7_SASPH-6G_Slice-Adaptive_Split-PQC_Handshake\.miktex-local\install\fonts/tfm/public/amsfonts/symbols\msam7.tfm
2026-03-28 14:30:25,235+0800 WARN  xelatex.core - still open: C:\Users\Lenovo\patents\7_SASPH-6G_Slice-Adaptive_Split-PQC_Handshake\.miktex-local\install\fonts/tfm/public/cm\cmmi12.tfm
2026-03-28 14:30:25,235+0800 WARN  xelatex.core - still open: C:\Users\Lenovo\patents\7_SASPH-6G_Slice-Adaptive_Split-PQC_Handshake\.miktex-local\install\fonts/tfm/public/amsfonts/symbols\msbm10.tfm
2026-03-28 14:30:25,235+0800 WARN  xelatex.core - still open: C:\Users\Lenovo\patents\7_SASPH-6G_Slice-Adaptive_Split-PQC_Handshake\.miktex-local\install\fonts/tfm/public/amsfonts/symbols\msbm10.tfm
2026-03-28 14:30:25,235+0800 WARN  xelatex.core - still open: C:\Users\Lenovo\patents\7_SASPH-6G_Slice-Adaptive_Split-PQC_Handshake\.miktex-local\install\fonts/tfm/public/amsfonts/symbols\msbm7.tfm
2026-03-28 14:30:25,236+0800 WARN  xelatex.core - still open: C:\Users\Lenovo\patents\7_SASPH-6G_Slice-Adaptive_Split-PQC_Handshake\.miktex-local\install\fonts/tfm/public/cm\cmr8.tfm
2026-03-28 14:30:25,236+0800 WARN  xelatex.core - still open: C:\Users\Lenovo\patents\7_SASPH-6G_Slice-Adaptive_Split-PQC_Handshake\.miktex-local\install\fonts/tfm/public/cm\cmr6.tfm
2026-03-28 14:30:25,236+0800 WARN  xelatex.core - still open: C:\Users\Lenovo\patents\7_SASPH-6G_Slice-Adaptive_Split-PQC_Handshake\.miktex-local\install\fonts/tfm/public/cm\cmr12.tfm
2026-03-28 14:30:25,534+0800 INFO  xelatex - this process (24944) started by powershell in directory C:\Users\Lenovo\patents\7_SASPH-6G_Slice-Adaptive_Split-PQC_Handshake with command line: C:\Users\Lenovo\AppData\Local\Programs\MiKTeX\miktex\bin\x64\xelatex.exe -interaction=nonstopmode -halt-on-error 检索报告.tex
2026-03-28 14:30:25,534+0800 INFO  xelatex - running on Windows 10.0.26200
2026-03-28 14:30:25,543+0800 WARN  xelatex - security risk: running with elevated privileges
2026-03-28 14:30:25,545+0800 INFO  xelatex - this is MiKTeX-XETEX 4.15.0 (0.999997) (MiKTeX 25.4)
2026-03-28 14:30:25,547+0800 INFO  xelatex - allowing known shell commands
2026-03-28 14:30:26,594+0800 INFO  xelatex.core - start process: miktex-dvipdfmx.exe --miktex-enable-installer -q -E -o 检索报告.pdf
2026-03-28 14:30:27,447+0800 INFO  xelatex - this process (24944) finishes with exit code 0
2026-03-28 14:30:27,448+0800 ERROR xelatex - major issue: So far, you have not checked for MiKTeX updates.
2026-03-28 14:30:27,449+0800 WARN  xelatex.core - still open: C:\Users\Lenovo\patents\7_SASPH-6G_Slice-Adaptive_Split-PQC_Handshake\.miktex-local\install\fonts/tfm/public/cm\cmr10.tfm
2026-03-28 14:30:27,449+0800 WARN  xelatex.core - still open: C:\Users\Lenovo\patents\7_SASPH-6G_Slice-Adaptive_Split-PQC_Handshake\.miktex-local\install\fonts/tfm/public/cm\cmr10.tfm
2026-03-28 14:30:27,449+0800 WARN  xelatex.core - still open: C:\Users\Lenovo\patents\7_SASPH-6G_Slice-Adaptive_Split-PQC_Handshake\.miktex-local\install\fonts/tfm/public/cm\cmr10.tfm
2026-03-28 14:30:27,449+0800 WARN  xelatex.core - still open: C:\Users\Lenovo\patents\7_SASPH-6G_Slice-Adaptive_Split-PQC_Handshake\.miktex-local\install\fonts/tfm/public/cm\cmr10.tfm
2026-03-28 14:30:27,449+0800 WARN  xelatex.core - still open: C:\Users\Lenovo\patents\7_SASPH-6G_Slice-Adaptive_Split-PQC_Handshake\.miktex-local\install\fonts/tfm/adobe/zapfding\pzdr.tfm
2026-03-28 14:30:27,449+0800 WARN  xelatex.core - still open: C:\Users\Lenovo\patents\7_SASPH-6G_Slice-Adaptive_Split-PQC_Handshake\.miktex-local\install\fonts/tfm/public/cm\cmr6.tfm
2026-03-28 14:30:27,450+0800 WARN  xelatex.core - still open: C:\Users\Lenovo\patents\7_SASPH-6G_Slice-Adaptive_Split-PQC_Handshake\.miktex-local\install\fonts/tfm/public/amsfonts/symbols\msam10.tfm
2026-03-28 14:30:27,450+0800 WARN  xelatex.core - still open: C:\Users\Lenovo\patents\7_SASPH-6G_Slice-Adaptive_Split-PQC_Handshake\.miktex-local\install\fonts/tfm/public/cm\cmex10.tfm
2026-03-28 14:30:27,450+0800 WARN  xelatex.core - still open: C:\Users\Lenovo\patents\7_SASPH-6G_Slice-Adaptive_Split-PQC_Handshake\.miktex-local\install\fonts/tfm/public/cm\cmmi8.tfm
2026-03-28 14:30:27,450+0800 WARN  xelatex.core - still open: C:\Users\Lenovo\patents\7_SASPH-6G_Slice-Adaptive_Split-PQC_Handshake\.miktex-local\install\fonts/tfm/public/cm\cmsy6.tfm
2026-03-28 14:30:27,450+0800 WARN  xelatex.core - still open: C:\Users\Lenovo\patents\7_SASPH-6G_Slice-Adaptive_Split-PQC_Handshake\.miktex-local\install\fonts/tfm/public/cm\cmsy8.tfm
2026-03-28 14:30:27,450+0800 WARN  xelatex.core - still open: C:\Users\Lenovo\patents\7_SASPH-6G_Slice-Adaptive_Split-PQC_Handshake\.miktex-local\install\fonts/tfm/public/cm\cmsy10.tfm
2026-03-28 14:30:27,450+0800 WARN  xelatex.core - still open: C:\Users\Lenovo\patents\7_SASPH-6G_Slice-Adaptive_Split-PQC_Handshake\.miktex-local\install\fonts/tfm/public/amsfonts/cmextra\cmex8.tfm
2026-03-28 14:30:27,450+0800 WARN  xelatex.core - still open: C:\Users\Lenovo\patents\7_SASPH-6G_Slice-Adaptive_Split-PQC_Handshake\.miktex-local\install\fonts/tfm/public/amsfonts/cmextra\cmex7.tfm
2026-03-28 14:30:27,450+0800 WARN  xelatex.core - still open: C:\Users\Lenovo\patents\7_SASPH-6G_Slice-Adaptive_Split-PQC_Handshake\.miktex-local\install\fonts/tfm/public/cm\cmmi6.tfm
2026-03-28 14:30:27,450+0800 WARN  xelatex.core - still open: C:\Users\Lenovo\patents\7_SASPH-6G_Slice-Adaptive_Split-PQC_Handshake\.miktex-local\install\fonts/tfm/public/amsfonts/symbols\msam7.tfm
2026-03-28 14:30:27,450+0800 WARN  xelatex.core - still open: C:\Users\Lenovo\patents\7_SASPH-6G_Slice-Adaptive_Split-PQC_Handshake\.miktex-local\install\fonts/tfm/public/amsfonts/symbols\msbm10.tfm
2026-03-28 14:30:27,450+0800 WARN  xelatex.core - still open: C:\Users\Lenovo\patents\7_SASPH-6G_Slice-Adaptive_Split-PQC_Handshake\.miktex-local\install\fonts/tfm/public/amsfonts/symbols\msbm10.tfm
2026-03-28 14:30:27,450+0800 WARN  xelatex.core - still open: C:\Users\Lenovo\patents\7_SASPH-6G_Slice-Adaptive_Split-PQC_Handshake\.miktex-local\install\fonts/tfm/public/amsfonts/symbols\msbm7.tfm
2026-03-28 14:30:27,451+0800 WARN  xelatex.core - still open: C:\Users\Lenovo\patents\7_SASPH-6G_Slice-Adaptive_Split-PQC_Handshake\.miktex-local\install\fonts/tfm/public/cm\cmr12.tfm
2026-03-28 14:30:27,451+0800 WARN  xelatex.core - still open: C:\Users\Lenovo\patents\7_SASPH-6G_Slice-Adaptive_Split-PQC_Handshake\.miktex-local\install\fonts/tfm/public/cm\cmr8.tfm
2026-03-28 14:30:27,451+0800 WARN  xelatex.core - still open: C:\Users\Lenovo\patents\7_SASPH-6G_Slice-Adaptive_Split-PQC_Handshake\.miktex-local\install\fonts/tfm/public/cm\cmmi12.tfm
2026-03-28 14:30:27,451+0800 WARN  xelatex.core - still open: C:\Users\Lenovo\patents\7_SASPH-6G_Slice-Adaptive_Split-PQC_Handshake\.miktex-local\install\fonts/tfm/public/amsfonts/symbols\msam10.tfm
2026-03-28 14:30:27,451+0800 WARN  xelatex.core - still open: C:\Users\Lenovo\patents\7_SASPH-6G_Slice-Adaptive_Split-PQC_Handshake\.miktex-local\install\fonts/tfm/public/cm\cmsy10.tfm
2026-03-28 14:30:27,451+0800 WARN  xelatex.core - still open: C:\Users\Lenovo\patents\7_SASPH-6G_Slice-Adaptive_Split-PQC_Handshake\.miktex-local\install\fonts/tfm/public/cm\cmmi10.tfm
2026-03-28 14:30:27,451+0800 WARN  xelatex.core - still open: C:\Users\Lenovo\patents\7_SASPH-6G_Slice-Adaptive_Split-PQC_Handshake\.miktex-local\install\fonts/tfm/public/amsfonts/symbols\msam10.tfm
2026-03-28 14:30:27,451+0800 WARN  xelatex.core - still open: C:\Users\Lenovo\patents\7_SASPH-6G_Slice-Adaptive_Split-PQC_Handshake\.miktex-local\install\fonts/tfm/public/cm\cmex10.tfm
2026-03-28 14:30:27,451+0800 WARN  xelatex.core - still open: C:\Users\Lenovo\patents\7_SASPH-6G_Slice-Adaptive_Split-PQC_Handshake\.miktex-local\install\fonts/tfm/public/amsfonts/symbols\msbm10.tfm
2026-03-28 14:30:27,757+0800 INFO  xelatex - this process (37676) started by powershell in directory C:\Users\Lenovo\patents\7_SASPH-6G_Slice-Adaptive_Split-PQC_Handshake with command line: C:\Users\Lenovo\AppData\Local\Programs\MiKTeX\miktex\bin\x64\xelatex.exe -interaction=nonstopmode -halt-on-error 检索报告.tex
2026-03-28 14:30:27,758+0800 INFO  xelatex - running on Windows 10.0.26200
2026-03-28 14:30:27,771+0800 WARN  xelatex - security risk: running with elevated privileges
2026-03-28 14:30:27,772+0800 INFO  xelatex - this is MiKTeX-XETEX 4.15.0 (0.999997) (MiKTeX 25.4)
2026-03-28 14:30:27,774+0800 INFO  xelatex - allowing known shell commands
2026-03-28 14:30:28,650+0800 INFO  xelatex.core - start process: miktex-dvipdfmx.exe --miktex-enable-installer -q -E -o 检索报告.pdf
2026-03-28 14:30:29,425+0800 INFO  xelatex - this process (37676) finishes with exit code 0
2026-03-28 14:30:29,427+0800 ERROR xelatex - major issue: So far, you have not checked for MiKTeX updates.
2026-03-28 14:30:29,429+0800 WARN  xelatex.core - still open: C:\Users\Lenovo\patents\7_SASPH-6G_Slice-Adaptive_Split-PQC_Handshake\.miktex-local\install\fonts/tfm/public/cm\cmr10.tfm
2026-03-28 14:30:29,429+0800 WARN  xelatex.core - still open: C:\Users\Lenovo\patents\7_SASPH-6G_Slice-Adaptive_Split-PQC_Handshake\.miktex-local\install\fonts/tfm/public/cm\cmr10.tfm
2026-03-28 14:30:29,429+0800 WARN  xelatex.core - still open: C:\Users\Lenovo\patents\7_SASPH-6G_Slice-Adaptive_Split-PQC_Handshake\.miktex-local\install\fonts/tfm/adobe/zapfding\pzdr.tfm
2026-03-28 14:30:29,429+0800 WARN  xelatex.core - still open: C:\Users\Lenovo\patents\7_SASPH-6G_Slice-Adaptive_Split-PQC_Handshake\.miktex-local\install\fonts/tfm/public/cm\cmr10.tfm
2026-03-28 14:30:29,429+0800 WARN  xelatex.core - still open: C:\Users\Lenovo\patents\7_SASPH-6G_Slice-Adaptive_Split-PQC_Handshake\.miktex-local\install\fonts/tfm/public/cm\cmmi12.tfm
2026-03-28 14:30:29,429+0800 WARN  xelatex.core - still open: C:\Users\Lenovo\patents\7_SASPH-6G_Slice-Adaptive_Split-PQC_Handshake\.miktex-local\install\fonts/tfm/public/cm\cmsy6.tfm
2026-03-28 14:30:29,429+0800 WARN  xelatex.core - still open: C:\Users\Lenovo\patents\7_SASPH-6G_Slice-Adaptive_Split-PQC_Handshake\.miktex-local\install\fonts/tfm/public/amsfonts/symbols\msam10.tfm
2026-03-28 14:30:29,429+0800 WARN  xelatex.core - still open: C:\Users\Lenovo\patents\7_SASPH-6G_Slice-Adaptive_Split-PQC_Handshake\.miktex-local\install\fonts/tfm/public/amsfonts/symbols\msam7.tfm
2026-03-28 14:30:29,429+0800 WARN  xelatex.core - still open: C:\Users\Lenovo\patents\7_SASPH-6G_Slice-Adaptive_Split-PQC_Handshake\.miktex-local\install\fonts/tfm/public/amsfonts/symbols\msbm10.tfm
2026-03-28 14:30:29,429+0800 WARN  xelatex.core - still open: C:\Users\Lenovo\patents\7_SASPH-6G_Slice-Adaptive_Split-PQC_Handshake\.miktex-local\install\fonts/tfm/public/cm\cmex10.tfm
2026-03-28 14:30:29,429+0800 WARN  xelatex.core - still open: C:\Users\Lenovo\patents\7_SASPH-6G_Slice-Adaptive_Split-PQC_Handshake\.miktex-local\install\fonts/tfm/public/amsfonts/symbols\msbm7.tfm
2026-03-28 14:30:29,429+0800 WARN  xelatex.core - still open: C:\Users\Lenovo\patents\7_SASPH-6G_Slice-Adaptive_Split-PQC_Handshake\.miktex-local\install\fonts/tfm/public/cm\cmr12.tfm
2026-03-28 14:30:29,429+0800 WARN  xelatex.core - still open: C:\Users\Lenovo\patents\7_SASPH-6G_Slice-Adaptive_Split-PQC_Handshake\.miktex-local\install\fonts/tfm/public/amsfonts/symbols\msbm10.tfm
2026-03-28 14:30:29,429+0800 WARN  xelatex.core - still open: C:\Users\Lenovo\patents\7_SASPH-6G_Slice-Adaptive_Split-PQC_Handshake\.miktex-local\install\fonts/tfm/public/amsfonts/cmextra\cmex7.tfm
2026-03-28 14:30:29,429+0800 WARN  xelatex.core - still open: C:\Users\Lenovo\patents\7_SASPH-6G_Slice-Adaptive_Split-PQC_Handshake\.miktex-local\install\fonts/tfm/public/cm\cmmi6.tfm
2026-03-28 14:30:29,429+0800 WARN  xelatex.core - still open: C:\Users\Lenovo\patents\7_SASPH-6G_Slice-Adaptive_Split-PQC_Handshake\.miktex-local\install\fonts/tfm/public/cm\cmr6.tfm
2026-03-28 14:30:29,429+0800 WARN  xelatex.core - still open: C:\Users\Lenovo\patents\7_SASPH-6G_Slice-Adaptive_Split-PQC_Handshake\.miktex-local\install\fonts/tfm/public/cm\cmsy10.tfm
2026-03-28 14:30:29,430+0800 WARN  xelatex.core - still open: C:\Users\Lenovo\patents\7_SASPH-6G_Slice-Adaptive_Split-PQC_Handshake\.miktex-local\install\fonts/tfm/public/cm\cmmi8.tfm
2026-03-28 14:30:29,430+0800 WARN  xelatex.core - still open: C:\Users\Lenovo\patents\7_SASPH-6G_Slice-Adaptive_Split-PQC_Handshake\.miktex-local\install\fonts/tfm/public/cm\cmsy8.tfm
2026-03-28 14:30:29,430+0800 WARN  xelatex.core - still open: C:\Users\Lenovo\patents\7_SASPH-6G_Slice-Adaptive_Split-PQC_Handshake\.miktex-local\install\fonts/tfm/public/amsfonts/cmextra\cmex8.tfm
2026-03-28 14:30:29,430+0800 WARN  xelatex.core - still open: C:\Users\Lenovo\patents\7_SASPH-6G_Slice-Adaptive_Split-PQC_Handshake\.miktex-local\install\fonts/tfm/public/amsfonts/symbols\msam10.tfm
2026-03-28 14:30:29,430+0800 WARN  xelatex.core - still open: C:\Users\Lenovo\patents\7_SASPH-6G_Slice-Adaptive_Split-PQC_Handshake\.miktex-local\install\fonts/tfm/public/cm\cmr8.tfm
2026-03-28 14:30:29,430+0800 WARN  xelatex.core - still open: C:\Users\Lenovo\patents\7_SASPH-6G_Slice-Adaptive_Split-PQC_Handshake\.miktex-local\install\fonts/tfm/public/cm\cmr10.tfm
2026-03-28 14:30:29,430+0800 WARN  xelatex.core - still open: C:\Users\Lenovo\patents\7_SASPH-6G_Slice-Adaptive_Split-PQC_Handshake\.miktex-local\install\fonts/tfm/public/amsfonts/symbols\msbm10.tfm
2026-03-28 14:30:29,430+0800 WARN  xelatex.core - still open: C:\Users\Lenovo\patents\7_SASPH-6G_Slice-Adaptive_Split-PQC_Handshake\.miktex-local\install\fonts/tfm/public/cm\cmex10.tfm
2026-03-28 14:30:29,430+0800 WARN  xelatex.core - still open: C:\Users\Lenovo\patents\7_SASPH-6G_Slice-Adaptive_Split-PQC_Handshake\.miktex-local\install\fonts/tfm/public/cm\cmmi10.tfm
2026-03-28 14:30:29,430+0800 WARN  xelatex.core - still open: C:\Users\Lenovo\patents\7_SASPH-6G_Slice-Adaptive_Split-PQC_Handshake\.miktex-local\install\fonts/tfm/public/cm\cmsy10.tfm
2026-03-28 14:30:29,430+0800 WARN  xelatex.core - still open: C:\Users\Lenovo\patents\7_SASPH-6G_Slice-Adaptive_Split-PQC_Handshake\.miktex-local\install\fonts/tfm/public/amsfonts/symbols\msam10.tfm
2026-03-28 14:30:29,703+0800 INFO  xelatex - this process (28808) started by powershell in directory C:\Users\Lenovo\patents\7_SASPH-6G_Slice-Adaptive_Split-PQC_Handshake with command line: C:\Users\Lenovo\AppData\Local\Programs\MiKTeX\miktex\bin\x64\xelatex.exe -interaction=nonstopmode -halt-on-error 权利要求书.tex
2026-03-28 14:30:29,703+0800 INFO  xelatex - running on Windows 10.0.26200
2026-03-28 14:30:29,709+0800 WARN  xelatex - security risk: running with elevated privileges
2026-03-28 14:30:29,711+0800 INFO  xelatex - this is MiKTeX-XETEX 4.15.0 (0.999997) (MiKTeX 25.4)
2026-03-28 14:30:29,713+0800 INFO  xelatex - allowing known shell commands
2026-03-28 14:30:30,602+0800 INFO  xelatex.core - start process: miktex-dvipdfmx.exe --miktex-enable-installer -q -E -o 权利要求书.pdf
2026-03-28 14:30:31,212+0800 INFO  xelatex - this process (28808) finishes with exit code 0
2026-03-28 14:30:31,215+0800 ERROR xelatex - major issue: So far, you have not checked for MiKTeX updates.
2026-03-28 14:30:31,216+0800 WARN  xelatex.core - still open: C:\Users\Lenovo\patents\7_SASPH-6G_Slice-Adaptive_Split-PQC_Handshake\.miktex-local\install\fonts/tfm/public/cm\cmr10.tfm
2026-03-28 14:30:31,216+0800 WARN  xelatex.core - still open: C:\Users\Lenovo\patents\7_SASPH-6G_Slice-Adaptive_Split-PQC_Handshake\.miktex-local\install\fonts/tfm/public/cm\cmr10.tfm
2026-03-28 14:30:31,216+0800 WARN  xelatex.core - still open: C:\Users\Lenovo\patents\7_SASPH-6G_Slice-Adaptive_Split-PQC_Handshake\.miktex-local\install\fonts/tfm/adobe/zapfding\pzdr.tfm
2026-03-28 14:30:31,216+0800 WARN  xelatex.core - still open: C:\Users\Lenovo\patents\7_SASPH-6G_Slice-Adaptive_Split-PQC_Handshake\.miktex-local\install\fonts/tfm/public/cm\cmr10.tfm
2026-03-28 14:30:31,216+0800 WARN  xelatex.core - still open: C:\Users\Lenovo\patents\7_SASPH-6G_Slice-Adaptive_Split-PQC_Handshake\.miktex-local\install\fonts/tfm/public/cm\cmr10.tfm
2026-03-28 14:30:31,216+0800 WARN  xelatex.core - still open: C:\Users\Lenovo\patents\7_SASPH-6G_Slice-Adaptive_Split-PQC_Handshake\.miktex-local\install\fonts/tfm/public/cm\cmsy10.tfm
2026-03-28 14:30:31,216+0800 WARN  xelatex.core - still open: C:\Users\Lenovo\patents\7_SASPH-6G_Slice-Adaptive_Split-PQC_Handshake\.miktex-local\install\fonts/tfm/public/cm\cmmi12.tfm
2026-03-28 14:30:31,216+0800 WARN  xelatex.core - still open: C:\Users\Lenovo\patents\7_SASPH-6G_Slice-Adaptive_Split-PQC_Handshake\.miktex-local\install\fonts/tfm/public/cm\cmsy8.tfm
2026-03-28 14:30:31,216+0800 WARN  xelatex.core - still open: C:\Users\Lenovo\patents\7_SASPH-6G_Slice-Adaptive_Split-PQC_Handshake\.miktex-local\install\fonts/tfm/public/cm\cmex10.tfm
2026-03-28 14:30:31,216+0800 WARN  xelatex.core - still open: C:\Users\Lenovo\patents\7_SASPH-6G_Slice-Adaptive_Split-PQC_Handshake\.miktex-local\install\fonts/tfm/public/amsfonts/cmextra\cmex7.tfm
2026-03-28 14:30:31,216+0800 WARN  xelatex.core - still open: C:\Users\Lenovo\patents\7_SASPH-6G_Slice-Adaptive_Split-PQC_Handshake\.miktex-local\install\fonts/tfm/public/cm\cmmi8.tfm
2026-03-28 14:30:31,216+0800 WARN  xelatex.core - still open: C:\Users\Lenovo\patents\7_SASPH-6G_Slice-Adaptive_Split-PQC_Handshake\.miktex-local\install\fonts/tfm/public/cm\cmsy6.tfm
2026-03-28 14:30:31,217+0800 WARN  xelatex.core - still open: C:\Users\Lenovo\patents\7_SASPH-6G_Slice-Adaptive_Split-PQC_Handshake\.miktex-local\install\fonts/tfm/public/cm\cmmi6.tfm
2026-03-28 14:30:31,217+0800 WARN  xelatex.core - still open: C:\Users\Lenovo\patents\7_SASPH-6G_Slice-Adaptive_Split-PQC_Handshake\.miktex-local\install\fonts/tfm/public/amsfonts/cmextra\cmex8.tfm
2026-03-28 14:30:31,217+0800 WARN  xelatex.core - still open: C:\Users\Lenovo\patents\7_SASPH-6G_Slice-Adaptive_Split-PQC_Handshake\.miktex-local\install\fonts/tfm/public/amsfonts/symbols\msam10.tfm
2026-03-28 14:30:31,217+0800 WARN  xelatex.core - still open: C:\Users\Lenovo\patents\7_SASPH-6G_Slice-Adaptive_Split-PQC_Handshake\.miktex-local\install\fonts/tfm/public/amsfonts/symbols\msam10.tfm
2026-03-28 14:30:31,217+0800 WARN  xelatex.core - still open: C:\Users\Lenovo\patents\7_SASPH-6G_Slice-Adaptive_Split-PQC_Handshake\.miktex-local\install\fonts/tfm/public/amsfonts/symbols\msam7.tfm
2026-03-28 14:30:31,217+0800 WARN  xelatex.core - still open: C:\Users\Lenovo\patents\7_SASPH-6G_Slice-Adaptive_Split-PQC_Handshake\.miktex-local\install\fonts/tfm/public/cm\cmr12.tfm
2026-03-28 14:30:31,217+0800 WARN  xelatex.core - still open: C:\Users\Lenovo\patents\7_SASPH-6G_Slice-Adaptive_Split-PQC_Handshake\.miktex-local\install\fonts/tfm/public/amsfonts/symbols\msbm10.tfm
2026-03-28 14:30:31,217+0800 WARN  xelatex.core - still open: C:\Users\Lenovo\patents\7_SASPH-6G_Slice-Adaptive_Split-PQC_Handshake\.miktex-local\install\fonts/tfm/public/cm\cmr6.tfm
2026-03-28 14:30:31,217+0800 WARN  xelatex.core - still open: C:\Users\Lenovo\patents\7_SASPH-6G_Slice-Adaptive_Split-PQC_Handshake\.miktex-local\install\fonts/tfm/public/cm\cmr8.tfm
2026-03-28 14:30:31,217+0800 WARN  xelatex.core - still open: C:\Users\Lenovo\patents\7_SASPH-6G_Slice-Adaptive_Split-PQC_Handshake\.miktex-local\install\fonts/tfm/public/amsfonts/symbols\msbm10.tfm
2026-03-28 14:30:31,217+0800 WARN  xelatex.core - still open: C:\Users\Lenovo\patents\7_SASPH-6G_Slice-Adaptive_Split-PQC_Handshake\.miktex-local\install\fonts/tfm/public/amsfonts/symbols\msbm7.tfm
2026-03-28 14:30:31,515+0800 INFO  xelatex - this process (26240) started by powershell in directory C:\Users\Lenovo\patents\7_SASPH-6G_Slice-Adaptive_Split-PQC_Handshake with command line: C:\Users\Lenovo\AppData\Local\Programs\MiKTeX\miktex\bin\x64\xelatex.exe -interaction=nonstopmode -halt-on-error 权利要求书.tex
2026-03-28 14:30:31,516+0800 INFO  xelatex - running on Windows 10.0.26200
2026-03-28 14:30:31,522+0800 WARN  xelatex - security risk: running with elevated privileges
2026-03-28 14:30:31,524+0800 INFO  xelatex - this is MiKTeX-XETEX 4.15.0 (0.999997) (MiKTeX 25.4)
2026-03-28 14:30:31,526+0800 INFO  xelatex - allowing known shell commands
2026-03-28 14:30:32,266+0800 INFO  xelatex.core - start process: miktex-dvipdfmx.exe --miktex-enable-installer -q -E -o 权利要求书.pdf
2026-03-28 14:30:33,048+0800 INFO  xelatex - this process (26240) finishes with exit code 0
2026-03-28 14:30:33,050+0800 ERROR xelatex - major issue: So far, you have not checked for MiKTeX updates.
2026-03-28 14:30:33,051+0800 WARN  xelatex.core - still open: C:\Users\Lenovo\patents\7_SASPH-6G_Slice-Adaptive_Split-PQC_Handshake\.miktex-local\install\fonts/tfm/public/cm\cmr10.tfm
2026-03-28 14:30:33,051+0800 WARN  xelatex.core - still open: C:\Users\Lenovo\patents\7_SASPH-6G_Slice-Adaptive_Split-PQC_Handshake\.miktex-local\install\fonts/tfm/public/cm\cmr10.tfm
2026-03-28 14:30:33,051+0800 WARN  xelatex.core - still open: C:\Users\Lenovo\patents\7_SASPH-6G_Slice-Adaptive_Split-PQC_Handshake\.miktex-local\install\fonts/tfm/public/cm\cmr10.tfm
2026-03-28 14:30:33,051+0800 WARN  xelatex.core - still open: C:\Users\Lenovo\patents\7_SASPH-6G_Slice-Adaptive_Split-PQC_Handshake\.miktex-local\install\fonts/tfm/public/cm\cmr10.tfm
2026-03-28 14:30:33,051+0800 WARN  xelatex.core - still open: C:\Users\Lenovo\patents\7_SASPH-6G_Slice-Adaptive_Split-PQC_Handshake\.miktex-local\install\fonts/tfm/adobe/zapfding\pzdr.tfm
2026-03-28 14:30:33,051+0800 WARN  xelatex.core - still open: C:\Users\Lenovo\patents\7_SASPH-6G_Slice-Adaptive_Split-PQC_Handshake\.miktex-local\install\fonts/tfm/public/cm\cmsy10.tfm
2026-03-28 14:30:33,051+0800 WARN  xelatex.core - still open: C:\Users\Lenovo\patents\7_SASPH-6G_Slice-Adaptive_Split-PQC_Handshake\.miktex-local\install\fonts/tfm/public/amsfonts/symbols\msam7.tfm
2026-03-28 14:30:33,051+0800 WARN  xelatex.core - still open: C:\Users\Lenovo\patents\7_SASPH-6G_Slice-Adaptive_Split-PQC_Handshake\.miktex-local\install\fonts/tfm/public/amsfonts/cmextra\cmex8.tfm
2026-03-28 14:30:33,051+0800 WARN  xelatex.core - still open: C:\Users\Lenovo\patents\7_SASPH-6G_Slice-Adaptive_Split-PQC_Handshake\.miktex-local\install\fonts/tfm/public/cm\cmmi8.tfm
2026-03-28 14:30:33,051+0800 WARN  xelatex.core - still open: C:\Users\Lenovo\patents\7_SASPH-6G_Slice-Adaptive_Split-PQC_Handshake\.miktex-local\install\fonts/tfm/public/cm\cmsy8.tfm
2026-03-28 14:30:33,051+0800 WARN  xelatex.core - still open: C:\Users\Lenovo\patents\7_SASPH-6G_Slice-Adaptive_Split-PQC_Handshake\.miktex-local\install\fonts/tfm/public/cm\cmmi12.tfm
2026-03-28 14:30:33,051+0800 WARN  xelatex.core - still open: C:\Users\Lenovo\patents\7_SASPH-6G_Slice-Adaptive_Split-PQC_Handshake\.miktex-local\install\fonts/tfm/public/amsfonts/symbols\msbm10.tfm
2026-03-28 14:30:33,051+0800 WARN  xelatex.core - still open: C:\Users\Lenovo\patents\7_SASPH-6G_Slice-Adaptive_Split-PQC_Handshake\.miktex-local\install\fonts/tfm/public/cm\cmr8.tfm
2026-03-28 14:30:33,051+0800 WARN  xelatex.core - still open: C:\Users\Lenovo\patents\7_SASPH-6G_Slice-Adaptive_Split-PQC_Handshake\.miktex-local\install\fonts/tfm/public/amsfonts/symbols\msam10.tfm
2026-03-28 14:30:33,051+0800 WARN  xelatex.core - still open: C:\Users\Lenovo\patents\7_SASPH-6G_Slice-Adaptive_Split-PQC_Handshake\.miktex-local\install\fonts/tfm/public/cm\cmr6.tfm
2026-03-28 14:30:33,051+0800 WARN  xelatex.core - still open: C:\Users\Lenovo\patents\7_SASPH-6G_Slice-Adaptive_Split-PQC_Handshake\.miktex-local\install\fonts/tfm/public/amsfonts/cmextra\cmex7.tfm
2026-03-28 14:30:33,052+0800 WARN  xelatex.core - still open: C:\Users\Lenovo\patents\7_SASPH-6G_Slice-Adaptive_Split-PQC_Handshake\.miktex-local\install\fonts/tfm/public/cm\cmr12.tfm
2026-03-28 14:30:33,052+0800 WARN  xelatex.core - still open: C:\Users\Lenovo\patents\7_SASPH-6G_Slice-Adaptive_Split-PQC_Handshake\.miktex-local\install\fonts/tfm/public/cm\cmex10.tfm
2026-03-28 14:30:33,052+0800 WARN  xelatex.core - still open: C:\Users\Lenovo\patents\7_SASPH-6G_Slice-Adaptive_Split-PQC_Handshake\.miktex-local\install\fonts/tfm/public/cm\cmmi6.tfm
2026-03-28 14:30:33,052+0800 WARN  xelatex.core - still open: C:\Users\Lenovo\patents\7_SASPH-6G_Slice-Adaptive_Split-PQC_Handshake\.miktex-local\install\fonts/tfm/public/cm\cmsy6.tfm
2026-03-28 14:30:33,052+0800 WARN  xelatex.core - still open: C:\Users\Lenovo\patents\7_SASPH-6G_Slice-Adaptive_Split-PQC_Handshake\.miktex-local\install\fonts/tfm/public/amsfonts/symbols\msbm10.tfm
2026-03-28 14:30:33,052+0800 WARN  xelatex.core - still open: C:\Users\Lenovo\patents\7_SASPH-6G_Slice-Adaptive_Split-PQC_Handshake\.miktex-local\install\fonts/tfm/public/amsfonts/symbols\msam10.tfm
2026-03-28 14:30:33,052+0800 WARN  xelatex.core - still open: C:\Users\Lenovo\patents\7_SASPH-6G_Slice-Adaptive_Split-PQC_Handshake\.miktex-local\install\fonts/tfm/public/amsfonts/symbols\msbm7.tfm
2026-03-28 14:30:33,432+0800 INFO  xelatex - this process (38284) started by powershell in directory C:\Users\Lenovo\patents\7_SASPH-6G_Slice-Adaptive_Split-PQC_Handshake with command line: C:\Users\Lenovo\AppData\Local\Programs\MiKTeX\miktex\bin\x64\xelatex.exe -interaction=nonstopmode -halt-on-error 权利要求书_审查稳版.tex
2026-03-28 14:30:33,433+0800 INFO  xelatex - running on Windows 10.0.26200
2026-03-28 14:30:33,446+0800 WARN  xelatex - security risk: running with elevated privileges
2026-03-28 14:30:33,448+0800 INFO  xelatex - this is MiKTeX-XETEX 4.15.0 (0.999997) (MiKTeX 25.4)
2026-03-28 14:30:33,451+0800 INFO  xelatex - allowing known shell commands
2026-03-28 14:30:34,855+0800 INFO  xelatex.core - start process: miktex-dvipdfmx.exe --miktex-enable-installer -q -E -o 权利要求书_审查稳版.pdf
2026-03-28 14:30:35,737+0800 INFO  xelatex - this process (38284) finishes with exit code 0
2026-03-28 14:30:35,739+0800 ERROR xelatex - major issue: So far, you have not checked for MiKTeX updates.
2026-03-28 14:30:35,740+0800 WARN  xelatex.core - still open: C:\Users\Lenovo\patents\7_SASPH-6G_Slice-Adaptive_Split-PQC_Handshake\.miktex-local\install\fonts/tfm/public/cm\cmr6.tfm
2026-03-28 14:30:35,740+0800 WARN  xelatex.core - still open: C:\Users\Lenovo\patents\7_SASPH-6G_Slice-Adaptive_Split-PQC_Handshake\.miktex-local\install\fonts/tfm/public/amsfonts/cmextra\cmex8.tfm
2026-03-28 14:30:35,740+0800 WARN  xelatex.core - still open: C:\Users\Lenovo\patents\7_SASPH-6G_Slice-Adaptive_Split-PQC_Handshake\.miktex-local\install\fonts/tfm/public/amsfonts/cmextra\cmex7.tfm
2026-03-28 14:30:35,740+0800 WARN  xelatex.core - still open: C:\Users\Lenovo\patents\7_SASPH-6G_Slice-Adaptive_Split-PQC_Handshake\.miktex-local\install\fonts/tfm/public/amsfonts/symbols\msam7.tfm
2026-03-28 14:30:35,740+0800 WARN  xelatex.core - still open: C:\Users\Lenovo\patents\7_SASPH-6G_Slice-Adaptive_Split-PQC_Handshake\.miktex-local\install\fonts/tfm/public/cm\cmex10.tfm
2026-03-28 14:30:35,740+0800 WARN  xelatex.core - still open: C:\Users\Lenovo\patents\7_SASPH-6G_Slice-Adaptive_Split-PQC_Handshake\.miktex-local\install\fonts/tfm/public/amsfonts/symbols\msbm10.tfm
2026-03-28 14:30:35,740+0800 WARN  xelatex.core - still open: C:\Users\Lenovo\patents\7_SASPH-6G_Slice-Adaptive_Split-PQC_Handshake\.miktex-local\install\fonts/tfm/public/amsfonts/symbols\msam10.tfm
2026-03-28 14:30:35,740+0800 WARN  xelatex.core - still open: C:\Users\Lenovo\patents\7_SASPH-6G_Slice-Adaptive_Split-PQC_Handshake\.miktex-local\install\fonts/tfm/public/cm\cmr8.tfm
2026-03-28 14:30:35,740+0800 WARN  xelatex.core - still open: C:\Users\Lenovo\patents\7_SASPH-6G_Slice-Adaptive_Split-PQC_Handshake\.miktex-local\install\fonts/tfm/public/amsfonts/symbols\msbm10.tfm
2026-03-28 14:30:35,740+0800 WARN  xelatex.core - still open: C:\Users\Lenovo\patents\7_SASPH-6G_Slice-Adaptive_Split-PQC_Handshake\.miktex-local\install\fonts/tfm/public/amsfonts/symbols\msbm7.tfm
2026-03-28 14:30:35,741+0800 WARN  xelatex.core - still open: C:\Users\Lenovo\patents\7_SASPH-6G_Slice-Adaptive_Split-PQC_Handshake\.miktex-local\install\fonts/tfm/public/cm\cmsy6.tfm
2026-03-28 14:30:35,741+0800 WARN  xelatex.core - still open: C:\Users\Lenovo\patents\7_SASPH-6G_Slice-Adaptive_Split-PQC_Handshake\.miktex-local\install\fonts/tfm/public/cm\cmr12.tfm
2026-03-28 14:30:35,741+0800 WARN  xelatex.core - still open: C:\Users\Lenovo\patents\7_SASPH-6G_Slice-Adaptive_Split-PQC_Handshake\.miktex-local\install\fonts/tfm/public/amsfonts/symbols\msam10.tfm
2026-03-28 14:30:35,741+0800 WARN  xelatex.core - still open: C:\Users\Lenovo\patents\7_SASPH-6G_Slice-Adaptive_Split-PQC_Handshake\.miktex-local\install\fonts/tfm/public/cm\cmr10.tfm
2026-03-28 14:30:35,741+0800 WARN  xelatex.core - still open: C:\Users\Lenovo\patents\7_SASPH-6G_Slice-Adaptive_Split-PQC_Handshake\.miktex-local\install\fonts/tfm/public/cm\cmr10.tfm
2026-03-28 14:30:35,741+0800 WARN  xelatex.core - still open: C:\Users\Lenovo\patents\7_SASPH-6G_Slice-Adaptive_Split-PQC_Handshake\.miktex-local\install\fonts/tfm/public/cm\cmr10.tfm
2026-03-28 14:30:35,741+0800 WARN  xelatex.core - still open: C:\Users\Lenovo\patents\7_SASPH-6G_Slice-Adaptive_Split-PQC_Handshake\.miktex-local\install\fonts/tfm/adobe/zapfding\pzdr.tfm
2026-03-28 14:30:35,741+0800 WARN  xelatex.core - still open: C:\Users\Lenovo\patents\7_SASPH-6G_Slice-Adaptive_Split-PQC_Handshake\.miktex-local\install\fonts/tfm/public/cm\cmr10.tfm
2026-03-28 14:30:35,741+0800 WARN  xelatex.core - still open: C:\Users\Lenovo\patents\7_SASPH-6G_Slice-Adaptive_Split-PQC_Handshake\.miktex-local\install\fonts/tfm/public/cm\cmmi8.tfm
2026-03-28 14:30:35,741+0800 WARN  xelatex.core - still open: C:\Users\Lenovo\patents\7_SASPH-6G_Slice-Adaptive_Split-PQC_Handshake\.miktex-local\install\fonts/tfm/public/cm\cmmi6.tfm
2026-03-28 14:30:35,741+0800 WARN  xelatex.core - still open: C:\Users\Lenovo\patents\7_SASPH-6G_Slice-Adaptive_Split-PQC_Handshake\.miktex-local\install\fonts/tfm/public/cm\cmmi12.tfm
2026-03-28 14:30:35,741+0800 WARN  xelatex.core - still open: C:\Users\Lenovo\patents\7_SASPH-6G_Slice-Adaptive_Split-PQC_Handshake\.miktex-local\install\fonts/tfm/public/cm\cmsy10.tfm
2026-03-28 14:30:35,741+0800 WARN  xelatex.core - still open: C:\Users\Lenovo\patents\7_SASPH-6G_Slice-Adaptive_Split-PQC_Handshake\.miktex-local\install\fonts/tfm/public/cm\cmsy8.tfm
2026-03-28 14:30:36,166+0800 INFO  xelatex - this process (27800) started by powershell in directory C:\Users\Lenovo\patents\7_SASPH-6G_Slice-Adaptive_Split-PQC_Handshake with command line: C:\Users\Lenovo\AppData\Local\Programs\MiKTeX\miktex\bin\x64\xelatex.exe -interaction=nonstopmode -halt-on-error 权利要求书_审查稳版.tex
2026-03-28 14:30:36,166+0800 INFO  xelatex - running on Windows 10.0.26200
2026-03-28 14:30:36,179+0800 WARN  xelatex - security risk: running with elevated privileges
2026-03-28 14:30:36,184+0800 INFO  xelatex - this is MiKTeX-XETEX 4.15.0 (0.999997) (MiKTeX 25.4)
2026-03-28 14:30:36,187+0800 INFO  xelatex - allowing known shell commands
2026-03-28 14:30:37,714+0800 INFO  xelatex.core - start process: miktex-dvipdfmx.exe --miktex-enable-installer -q -E -o 权利要求书_审查稳版.pdf
2026-03-28 14:30:38,614+0800 INFO  xelatex - this process (27800) finishes with exit code 0
2026-03-28 14:30:38,615+0800 ERROR xelatex - major issue: So far, you have not checked for MiKTeX updates.
2026-03-28 14:30:38,616+0800 WARN  xelatex.core - still open: C:\Users\Lenovo\patents\7_SASPH-6G_Slice-Adaptive_Split-PQC_Handshake\.miktex-local\install\fonts/tfm/public/cm\cmr10.tfm
2026-03-28 14:30:38,616+0800 WARN  xelatex.core - still open: C:\Users\Lenovo\patents\7_SASPH-6G_Slice-Adaptive_Split-PQC_Handshake\.miktex-local\install\fonts/tfm/adobe/zapfding\pzdr.tfm
2026-03-28 14:30:38,616+0800 WARN  xelatex.core - still open: C:\Users\Lenovo\patents\7_SASPH-6G_Slice-Adaptive_Split-PQC_Handshake\.miktex-local\install\fonts/tfm/public/cm\cmr10.tfm
2026-03-28 14:30:38,616+0800 WARN  xelatex.core - still open: C:\Users\Lenovo\patents\7_SASPH-6G_Slice-Adaptive_Split-PQC_Handshake\.miktex-local\install\fonts/tfm/public/amsfonts/symbols\msam10.tfm
2026-03-28 14:30:38,616+0800 WARN  xelatex.core - still open: C:\Users\Lenovo\patents\7_SASPH-6G_Slice-Adaptive_Split-PQC_Handshake\.miktex-local\install\fonts/tfm/public/cm\cmr8.tfm
2026-03-28 14:30:38,616+0800 WARN  xelatex.core - still open: C:\Users\Lenovo\patents\7_SASPH-6G_Slice-Adaptive_Split-PQC_Handshake\.miktex-local\install\fonts/tfm/public/amsfonts/cmextra\cmex7.tfm
2026-03-28 14:30:38,616+0800 WARN  xelatex.core - still open: C:\Users\Lenovo\patents\7_SASPH-6G_Slice-Adaptive_Split-PQC_Handshake\.miktex-local\install\fonts/tfm/public/cm\cmsy6.tfm
2026-03-28 14:30:38,616+0800 WARN  xelatex.core - still open: C:\Users\Lenovo\patents\7_SASPH-6G_Slice-Adaptive_Split-PQC_Handshake\.miktex-local\install\fonts/tfm/public/cm\cmsy8.tfm
2026-03-28 14:30:38,616+0800 WARN  xelatex.core - still open: C:\Users\Lenovo\patents\7_SASPH-6G_Slice-Adaptive_Split-PQC_Handshake\.miktex-local\install\fonts/tfm/public/cm\cmr12.tfm
2026-03-28 14:30:38,616+0800 WARN  xelatex.core - still open: C:\Users\Lenovo\patents\7_SASPH-6G_Slice-Adaptive_Split-PQC_Handshake\.miktex-local\install\fonts/tfm/public/cm\cmmi8.tfm
2026-03-28 14:30:38,616+0800 WARN  xelatex.core - still open: C:\Users\Lenovo\patents\7_SASPH-6G_Slice-Adaptive_Split-PQC_Handshake\.miktex-local\install\fonts/tfm/public/amsfonts/symbols\msam10.tfm
2026-03-28 14:30:38,616+0800 WARN  xelatex.core - still open: C:\Users\Lenovo\patents\7_SASPH-6G_Slice-Adaptive_Split-PQC_Handshake\.miktex-local\install\fonts/tfm/public/amsfonts/symbols\msam7.tfm
2026-03-28 14:30:38,616+0800 WARN  xelatex.core - still open: C:\Users\Lenovo\patents\7_SASPH-6G_Slice-Adaptive_Split-PQC_Handshake\.miktex-local\install\fonts/tfm/public/cm\cmmi6.tfm
2026-03-28 14:30:38,617+0800 WARN  xelatex.core - still open: C:\Users\Lenovo\patents\7_SASPH-6G_Slice-Adaptive_Split-PQC_Handshake\.miktex-local\install\fonts/tfm/public/amsfonts/symbols\msbm10.tfm
2026-03-28 14:30:38,617+0800 WARN  xelatex.core - still open: C:\Users\Lenovo\patents\7_SASPH-6G_Slice-Adaptive_Split-PQC_Handshake\.miktex-local\install\fonts/tfm/public/amsfonts/symbols\msbm7.tfm
2026-03-28 14:30:38,617+0800 WARN  xelatex.core - still open: C:\Users\Lenovo\patents\7_SASPH-6G_Slice-Adaptive_Split-PQC_Handshake\.miktex-local\install\fonts/tfm/public/amsfonts/symbols\msbm10.tfm
2026-03-28 14:30:38,617+0800 WARN  xelatex.core - still open: C:\Users\Lenovo\patents\7_SASPH-6G_Slice-Adaptive_Split-PQC_Handshake\.miktex-local\install\fonts/tfm/public/cm\cmr6.tfm
2026-03-28 14:30:38,617+0800 WARN  xelatex.core - still open: C:\Users\Lenovo\patents\7_SASPH-6G_Slice-Adaptive_Split-PQC_Handshake\.miktex-local\install\fonts/tfm/public/cm\cmmi12.tfm
2026-03-28 14:30:38,617+0800 WARN  xelatex.core - still open: C:\Users\Lenovo\patents\7_SASPH-6G_Slice-Adaptive_Split-PQC_Handshake\.miktex-local\install\fonts/tfm/public/cm\cmsy10.tfm
2026-03-28 14:30:38,617+0800 WARN  xelatex.core - still open: C:\Users\Lenovo\patents\7_SASPH-6G_Slice-Adaptive_Split-PQC_Handshake\.miktex-local\install\fonts/tfm/public/cm\cmex10.tfm
2026-03-28 14:30:38,617+0800 WARN  xelatex.core - still open: C:\Users\Lenovo\patents\7_SASPH-6G_Slice-Adaptive_Split-PQC_Handshake\.miktex-local\install\fonts/tfm/public/amsfonts/cmextra\cmex8.tfm
2026-03-28 14:30:38,617+0800 WARN  xelatex.core - still open: C:\Users\Lenovo\patents\7_SASPH-6G_Slice-Adaptive_Split-PQC_Handshake\.miktex-local\install\fonts/tfm/public/cm\cmr10.tfm
2026-03-28 14:30:38,617+0800 WARN  xelatex.core - still open: C:\Users\Lenovo\patents\7_SASPH-6G_Slice-Adaptive_Split-PQC_Handshake\.miktex-local\install\fonts/tfm/public/cm\cmr10.tfm
2026-03-28 14:30:39,061+0800 INFO  xelatex - this process (29636) started by powershell in directory C:\Users\Lenovo\patents\7_SASPH-6G_Slice-Adaptive_Split-PQC_Handshake with command line: C:\Users\Lenovo\AppData\Local\Programs\MiKTeX\miktex\bin\x64\xelatex.exe -interaction=nonstopmode -halt-on-error 摘要.tex
2026-03-28 14:30:39,061+0800 INFO  xelatex - running on Windows 10.0.26200
2026-03-28 14:30:39,080+0800 WARN  xelatex - security risk: running with elevated privileges
2026-03-28 14:30:39,085+0800 INFO  xelatex - this is MiKTeX-XETEX 4.15.0 (0.999997) (MiKTeX 25.4)
2026-03-28 14:30:39,090+0800 INFO  xelatex - allowing known shell commands
2026-03-28 14:30:40,021+0800 INFO  xelatex.core - start process: miktex-dvipdfmx.exe --miktex-enable-installer -q -E -o 摘要.pdf
2026-03-28 14:30:40,559+0800 INFO  xelatex - this process (29636) finishes with exit code 0
2026-03-28 14:30:40,562+0800 ERROR xelatex - major issue: So far, you have not checked for MiKTeX updates.
2026-03-28 14:30:40,562+0800 WARN  xelatex.core - still open: C:\Users\Lenovo\patents\7_SASPH-6G_Slice-Adaptive_Split-PQC_Handshake\.miktex-local\install\fonts/tfm/public/cm\cmr10.tfm
2026-03-28 14:30:40,562+0800 WARN  xelatex.core - still open: C:\Users\Lenovo\patents\7_SASPH-6G_Slice-Adaptive_Split-PQC_Handshake\.miktex-local\install\fonts/tfm/public/cm\cmr10.tfm
2026-03-28 14:30:40,562+0800 WARN  xelatex.core - still open: C:\Users\Lenovo\patents\7_SASPH-6G_Slice-Adaptive_Split-PQC_Handshake\.miktex-local\install\fonts/tfm/public/cm\cmr10.tfm
2026-03-28 14:30:40,824+0800 INFO  xelatex - this process (29352) started by powershell in directory C:\Users\Lenovo\patents\7_SASPH-6G_Slice-Adaptive_Split-PQC_Handshake with command line: C:\Users\Lenovo\AppData\Local\Programs\MiKTeX\miktex\bin\x64\xelatex.exe -interaction=nonstopmode -halt-on-error 摘要.tex
2026-03-28 14:30:40,824+0800 INFO  xelatex - running on Windows 10.0.26200
2026-03-28 14:30:40,832+0800 WARN  xelatex - security risk: running with elevated privileges
2026-03-28 14:30:40,834+0800 INFO  xelatex - this is MiKTeX-XETEX 4.15.0 (0.999997) (MiKTeX 25.4)
2026-03-28 14:30:40,837+0800 INFO  xelatex - allowing known shell commands
2026-03-28 14:30:41,532+0800 INFO  xelatex.core - start process: miktex-dvipdfmx.exe --miktex-enable-installer -q -E -o 摘要.pdf
2026-03-28 14:30:42,019+0800 INFO  xelatex - this process (29352) finishes with exit code 0
2026-03-28 14:30:42,020+0800 ERROR xelatex - major issue: So far, you have not checked for MiKTeX updates.
2026-03-28 14:30:42,021+0800 WARN  xelatex.core - still open: C:\Users\Lenovo\patents\7_SASPH-6G_Slice-Adaptive_Split-PQC_Handshake\.miktex-local\install\fonts/tfm/public/cm\cmr10.tfm
2026-03-28 14:30:42,021+0800 WARN  xelatex.core - still open: C:\Users\Lenovo\patents\7_SASPH-6G_Slice-Adaptive_Split-PQC_Handshake\.miktex-local\install\fonts/tfm/public/cm\cmr10.tfm
2026-03-28 14:30:42,021+0800 WARN  xelatex.core - still open: C:\Users\Lenovo\patents\7_SASPH-6G_Slice-Adaptive_Split-PQC_Handshake\.miktex-local\install\fonts/tfm/public/cm\cmr10.tfm
2026-03-28 14:30:42,288+0800 INFO  xelatex - this process (40380) started by powershell in directory C:\Users\Lenovo\patents\7_SASPH-6G_Slice-Adaptive_Split-PQC_Handshake with command line: C:\Users\Lenovo\AppData\Local\Programs\MiKTeX\miktex\bin\x64\xelatex.exe -interaction=nonstopmode -halt-on-error 说明书.tex
2026-03-28 14:30:42,288+0800 INFO  xelatex - running on Windows 10.0.26200
2026-03-28 14:30:42,295+0800 WARN  xelatex - security risk: running with elevated privileges
2026-03-28 14:30:42,297+0800 INFO  xelatex - this is MiKTeX-XETEX 4.15.0 (0.999997) (MiKTeX 25.4)
2026-03-28 14:30:42,300+0800 INFO  xelatex - allowing known shell commands
2026-03-28 14:30:43,305+0800 INFO  xelatex.core - start process: miktex-dvipdfmx.exe --miktex-enable-installer -q -E -o 说明书.pdf
2026-03-28 14:30:44,649+0800 INFO  xelatex - this process (40380) finishes with exit code 0
2026-03-28 14:30:44,651+0800 ERROR xelatex - major issue: So far, you have not checked for MiKTeX updates.
2026-03-28 14:30:44,652+0800 WARN  xelatex.core - still open: C:\Users\Lenovo\patents\7_SASPH-6G_Slice-Adaptive_Split-PQC_Handshake\.miktex-local\install\fonts/tfm/public/amsfonts/cmextra\cmex7.tfm
2026-03-28 14:30:44,652+0800 WARN  xelatex.core - still open: C:\Users\Lenovo\patents\7_SASPH-6G_Slice-Adaptive_Split-PQC_Handshake\.miktex-local\install\fonts/tfm/public/amsfonts/symbols\msam10.tfm
2026-03-28 14:30:44,652+0800 WARN  xelatex.core - still open: C:\Users\Lenovo\patents\7_SASPH-6G_Slice-Adaptive_Split-PQC_Handshake\.miktex-local\install\fonts/tfm/public/amsfonts/symbols\msam10.tfm
2026-03-28 14:30:44,652+0800 WARN  xelatex.core - still open: C:\Users\Lenovo\patents\7_SASPH-6G_Slice-Adaptive_Split-PQC_Handshake\.miktex-local\install\fonts/tfm/public/cm\cmr12.tfm
2026-03-28 14:30:44,652+0800 WARN  xelatex.core - still open: C:\Users\Lenovo\patents\7_SASPH-6G_Slice-Adaptive_Split-PQC_Handshake\.miktex-local\install\fonts/tfm/public/amsfonts/symbols\msam7.tfm
2026-03-28 14:30:44,653+0800 WARN  xelatex.core - still open: C:\Users\Lenovo\patents\7_SASPH-6G_Slice-Adaptive_Split-PQC_Handshake\.miktex-local\install\fonts/tfm/public/amsfonts/symbols\msbm10.tfm
2026-03-28 14:30:44,653+0800 WARN  xelatex.core - still open: C:\Users\Lenovo\patents\7_SASPH-6G_Slice-Adaptive_Split-PQC_Handshake\.miktex-local\install\fonts/tfm/public/amsfonts/symbols\msbm10.tfm
2026-03-28 14:30:44,653+0800 WARN  xelatex.core - still open: C:\Users\Lenovo\patents\7_SASPH-6G_Slice-Adaptive_Split-PQC_Handshake\.miktex-local\install\fonts/tfm/public/amsfonts/symbols\msbm7.tfm
2026-03-28 14:30:44,653+0800 WARN  xelatex.core - still open: C:\Users\Lenovo\patents\7_SASPH-6G_Slice-Adaptive_Split-PQC_Handshake\.miktex-local\install\fonts/tfm/public/cm\cmr6.tfm
2026-03-28 14:30:44,653+0800 WARN  xelatex.core - still open: C:\Users\Lenovo\patents\7_SASPH-6G_Slice-Adaptive_Split-PQC_Handshake\.miktex-local\install\fonts/tfm/public/cm\cmr8.tfm
2026-03-28 14:30:44,653+0800 WARN  xelatex.core - still open: C:\Users\Lenovo\patents\7_SASPH-6G_Slice-Adaptive_Split-PQC_Handshake\.miktex-local\install\fonts/tfm/public/cm\cmr10.tfm
2026-03-28 14:30:44,653+0800 WARN  xelatex.core - still open: C:\Users\Lenovo\patents\7_SASPH-6G_Slice-Adaptive_Split-PQC_Handshake\.miktex-local\install\fonts/tfm/public/cm\cmr10.tfm
2026-03-28 14:30:44,653+0800 WARN  xelatex.core - still open: C:\Users\Lenovo\patents\7_SASPH-6G_Slice-Adaptive_Split-PQC_Handshake\.miktex-local\install\fonts/tfm/adobe/zapfding\pzdr.tfm
2026-03-28 14:30:44,653+0800 WARN  xelatex.core - still open: C:\Users\Lenovo\patents\7_SASPH-6G_Slice-Adaptive_Split-PQC_Handshake\.miktex-local\install\fonts/tfm/public/cm\cmr10.tfm
2026-03-28 14:30:44,653+0800 WARN  xelatex.core - still open: C:\Users\Lenovo\patents\7_SASPH-6G_Slice-Adaptive_Split-PQC_Handshake\.miktex-local\install\fonts/tfm/public/cm\cmmi8.tfm
2026-03-28 14:30:44,654+0800 WARN  xelatex.core - still open: C:\Users\Lenovo\patents\7_SASPH-6G_Slice-Adaptive_Split-PQC_Handshake\.miktex-local\install\fonts/tfm/public/cm\cmmi12.tfm
2026-03-28 14:30:44,654+0800 WARN  xelatex.core - still open: C:\Users\Lenovo\patents\7_SASPH-6G_Slice-Adaptive_Split-PQC_Handshake\.miktex-local\install\fonts/tfm/public/cm\cmmi6.tfm
2026-03-28 14:30:44,654+0800 WARN  xelatex.core - still open: C:\Users\Lenovo\patents\7_SASPH-6G_Slice-Adaptive_Split-PQC_Handshake\.miktex-local\install\fonts/tfm/public/cm\cmsy10.tfm
2026-03-28 14:30:44,654+0800 WARN  xelatex.core - still open: C:\Users\Lenovo\patents\7_SASPH-6G_Slice-Adaptive_Split-PQC_Handshake\.miktex-local\install\fonts/tfm/public/cm\cmsy8.tfm
2026-03-28 14:30:44,654+0800 WARN  xelatex.core - still open: C:\Users\Lenovo\patents\7_SASPH-6G_Slice-Adaptive_Split-PQC_Handshake\.miktex-local\install\fonts/tfm/public/cm\cmsy6.tfm
2026-03-28 14:30:44,654+0800 WARN  xelatex.core - still open: C:\Users\Lenovo\patents\7_SASPH-6G_Slice-Adaptive_Split-PQC_Handshake\.miktex-local\install\fonts/tfm/public/amsfonts/cmextra\cmex8.tfm
2026-03-28 14:30:44,654+0800 WARN  xelatex.core - still open: C:\Users\Lenovo\patents\7_SASPH-6G_Slice-Adaptive_Split-PQC_Handshake\.miktex-local\install\fonts/tfm/public/cm\cmex10.tfm
2026-03-28 14:30:45,154+0800 INFO  xelatex - this process (39560) started by powershell in directory C:\Users\Lenovo\patents\7_SASPH-6G_Slice-Adaptive_Split-PQC_Handshake with command line: C:\Users\Lenovo\AppData\Local\Programs\MiKTeX\miktex\bin\x64\xelatex.exe -interaction=nonstopmode -halt-on-error 说明书.tex
2026-03-28 14:30:45,155+0800 INFO  xelatex - running on Windows 10.0.26200
2026-03-28 14:30:45,170+0800 WARN  xelatex - security risk: running with elevated privileges
2026-03-28 14:30:45,173+0800 INFO  xelatex - this is MiKTeX-XETEX 4.15.0 (0.999997) (MiKTeX 25.4)
2026-03-28 14:30:45,178+0800 INFO  xelatex - allowing known shell commands
2026-03-28 14:30:46,506+0800 INFO  xelatex.core - start process: miktex-dvipdfmx.exe --miktex-enable-installer -q -E -o 说明书.pdf
2026-03-28 14:30:47,324+0800 INFO  xelatex - this process (39560) finishes with exit code 0
2026-03-28 14:30:47,326+0800 ERROR xelatex - major issue: So far, you have not checked for MiKTeX updates.
2026-03-28 14:30:47,327+0800 WARN  xelatex.core - still open: C:\Users\Lenovo\patents\7_SASPH-6G_Slice-Adaptive_Split-PQC_Handshake\.miktex-local\install\fonts/tfm/public/amsfonts/cmextra\cmex7.tfm
2026-03-28 14:30:47,327+0800 WARN  xelatex.core - still open: C:\Users\Lenovo\patents\7_SASPH-6G_Slice-Adaptive_Split-PQC_Handshake\.miktex-local\install\fonts/tfm/public/cm\cmsy10.tfm
2026-03-28 14:30:47,327+0800 WARN  xelatex.core - still open: C:\Users\Lenovo\patents\7_SASPH-6G_Slice-Adaptive_Split-PQC_Handshake\.miktex-local\install\fonts/tfm/public/cm\cmsy6.tfm
2026-03-28 14:30:47,327+0800 WARN  xelatex.core - still open: C:\Users\Lenovo\patents\7_SASPH-6G_Slice-Adaptive_Split-PQC_Handshake\.miktex-local\install\fonts/tfm/public/cm\cmr10.tfm
2026-03-28 14:30:47,327+0800 WARN  xelatex.core - still open: C:\Users\Lenovo\patents\7_SASPH-6G_Slice-Adaptive_Split-PQC_Handshake\.miktex-local\install\fonts/tfm/public/amsfonts/cmextra\cmex8.tfm
2026-03-28 14:30:47,327+0800 WARN  xelatex.core - still open: C:\Users\Lenovo\patents\7_SASPH-6G_Slice-Adaptive_Split-PQC_Handshake\.miktex-local\install\fonts/tfm/public/cm\cmmi6.tfm
2026-03-28 14:30:47,327+0800 WARN  xelatex.core - still open: C:\Users\Lenovo\patents\7_SASPH-6G_Slice-Adaptive_Split-PQC_Handshake\.miktex-local\install\fonts/tfm/public/cm\cmr10.tfm
2026-03-28 14:30:47,327+0800 WARN  xelatex.core - still open: C:\Users\Lenovo\patents\7_SASPH-6G_Slice-Adaptive_Split-PQC_Handshake\.miktex-local\install\fonts/tfm/public/amsfonts/symbols\msam10.tfm
2026-03-28 14:30:47,327+0800 WARN  xelatex.core - still open: C:\Users\Lenovo\patents\7_SASPH-6G_Slice-Adaptive_Split-PQC_Handshake\.miktex-local\install\fonts/tfm/public/amsfonts/symbols\msbm7.tfm
2026-03-28 14:30:47,327+0800 WARN  xelatex.core - still open: C:\Users\Lenovo\patents\7_SASPH-6G_Slice-Adaptive_Split-PQC_Handshake\.miktex-local\install\fonts/tfm/public/cm\cmr12.tfm
2026-03-28 14:30:47,328+0800 WARN  xelatex.core - still open: C:\Users\Lenovo\patents\7_SASPH-6G_Slice-Adaptive_Split-PQC_Handshake\.miktex-local\install\fonts/tfm/public/cm\cmr6.tfm
2026-03-28 14:30:47,328+0800 WARN  xelatex.core - still open: C:\Users\Lenovo\patents\7_SASPH-6G_Slice-Adaptive_Split-PQC_Handshake\.miktex-local\install\fonts/tfm/public/cm\cmr8.tfm
2026-03-28 14:30:47,328+0800 WARN  xelatex.core - still open: C:\Users\Lenovo\patents\7_SASPH-6G_Slice-Adaptive_Split-PQC_Handshake\.miktex-local\install\fonts/tfm/public/amsfonts/symbols\msam10.tfm
2026-03-28 14:30:47,328+0800 WARN  xelatex.core - still open: C:\Users\Lenovo\patents\7_SASPH-6G_Slice-Adaptive_Split-PQC_Handshake\.miktex-local\install\fonts/tfm/public/amsfonts/symbols\msbm10.tfm
2026-03-28 14:30:47,328+0800 WARN  xelatex.core - still open: C:\Users\Lenovo\patents\7_SASPH-6G_Slice-Adaptive_Split-PQC_Handshake\.miktex-local\install\fonts/tfm/public/amsfonts/symbols\msam7.tfm
2026-03-28 14:30:47,328+0800 WARN  xelatex.core - still open: C:\Users\Lenovo\patents\7_SASPH-6G_Slice-Adaptive_Split-PQC_Handshake\.miktex-local\install\fonts/tfm/public/amsfonts/symbols\msbm10.tfm
2026-03-28 14:30:47,328+0800 WARN  xelatex.core - still open: C:\Users\Lenovo\patents\7_SASPH-6G_Slice-Adaptive_Split-PQC_Handshake\.miktex-local\install\fonts/tfm/adobe/zapfding\pzdr.tfm
2026-03-28 14:30:47,328+0800 WARN  xelatex.core - still open: C:\Users\Lenovo\patents\7_SASPH-6G_Slice-Adaptive_Split-PQC_Handshake\.miktex-local\install\fonts/tfm/public/cm\cmr10.tfm
2026-03-28 14:30:47,328+0800 WARN  xelatex.core - still open: C:\Users\Lenovo\patents\7_SASPH-6G_Slice-Adaptive_Split-PQC_Handshake\.miktex-local\install\fonts/tfm/public/cm\cmmi12.tfm
2026-03-28 14:30:47,328+0800 WARN  xelatex.core - still open: C:\Users\Lenovo\patents\7_SASPH-6G_Slice-Adaptive_Split-PQC_Handshake\.miktex-local\install\fonts/tfm/public/cm\cmmi8.tfm
2026-03-28 14:30:47,328+0800 WARN  xelatex.core - still open: C:\Users\Lenovo\patents\7_SASPH-6G_Slice-Adaptive_Split-PQC_Handshake\.miktex-local\install\fonts/tfm/public/cm\cmsy8.tfm
2026-03-28 14:30:47,328+0800 WARN  xelatex.core - still open: C:\Users\Lenovo\patents\7_SASPH-6G_Slice-Adaptive_Split-PQC_Handshake\.miktex-local\install\fonts/tfm/public/cm\cmex10.tfm
